date,year,month,day,day_of_week,day_name,week_of_year,quarter,is_public_holiday,is_school_holiday,temperature,precipitation,weather_type,special_exhibition,local_event,marketing_campaign,ticket_promotion,ticket_price,visitors_last_week,visitors_last_2weeks,visitors_last_month,visitors_7day_avg,visitors_14day_avg,visitors_30day_avg,visitors_same_day_last_year,visitors,dow_sin,dow_cos,month_sin,month_cos,doy,doy_sin,doy_cos,woy_sin,woy_cos,is_weekend,season,season_Autumn,season_Spring,season_Summer,season_Winter,weather_encoded,weather_Cloudy,weather_Partly Cloudy,weather_Rainy,weather_Sunny,days_since_start,weekend_x_public_holiday,weekend_x_school_holiday,exhibition_x_weekend,sunny_weekend,marketing_x_exhibition,any_boost,boost_count,visitors_lag_1,visitors_lag_2,visitors_lag_3,visitors_lag_14,visitors_lag_21,visitors_lag_28,visitors_lag_60,visitors_lag_90,rolling_mean_3d,rolling_std_3d,rolling_max_3d,rolling_min_3d,rolling_mean_7d,rolling_std_7d,rolling_max_7d,rolling_min_7d,rolling_mean_14d,rolling_std_14d,rolling_max_14d,rolling_min_14d,rolling_mean_30d,rolling_std_30d,rolling_max_30d,rolling_min_30d,rolling_mean_60d,rolling_std_60d,rolling_max_60d,rolling_min_60d,rolling_mean_90d,rolling_std_90d,rolling_max_90d,rolling_min_90d,ewma_7d,ewma_14d,ewma_30d,lag_7_same_dow,lag_14_same_dow,lag_21_same_dow,lag_28_same_dow,mean_last_4_same_dow,visitors_log
2023-04-01,2023,4,1,5,Saturday,13,2,0,1,23.4,0.2,Sunny,1,0,0,0,25,557.0,488.0,350.0,494.8571428571428,516.1428571428571,452.53333333333336,380.9425444596443,848,-0.9749279121818236,-0.2225209339563146,1.0,6.123233995736766e-17,91,0.9999907397361901,0.004303538296244289,1.0,-1.6081226496766364e-16,1,Autumn,1,0,0,0,3,0,0,0,1,90,0,1,1,1,0,1,2,438.0,390.0,359.0,488.0,486.0,461.0,415.0,931.0,395.6666666666667,39.80368492154028,438.0,359.0,453.2857142857143,201.16470390015758,856.0,263.0,490.42857142857144,152.21680604964786,856.0,263.0,435.93333333333334,126.50471800751511,856.0,263.0,473.95,180.70271728421326,1143.0,225.0,451.46666666666664,174.03752662617714,1143.0,216.0,434.1447018070164,454.24500150005906,458.3792300060471,557.0,488.0,486.0,461.0,498.0,6.744059186311348
2023-04-02,2023,4,2,6,Sunday,13,2,0,1,9.2,1.8,Cloudy,1,0,1,0,25,856.0,515.0,280.0,436.7142857142857,511.4285714285714,458.1666666666667,380.9425444596443,449,-0.7818314824680299,0.6234898018587334,1.0,6.123233995736766e-17,92,0.9999166586547379,-0.01291029607500882,1.0,-1.6081226496766364e-16,1,Autumn,1,0,0,0,1,1,0,0,0,91,0,1,1,0,1,1,3,848.0,438.0,390.0,515.0,490.0,427.0,602.0,423.0,558.6666666666666,251.7167720540952,848.0,390.0,494.85714285714283,250.24949455255555,856.0,263.0,516.1428571428571,179.7014006806666,856.0,263.0,452.53333333333336,146.00985638277828,856.0,263.0,481.1666666666667,186.8502678587057,1143.0,225.0,450.5444444444444,171.67176422379532,1143.0,216.0,537.6085263552623,506.74566796671786,483.5160538766247,856.0,515.0,490.0,427.0,572.0,6.1092475827643655
2023-04-03,2023,4,3,0,Monday,14,2,0,1,22.0,1.6,Cloudy,1,0,1,0,25,263.0,387.0,461.0,473.2857142857143,520.8571428571429,460.1,380.9425444596443,519,0.0,1.0,1.0,6.123233995736766e-17,93,0.9995462806873573,-0.030120304846908114,0.992708874098054,-0.12053668025532288,0,Autumn,1,0,0,0,1,1,0,0,0,92,0,0,0,0,1,1,3,449.0,848.0,438.0,387.0,469.0,426.0,1104.0,216.0,578.3333333333334,233.60293947922258,848.0,438.0,436.7142857142857,193.11629854029601,848.0,263.0,511.42857142857144,180.59717788310186,856.0,263.0,458.1666666666667,142.33764697762305,856.0,263.0,478.6166666666667,186.21621219328844,1143.0,225.0,450.8333333333333,171.64676623679975,1143.0,216.0,515.4563947664467,499.0462455711555,481.28921169103603,263.0,387.0,469.0,426.0,386.25,6.253828811575473
2023-04-04,2023,4,4,1,Tuesday,14,2,0,1,15.9,0.5,Cloudy,1,0,0,0,25,310.0,531.0,427.0,476.57142857142856,506.7142857142857,456.9666666666666,380.9425444596443,333,0.7818314824680298,0.6234898018587336,1.0,6.123233995736766e-17,94,0.9988797155850336,-0.04732138832243185,0.992708874098054,-0.12053668025532288,0,Autumn,1,0,0,0,1,1,0,0,0,93,0,0,0,0,0,1,2,519.0,449.0,848.0,531.0,300.0,295.0,431.0,272.0,605.3333333333334,213.05007236171815,848.0,449.0,473.2857142857143,178.4168473787479,848.0,310.0,520.8571428571429,177.01145427642535,856.0,263.0,460.1,142.77069872278804,856.0,263.0,468.8666666666667,167.26792338069603,1143.0,225.0,454.2,169.95215453609492,1143.0,225.0,516.3422960748351,501.7067461616681,483.72216577548534,310.0,531.0,300.0,295.0,359.0,5.8111409929767
2023-04-05,2023,4,5,2,Wednesday,14,2,0,1,11.9,2.0,Cloudy,1,0,0,0,25,359.0,543.0,426.0,476.0,493.2857142857143,454.6,380.9425444596443,355,0.9749279121818236,-0.22252093395631434,1.0,6.123233995736766e-17,95,0.9979171608653922,-0.06450844944931623,0.992708874098054,-0.12053668025532288,0,Autumn,1,0,0,0,1,1,0,0,0,94,0,0,0,0,0,1,2,333.0,519.0,449.0,543.0,382.0,431.0,631.0,246.0,433.6666666666667,93.94324527784445,519.0,333.0,476.57142857142856,175.08936493769605,848.0,333.0,506.7142857142857,183.91403868757192,856.0,263.0,456.96666666666664,144.54267555802082,856.0,263.0,467.23333333333335,168.12025222750395,1143.0,225.0,454.8777777777778,169.33789290213323,1143.0,225.0,470.5067220561263,479.21251334011237,473.9981550802928,359.0,543.0,382.0,431.0,428.75,5.87493073085203
2023-04-06,2023,4,6,3,Thursday,14,2,0,1,10.2,3.4,Cloudy,1,0,0,0,25,390.0,581.0,295.0,475.0,479.1428571428572,457.53333333333336,380.9425444596443,383,0.43388373911755823,-0.900968867902419,1.0,6.123233995736766e-17,96,0.9966589017541702,-0.08167639533042241,0.992708874098054,-0.12053668025532288,0,Autumn,1,0,0,0,1,1,0,0,0,95,0,0,0,0,0,1,2,355.0,333.0,519.0,581.0,338.0,283.0,690.0,436.0,402.3333333333333,101.63332786705955,519.0,333.0,476.0,175.5429671998663,848.0,333.0,493.2857142857143,187.88148005977231,856.0,263.0,454.6,145.64425246422215,856.0,263.0,462.6333333333333,167.3374715314268,1143.0,225.0,456.0888888888889,168.21325713259364,1143.0,225.0,441.6300415420947,462.650844894764,466.320854752532,390.0,581.0,338.0,283.0,398.0,5.950642552587727
2023-04-07,2023,4,7,4,Friday,14,2,1,1,14.7,0.1,Sunny,1,0,1,0,25,438.0,648.0,431.0,528.1428571428571,490.7142857142857,470.1666666666667,380.9425444596443,810,-0.433883739117558,-0.9009688679024191,1.0,6.123233995736766e-17,97,0.9951053111006976,-0.09882013873287143,0.992708874098054,-0.12053668025532288,0,Autumn,1,0,0,0,3,0,0,0,1,96,0,0,0,0,1,1,4,383.0,355.0,333.0,648.0,447.0,347.0,346.0,459.0,357.0,25.0599281722805,383.0,333.0,475.0,176.13347211702833,848.0,333.0,479.14285714285717,188.2228046115142,856.0,263.0,457.53333333333336,143.18440806401964,856.0,263.0,457.51666666666665,164.94390332151673,1143.0,225.0,455.5,168.37706814959006,1143.0,225.0,426.97253115657105,452.0307322421288,460.9453157362396,438.0,648.0,447.0,347.0,470.0,6.698268054115413
2023-04-08,2023,4,8,5,Saturday,14,2,1,1,19.2,1.4,Cloudy,1,0,0,0,25,848.0,557.0,283.0,523.8571428571429,509.3571428571428,488.0,380.9425444596443,818,-0.9749279121818236,-0.2225209339563146,1.0,6.123233995736766e-17,98,0.9932568492674143,-0.11593459959550041,0.992708874098054,-0.12053668025532288,1,Autumn,1,0,0,0,1,1,0,0,0,97,1,1,1,0,0,1,3,810.0,383.0,355.0,557.0,488.0,486.0,506.0,315.0,516.0,254.99607840121772,810.0,355.0,528.1428571428571,214.95148954390356,848.0,333.0,490.7142857142857,203.74208000517527,856.0,263.0,470.1666666666667,156.8320171686745,856.0,263.0,465.25,170.4134180481322,1143.0,225.0,459.4,172.47418305423201,1143.0,225.0,522.7293983674283,499.7599679431783,483.4649727855145,848.0,557.0,488.0,486.0,594.75,6.70808408385307
2023-04-09,2023,4,9,6,Sunday,14,2,1,1,15.0,2.3,Cloudy,1,0,0,1,20,449.0,856.0,347.0,615.4285714285714,526.0714285714286,512.7666666666667,380.9425444596443,1090,-0.7818314824680299,0.6234898018587334,1.0,6.123233995736766e-17,99,0.9911140639934547,-0.1330147065341959,0.992708874098054,-0.12053668025532288,1,Autumn,1,0,0,0,1,1,0,0,0,98,1,1,1,0,0,1,4,818.0,810.0,383.0,856.0,515.0,490.0,266.0,248.0,670.3333333333334,248.8701133791147,818.0,383.0,523.8571428571429,207.68760881945482,818.0,333.0,509.35714285714283,221.4458110977657,856.0,263.0,488.0,165.01912114911894,856.0,263.0,470.45,176.33523783321056,1143.0,225.0,464.9888888888889,175.8588871503593,1143.0,225.0,596.5470487755713,542.1919722174212,505.0478777670942,449.0,856.0,515.0,490.0,577.5,6.994849985833071
2023-04-10,2023,4,10,0,Monday,15,2,1,1,21.5,0.6,Cloudy,1,0,0,0,25,519.0,263.0,486.0,623.5714285714286,548.4285714285714,515.7666666666667,380.9425444596443,576,0.0,1.0,1.0,6.123233995736766e-17,100,0.9886775902323405,-0.1500553983446526,0.9709418174260521,-0.2393156642875575,0,Autumn,1,0,0,0,1,1,0,0,0,99,0,0,0,0,0,1,3,1090.0,818.0,810.0,263.0,387.0,469.0,412.0,414.0,906.0,159.39887076137077,1090.0,810.0,615.4285714285714,292.97944020178693,1090.0,333.0,526.0714285714286,255.79001733264153,1090.0,263.0,512.7666666666667,195.97935910549944,1090.0,263.0,484.18333333333334,191.57151089165308,1143.0,225.0,474.34444444444443,186.27400146148793,1143.0,225.0,719.9102865816785,615.2330425884317,542.7867243627655,519.0,263.0,387.0,469.0,409.5,6.3578422665081
2023-04-11,2023,4,11,1,Tuesday,15,2,0,1,9.7,0.7,Cloudy,1,0,0,0,25,333.0,310.0,490.0,624.1428571428571,550.3571428571429,510.6666666666667,380.9425444596443,337,0.7818314824680298,0.6234898018587336,1.0,6.123233995736766e-17,101,0.9859481499638304,-0.16705162550211924,0.9709418174260521,-0.2393156642875575,0,Autumn,1,0,0,0,1,1,0,0,0,100,0,0,0,0,0,1,2,576.0,1090.0,818.0,310.0,531.0,300.0,362.0,372.0,828.0,257.1458729981878,1090.0,576.0,623.5714285714286,290.635428640337,1090.0,333.0,548.4285714285714,244.4553488521322,1090.0,310.0,515.7666666666667,196.24416237016536,1090.0,263.0,486.9166666666667,191.69407934648686,1143.0,225.0,476.14444444444445,186.4669480674739,1143.0,225.0,683.9327149362589,610.0019702433074,544.9295163393614,333.0,310.0,531.0,300.0,368.5,5.823045895483019
2023-04-12,2023,4,12,2,Wednesday,15,2,0,1,15.5,1.9,Cloudy,1,0,1,0,25,355.0,359.0,469.0,643.2857142857143,559.6428571428571,511.3333333333333,380.9425444596443,489,0.9749279121818236,-0.22252093395631434,1.0,6.123233995736766e-17,102,0.9829265519799822,-0.18399835165768005,0.9709418174260521,-0.2393156642875575,0,Autumn,1,0,0,0,1,1,0,0,0,101,0,0,0,0,1,1,3,337.0,576.0,1090.0,359.0,543.0,382.0,748.0,244.0,667.6666666666666,384.77829114092884,1090.0,337.0,624.1428571428571,289.9720840422567,1090.0,337.0,550.3571428571429,242.52854142676378,1090.0,333.0,510.6666666666667,198.90689787684215,1090.0,263.0,486.5,191.99713098138932,1143.0,225.0,475.75555555555553,186.7229101998684,1143.0,225.0,597.1995362021942,573.6017075441997,531.5147088335962,355.0,359.0,543.0,382.0,409.75,6.194405391104672
2023-04-13,2023,4,13,3,Thursday,15,2,0,1,10.5,4.6,Cloudy,1,0,1,0,25,383.0,390.0,300.0,727.8571428571429,601.4285714285714,533.8333333333334,380.9425444596443,975,0.43388373911755823,-0.900968867902419,1.0,6.123233995736766e-17,103,0.9796136916454901,-0.20089055513063506,0.9709418174260521,-0.2393156642875575,0,Autumn,1,0,0,0,1,1,0,0,0,102,0,0,0,0,1,1,3,489.0,337.0,576.0,390.0,581.0,338.0,639.0,366.0,467.3333333333333,120.9641820264714,576.0,337.0,643.2857142857143,273.17986400032885,1090.0,337.0,559.6428571428571,237.06558882847904,1090.0,333.0,511.3333333333333,198.7959156822746,1090.0,263.0,482.18333333333334,188.9048268727383,1143.0,225.0,478.47777777777776,185.084932084959,1143.0,225.0,570.1496521516456,562.3214798716398,528.771824392719,383.0,390.0,581.0,338.0,423.0,6.883462586413092
2023-04-14,2023,4,14,4,Friday,15,2,0,1,17.0,3.3,Cloudy,1,0,1,0,25,810.0,438.0,382.0,667.7142857142857,597.9285714285714,534.0666666666667,380.9425444596443,389,-0.433883739117558,-0.9009688679024191,1.0,6.123233995736766e-17,104,0.9760105506323683,-0.21772323039653177,0.9709418174260521,-0.2393156642875575,0,Autumn,1,0,0,0,1,1,0,0,0,103,0,0,0,0,1,1,3,975.0,489.0,337.0,438.0,648.0,447.0,409.0,570.0,600.3333333333334,333.2526569036373,975.0,337.0,727.8571428571429,270.79600475353453,1090.0,337.0,601.4285714285714,255.68902815897127,1090.0,333.0,533.8333333333334,211.8239482623985,1090.0,263.0,487.78333333333336,198.3752728291924,1143.0,225.0,485.24444444444447,191.93235647792957,1143.0,225.0,671.3622391137342,617.3452825554211,557.5607389480275,810.0,438.0,648.0,447.0,585.75,5.966146739123692
2023-04-15,2023,4,15,5,Saturday,15,2,0,1,19.0,1.7,Cloudy,1,0,0,0,25,818.0,848.0,338.0,670.0,596.9285714285714,550.6,380.9425444596443,834,-0.9749279121818236,-0.2225209339563146,1.0,6.123233995736766e-17,105,0.9721181966290613,-0.23449138957040985,0.9709418174260521,-0.2393156642875575,1,Autumn,1,0,0,0,1,1,0,0,0,104,0,1,1,0,0,1,2,389.0,975.0,489.0,848.0,557.0,488.0,421.0,464.0,617.6666666666666,313.47301850930234,975.0,389.0,667.7142857142857,295.1664582828445,1090.0,337.0,597.9285714285714,258.41899914843566,1090.0,333.0,534.0666666666667,211.65471773676552,1090.0,263.0,487.45,198.52664296285707,1143.0,225.0,483.23333333333335,191.98256299565858,1143.0,225.0,600.7716793353006,586.899244881365,546.6858525642839,818.0,848.0,557.0,488.0,677.75,6.727431724850855
2023-04-16,2023,4,16,6,Sunday,15,2,0,1,13.8,2.6,Cloudy,1,0,1,0,25,1090.0,449.0,447.0,592.8571428571429,604.1428571428571,554.0333333333333,380.9425444596443,550,-0.7818314824680299,0.6234898018587334,1.0,6.123233995736766e-17,106,0.9679377830240642,-0.25119006388481935,0.9709418174260521,-0.2393156642875575,1,Autumn,1,0,0,0,1,1,0,0,0,105,0,1,1,0,1,1,3,834.0,389.0,975.0,449.0,856.0,515.0,334.0,380.0,732.6666666666666,305.8599897556617,975.0,389.0,670.0,296.5827596697647,1090.0,337.0,596.9285714285714,257.40194975225774,1090.0,333.0,550.6,215.15441127166127,1090.0,263.0,494.3333333333333,203.2863611577727,1143.0,225.0,487.34444444444443,195.49551913662083,1143.0,225.0,659.0787595014755,619.8460122305164,565.2222491730398,1090.0,449.0,856.0,515.0,727.5,6.311734809152915
2023-04-17,2023,4,17,0,Monday,16,2,0,1,5.1,0.9,Cloudy,1,0,0,0,25,576.0,519.0,488.0,565.4285714285714,594.5,550.5666666666667,380.9425444596443,384,0.0,1.0,1.0,6.123233995736766e-17,107,0.9634705485641488,-0.2678143051621742,0.9350162426854148,-0.35460488704253545,0,Autumn,1,0,0,0,1,1,0,0,0,106,0,0,0,0,0,1,2,550.0,834.0,389.0,519.0,263.0,387.0,379.0,358.0,591.0,225.31533458688529,834.0,389.0,592.8571428571429,232.41875180474628,975.0,337.0,604.1428571428571,254.3340798552649,1090.0,333.0,554.0333333333333,214.26417521743852,1090.0,263.0,497.93333333333334,202.3091162826665,1143.0,225.0,489.23333333333335,195.26783968048386,1143.0,225.0,631.8090696261066,610.5332105997809,564.2401685812308,576.0,519.0,263.0,387.0,436.25,5.953243334287785
2023-04-18,2023,4,18,1,Tuesday,16,2,0,1,16.3,2.0,Cloudy,1,0,0,0,25,337.0,333.0,515.0,567.2857142857143,595.7142857142857,545.0666666666667,380.9425444596443,350,0.7818314824680298,0.6234898018587336,1.0,6.123233995736766e-17,108,0.9587178169872964,-0.2843591872810034,0.9350162426854148,-0.35460488704253545,0,Autumn,1,0,0,0,1,1,0,0,0,107,0,0,0,0,0,1,2,384.0,550.0,834.0,333.0,310.0,531.0,740.0,387.0,589.3333333333334,227.56391043689987,834.0,384.0,565.4285714285714,245.690087402034,975.0,337.0,594.5,260.2997532431823,1090.0,333.0,550.5666666666667,216.20196230780869,1090.0,263.0,498.01666666666665,202.26031989900974,1143.0,225.0,489.52222222222224,195.09065756504987,1143.0,225.0,569.85680221958,580.3287825198101,552.6117706082482,337.0,333.0,310.0,531.0,377.75,5.860786223465865
2023-04-19,2023,4,19,2,Wednesday,16,2,0,0,17.2,1.3,Cloudy,1,0,0,0,25,489.0,355.0,387.0,533.2857142857143,588.2857142857143,540.5333333333333,380.9425444596443,251,0.9749279121818236,-0.22252093395631434,1.0,6.123233995736766e-17,109,0.9536809966304457,-0.30081980763566735,0.9350162426854148,-0.35460488704253545,0,Autumn,1,0,0,0,1,1,0,0,0,108,0,0,0,0,0,1,1,350.0,384.0,550.0,355.0,359.0,543.0,631.0,357.0,428.0,107.0140177733738,550.0,350.0,567.2857142857143,243.71685366815487,975.0,350.0,595.7142857142857,259.02254982661526,1090.0,337.0,545.0666666666667,219.21567609018786,1090.0,263.0,491.51666666666665,200.6119022160313,1143.0,225.0,489.1111111111111,195.34794336332197,1143.0,225.0,514.892601664685,549.6182781838355,539.5400434722322,489.0,355.0,359.0,543.0,436.5,5.529429087511423
2023-04-20,2023,4,20,3,Thursday,16,2,0,0,17.1,0.4,Sunny,1,0,0,0,25,975.0,383.0,531.0,439.1428571428572,583.5,533.3666666666667,380.9425444596443,316,0.43388373911755823,-0.900968867902419,1.0,6.123233995736766e-17,110,0.9483615800121715,-0.3171912885891061,0.9350162426854148,-0.35460488704253545,0,Autumn,1,0,0,0,3,0,0,0,1,109,0,0,0,0,0,1,1,251.0,350.0,384.0,383.0,390.0,581.0,577.0,364.0,328.3333333333333,69.09655080634091,384.0,251.0,533.2857142857143,271.47849165002276,975.0,251.0,588.2857142857143,267.7997037315041,1090.0,251.0,540.5333333333333,223.95223218099565,1090.0,251.0,485.18333333333334,202.12636521276565,1143.0,225.0,487.93333333333334,196.46973063599336,1143.0,225.0,448.9194512485137,509.80250775932416,520.9245567966044,975.0,383.0,390.0,581.0,582.25,5.75890177387728
2023-04-21,2023,4,21,4,Friday,16,2,0,0,20.4,2.4,Cloudy,1,0,0,1,20,389.0,810.0,543.0,453.8571428571428,560.7857142857143,531.6666666666666,380.9425444596443,492,-0.433883739117558,-0.9009688679024191,1.0,6.123233995736766e-17,111,0.9427611433904207,-0.3334687789181868,0.9350162426854148,-0.35460488704253545,0,Autumn,1,0,0,0,1,1,0,0,0,110,0,0,0,0,0,1,2,316.0,251.0,350.0,810.0,438.0,648.0,339.0,433.0,305.6666666666667,50.30241876225478,350.0,251.0,439.14285714285717,196.75062775963272,834.0,251.0,583.5,272.31112014357075,1090.0,251.0,533.3666666666667,227.67694647026298,1090.0,251.0,480.8333333333333,202.92381192538176,1143.0,225.0,487.4,196.87467067923234,1143.0,225.0,415.6895884363853,483.9621733914143,507.7036176484364,389.0,810.0,438.0,648.0,571.25,6.20050917404269
2023-04-22,2023,4,22,5,Saturday,16,2,0,0,11.2,1.6,Cloudy,1,0,0,0,25,834.0,818.0,581.0,389.2857142857143,529.6428571428571,525.0333333333333,380.9425444596443,382,-0.9749279121818236,-0.2225209339563146,1.0,6.123233995736766e-17,112,0.9368813462954315,-0.3496474552512284,0.9350162426854148,-0.35460488704253545,1,Autumn,1,0,0,0,1,1,0,0,0,111,0,0,1,0,0,1,1,492.0,316.0,251.0,818.0,848.0,557.0,225.0,716.0,353.0,124.68760964907432,492.0,251.0,453.85714285714283,196.22642412226128,834.0,251.0,560.7857142857143,265.13281971101225,1090.0,251.0,531.6666666666666,227.7929085713651,1090.0,251.0,483.3833333333333,202.0708125307467,1143.0,225.0,488.05555555555554,196.78970473614044,1143.0,225.0,434.76719132728897,485.03388360589236,506.6904810259567,834.0,818.0,848.0,557.0,764.25,5.948034989180646
2023-04-23,2023,4,23,6,Sunday,16,2,0,0,18.2,0.9,Cloudy,1,0,1,0,25,550.0,1090.0,648.0,375.7142857142857,484.2857142857143,518.6,380.9425444596443,455,-0.7818314824680299,0.6234898018587334,1.0,6.123233995736766e-17,113,0.9307239310379795,-0.36572252349726897,0.9350162426854148,-0.35460488704253545,1,Autumn,1,0,0,0,1,1,0,0,0,112,0,0,1,0,1,1,2,382.0,492.0,316.0,1090.0,449.0,856.0,298.0,318.0,396.6666666666667,88.9119414552021,492.0,316.0,389.2857142857143,102.05997303173325,550.0,251.0,529.6428571428571,258.1095793360932,1090.0,251.0,525.0333333333333,229.19988014279429,1090.0,251.0,486.0,199.67049127185967,1143.0,251.0,484.34444444444443,195.58843289200044,1143.0,225.0,421.57539349546676,471.29603245844004,498.64593386299174,550.0,1090.0,449.0,856.0,736.25,6.1224928095143865
2023-04-24,2023,4,24,0,Monday,17,2,0,0,20.3,4.8,Cloudy,1,0,0,0,25,384.0,576.0,557.0,372.8571428571428,469.1428571428572,512.1666666666666,380.9425444596443,364,0.0,1.0,1.0,6.123233995736766e-17,114,0.9242907221930934,-0.3816892202666588,0.8854560256532099,-0.4647231720437685,0,Autumn,1,0,0,0,1,1,0,0,0,113,0,0,0,0,0,1,1,455.0,382.0,492.0,576.0,519.0,263.0,495.0,254.0,443.0,55.97320787662588,492.0,382.0,375.7142857142857,81.34026121938702,492.0,251.0,484.2857142857143,201.69223644394012,975.0,251.0,518.6,228.3363520230023,1090.0,251.0,488.6166666666667,198.18824228124913,1143.0,251.0,485.8666666666667,194.81083881896387,1143.0,225.0,429.93154512160004,469.12322813064804,495.8300671621536,384.0,576.0,519.0,263.0,435.5,5.8998973535824915
2023-04-25,2023,4,25,1,Tuesday,17,2,1,0,8.4,0.0,Partly Cloudy,1,0,0,0,25,350.0,337.0,856.0,373.7142857142857,470.5,495.5,380.9425444596443,356,0.7818314824680298,0.6234898018587336,1.0,6.123233995736766e-17,115,0.9175836260593937,-0.39754281428255595,0.8854560256532099,-0.4647231720437685,0,Autumn,1,0,0,0,2,0,1,0,0,114,0,0,0,0,0,1,2,364.0,455.0,382.0,337.0,333.0,310.0,478.0,252.0,400.3333333333333,48.190593826319336,455.0,364.0,372.85714285714283,81.35196898135212,492.0,251.0,469.14285714285717,202.2343869196019,975.0,251.0,512.1666666666666,229.93043675669918,1090.0,251.0,486.43333333333334,198.83724429169237,1143.0,251.0,487.0888888888889,193.6815783902546,1143.0,225.0,413.44865884120003,455.1067977132283,487.32490153878894,350.0,337.0,333.0,310.0,332.5,5.877735781779639
2023-04-26,2023,4,26,2,Wednesday,17,2,0,0,16.8,0.8,Cloudy,1,0,0,0,25,251.0,489.0,263.0,377.2857142857143,455.2857142857143,495.9333333333333,380.9425444596443,276,0.9749279121818236,-0.22252093395631434,1.0,6.123233995736766e-17,116,0.9106046300942163,-0.4132786077829042,0.8854560256532099,-0.4647231720437685,0,Autumn,1,0,0,0,1,1,0,0,0,115,0,0,0,0,0,1,1,356.0,364.0,455.0,489.0,355.0,359.0,1143.0,594.0,391.6666666666667,54.99393905998445,455.0,356.0,373.7142857142857,81.1022282589785,492.0,251.0,470.5,201.34117619297157,975.0,251.0,495.5,222.13738370967485,1090.0,251.0,484.4,199.5474710948225,1143.0,251.0,488.24444444444447,192.57027382762752,1143.0,225.0,399.0864941309,441.89255801813124,478.8523272459639,251.0,489.0,355.0,359.0,363.5,5.6240175061873385
2023-04-27,2023,4,27,3,Thursday,17,2,0,0,13.5,0.1,Sunny,1,0,0,0,25,316.0,975.0,310.0,384.4285714285714,411.7857142857143,497.8,380.9425444596443,366,0.43388373911755823,-0.900968867902419,1.0,6.123233995736766e-17,117,0.9033558023246845,-0.4288919379124835,0.8854560256532099,-0.4647231720437685,0,Autumn,1,0,0,0,3,0,0,0,1,116,0,0,0,0,0,1,1,276.0,356.0,364.0,975.0,383.0,390.0,578.0,403.0,332.0,48.66210024238496,364.0,276.0,377.2857142857143,75.12814449484372,492.0,276.0,455.2857142857143,207.78036798186997,975.0,251.0,495.93333333333334,221.6804057621029,1090.0,251.0,469.95,181.63480076091605,1090.0,251.0,484.7111111111111,193.52305814155434,1143.0,225.0,368.314870598175,419.7735502823804,465.7650803268695,316.0,975.0,383.0,390.0,516.0,5.905361848054571
2023-04-28,2023,4,28,4,Friday,17,2,0,0,15.2,2.9,Cloudy,1,0,0,0,25,492.0,389.0,359.0,362.8571428571428,408.3571428571428,497.2,380.9425444596443,341,-0.433883739117558,-0.9009688679024191,1.0,6.123233995736766e-17,118,0.895839290734909,-0.4443781781046132,0.8854560256532099,-0.4647231720437685,0,Autumn,1,0,0,0,1,1,0,0,0,117,0,0,0,0,0,1,1,366.0,276.0,356.0,389.0,810.0,438.0,487.0,550.0,332.6666666666667,49.328828623161684,366.0,276.0,384.42857142857144,70.5687776637261,492.0,276.0,411.7857142857143,144.81350264892603,834.0,251.0,497.8,220.29218841316657,1090.0,251.0,466.4166666666667,181.55928122481123,1090.0,251.0,484.3,193.73777308284807,1143.0,225.0,367.73615294863123,412.6037435780631,459.32862353158765,492.0,389.0,810.0,438.0,532.25,5.834810737062605
2023-04-29,2023,4,29,5,Saturday,17,2,0,0,16.9,2.4,Cloudy,1,0,0,0,25,382.0,834.0,390.0,371.0,380.1428571428572,498.8333333333333,380.9425444596443,439,-0.9749279121818236,-0.2225209339563146,1.0,6.123233995736766e-17,119,0.8880573226294932,-0.45973273945210397,0.8854560256532099,-0.4647231720437685,1,Autumn,1,0,0,0,1,1,0,0,0,118,0,0,1,0,0,1,1,341.0,366.0,276.0,834.0,818.0,848.0,339.0,499.0,327.6666666666667,46.45786621588698,366.0,276.0,362.85714285714283,53.130118801011015,455.0,276.0,408.35714285714283,145.9581642604677,834.0,251.0,497.2,220.70738937366357,1090.0,251.0,463.98333333333335,182.25577963137297,1090.0,251.0,481.97777777777776,194.193461847251,1143.0,225.0,361.05211471147345,403.05657776765463,451.6945187876143,382.0,834.0,818.0,848.0,720.5,6.0867747269123065
2023-04-30,2023,4,30,6,Sunday,17,2,0,0,13.6,0.8,Cloudy,1,0,0,0,25,455.0,550.0,438.0,360.8571428571428,368.2857142857143,497.03333333333336,380.9425444596443,384,-0.7818314824680299,0.6234898018587334,1.0,6.123233995736766e-17,120,0.8800122039735357,-0.47495107206704995,0.8854560256532099,-0.4647231720437685,1,Autumn,1,0,0,0,1,1,0,0,0,119,0,0,1,0,0,1,1,439.0,341.0,366.0,550.0,1090.0,449.0,334.0,354.0,382.0,50.92150822589552,439.0,341.0,371.0,60.420746988651906,455.0,276.0,380.14285714285717,81.13223502677283,550.0,251.0,498.8333333333333,220.06708747222007,1090.0,251.0,465.65,181.54934194130826,1090.0,251.0,481.31111111111113,194.2373530332369,1143.0,225.0,380.5390860336051,407.84903406530066,450.8755175755102,455.0,550.0,1090.0,449.0,636.0,5.953243334287785
2023-05-01,2023,5,1,0,Monday,18,2,0,0,10.0,2.3,Cloudy,0,0,0,0,25,364.0,384.0,848.0,336.85714285714283,354.85714285714283,475.3,380.9425444596443,196,0.0,1.0,0.8660254037844387,-0.4999999999999998,121,0.8717063187093219,-0.49002866642905923,0.8229838658936565,-0.5680647467311557,0,Autumn,1,0,0,0,1,1,0,0,0,120,0,0,0,0,0,0,0,384.0,439.0,341.0,384.0,576.0,519.0,350.0,415.0,388.0,49.12229636326001,439.0,341.0,360.85714285714283,48.814029989435866,439.0,276.0,368.2857142857143,64.90635689079384,492.0,251.0,497.03333333333336,220.8014372975042,1090.0,251.0,466.48333333333335,181.0488736025949,1090.0,251.0,481.64444444444445,194.04206141453585,1143.0,225.0,381.4043145252038,404.6691628565939,446.56096805450954,364.0,384.0,576.0,519.0,460.75,5.2832037287379885
2023-05-02,2023,5,2,1,Tuesday,18,2,0,0,12.1,1.0,Cloudy,0,0,1,0,25,356.0,350.0,449.0,314.85714285714283,344.2857142857143,467.06666666666666,380.9425444596443,202,0.7818314824680298,0.6234898018587336,0.8660254037844387,-0.4999999999999998,122,0.8631421280499114,-0.5049610547215204,0.8229838658936565,-0.5680647467311557,0,Autumn,1,0,0,0,1,1,0,0,0,121,0,0,0,0,0,1,1,196.0,384.0,439.0,350.0,337.0,333.0,280.0,602.0,339.6666666666667,127.4218714873285,439.0,196.0,336.85714285714283,78.9861350099468,439.0,196.0,354.85714285714283,79.26475319397032,492.0,196.0,475.3,217.12210929527097,1090.0,196.0,463.9166666666667,183.79892215492114,1090.0,196.0,479.2111111111111,196.24780794278206,1143.0,196.0,335.05323589390287,376.84660780904807,430.3957443090573,356.0,350.0,337.0,333.0,344.0,5.313205979041787
2023-05-03,2023,5,3,2,Wednesday,18,2,0,0,8.7,2.8,Cloudy,0,0,0,0,25,276.0,251.0,519.0,294.42857142857144,335.85714285714283,454.2,380.9425444596443,133,0.9749279121818236,-0.22252093395631434,0.8660254037844387,-0.4999999999999998,123,0.854322169749827,-0.5197438121555155,0.8229838658936565,-0.5680647467311557,0,Autumn,1,0,0,0,1,1,0,0,0,122,0,0,0,0,0,0,0,202.0,196.0,384.0,251.0,489.0,355.0,461.0,1104.0,260.6666666666667,106.85192245969758,384.0,196.0,314.85714285714283,92.97388266143818,439.0,196.0,344.2857142857143,89.20799254588043,492.0,196.0,467.06666666666666,222.7636652928674,1090.0,196.0,462.6166666666667,185.39075468022668,1090.0,196.0,474.76666666666665,197.95772162399172,1143.0,196.0,301.78992692042715,353.5337267678417,415.6605349987956,276.0,251.0,489.0,355.0,342.75,4.897839799950911
2023-05-04,2023,5,4,3,Thursday,18,2,0,0,8.7,1.2,Cloudy,0,0,0,0,25,366.0,316.0,333.0,267.0,325.7142857142857,448.9,380.9425444596443,174,0.43388373911755823,-0.900968867902419,0.8660254037844387,-0.4999999999999998,124,0.8452490573530633,-0.5343725582809786,0.8229838658936565,-0.5680647467311557,0,Autumn,1,0,0,0,1,1,0,0,0,123,0,0,0,0,0,0,0,133.0,202.0,196.0,316.0,975.0,383.0,427.0,431.0,177.0,38.22302970723087,202.0,133.0,294.42857142857144,115.83444672298074,439.0,133.0,335.85714285714283,103.18009434058388,492.0,133.0,454.2,230.66790578366272,1090.0,133.0,457.15,190.21244367499617,1090.0,133.0,463.97777777777776,189.56069721223997,1143.0,133.0,259.59244519032035,324.12922986546283,397.4243714504862,366.0,316.0,975.0,383.0,510.0,5.1647859739235145
2023-05-05,2023,5,5,4,Friday,18,2,0,0,14.0,1.1,Cloudy,0,0,0,0,25,341.0,492.0,355.0,256.2857142857143,309.57142857142856,445.9333333333333,380.9425444596443,266,-0.433883739117558,-0.9009688679024191,0.8660254037844387,-0.4999999999999998,125,0.8359254794186372,-0.548842958284719,0.8229838658936565,-0.5680647467311557,0,Autumn,1,0,0,0,1,1,0,0,0,124,0,0,0,0,0,0,0,174.0,133.0,202.0,492.0,389.0,810.0,426.0,631.0,169.66666666666666,34.70350606686857,202.0,133.0,267.0,118.75745590628551,439.0,133.0,325.7142857142857,111.8937879429403,492.0,133.0,448.9,235.32828866984067,1090.0,133.0,452.93333333333334,193.66508454481786,1090.0,133.0,461.1222222222222,191.98331082533107,1143.0,133.0,238.19433389274025,304.11199921673443,383.00989587303553,341.0,492.0,389.0,810.0,508.0,5.58724865840025
2023-05-06,2023,5,6,5,Saturday,18,2,0,0,8.6,5.5,Rainy,0,0,0,0,25,439.0,382.0,383.0,216.14285714285717,293.57142857142856,438.4333333333333,380.9425444596443,158,-0.9749279121818236,-0.2225209339563146,0.8660254037844387,-0.4999999999999998,126,0.8263541987239096,-0.5631507242749186,0.8229838658936565,-0.5680647467311557,1,Autumn,1,0,0,0,0,0,0,1,0,125,0,0,0,0,0,0,0,266.0,174.0,133.0,382.0,834.0,818.0,295.0,690.0,191.0,68.11020481543027,266.0,133.0,256.2857142857143,114.2668139133352,439.0,133.0,309.57142857142856,101.91603956629704,455.0,133.0,445.93333333333334,237.10712453603568,1090.0,133.0,450.26666666666665,195.13818369161712,1090.0,133.0,457.06666666666666,192.20949479055517,1143.0,133.0,245.14575041955518,299.03039932116985,375.46087033283976,439.0,382.0,834.0,818.0,618.25,5.0689042022202315
2023-05-07,2023,5,7,6,Sunday,18,2,0,0,14.0,0.6,Cloudy,0,0,0,0,25,384.0,455.0,810.0,196.28571428571428,278.57142857142856,419.6,380.9425444596443,245,-0.7818314824680299,0.6234898018587334,0.8660254037844387,-0.4999999999999998,127,0.8165380514459161,-0.5772916165517272,0.8229838658936565,-0.5680647467311557,1,Autumn,1,0,0,0,1,1,0,0,0,126,0,0,0,0,0,0,0,158.0,266.0,174.0,455.0,550.0,1090.0,431.0,346.0,199.33333333333334,58.28664798505054,266.0,158.0,216.14285714285714,84.98711386915978,384.0,133.0,293.57142857142856,107.1208622112379,455.0,133.0,438.43333333333334,242.65992712000278,1090.0,133.0,447.98333333333335,197.76955359125338,1090.0,133.0,451.15555555555557,193.14365097669983,1143.0,133.0,223.3593128146664,280.2263460783472,361.4311367629791,384.0,455.0,550.0,1090.0,619.75,5.5053315359323625
2023-05-08,2023,5,8,0,Monday,19,2,0,0,13.4,0.3,Sunny,0,0,1,0,25,196.0,364.0,818.0,204.42857142857144,270.6428571428572,400.76666666666665,380.9425444596443,253,0.0,1.0,0.8660254037844387,-0.4999999999999998,128,0.8064799463209448,-0.5912614448635781,0.7485107481711013,-0.663122658240795,0,Autumn,1,0,0,0,3,0,0,0,1,127,0,0,0,0,0,1,1,245.0,158.0,266.0,364.0,384.0,576.0,283.0,506.0,223.0,57.26255320888053,266.0,158.0,196.28571428571428,46.963511672056995,266.0,133.0,278.57142857142856,97.00254896390297,439.0,133.0,419.6,234.6196628735464,1090.0,133.0,444.8833333333333,199.4905453489359,1090.0,133.0,450.03333333333336,194.05278153758044,1143.0,133.0,228.7694846109998,275.5294999345676,353.9194505202063,196.0,364.0,384.0,576.0,380.0,5.537334267018537
2023-05-09,2023,5,9,1,Tuesday,19,2,0,0,6.8,1.8,Cloudy,0,0,0,0,25,202.0,356.0,1090.0,199.8571428571429,257.35714285714283,370.1,380.9425444596443,170,0.7818314824680298,0.6234898018587336,0.8660254037844387,-0.4999999999999998,129,0.7961828637826158,-0.6050560696488488,0.7485107481711013,-0.663122658240795,0,Autumn,1,0,0,0,1,1,0,0,0,128,0,0,0,0,0,0,0,253.0,245.0,158.0,356.0,350.0,337.0,347.0,266.0,218.66666666666666,52.69092268439798,253.0,158.0,204.42857142857142,51.61671932897054,266.0,133.0,270.64285714285717,93.97185105769,439.0,133.0,400.76666666666665,223.97177829196332,1090.0,133.0,444.3833333333333,199.9402530814141,1090.0,133.0,447.22222222222223,195.06281199710963,1143.0,133.0,234.82711345824984,272.52556660995856,347.4085182285801,202.0,356.0,350.0,337.0,311.25,5.14166355650266
2023-05-10,2023,5,10,2,Wednesday,19,2,0,0,10.0,7.0,Rainy,0,0,0,0,25,133.0,276.0,576.0,202.0,248.2142857142857,355.8333333333333,380.9425444596443,148,0.9749279121818236,-0.22252093395631434,0.8660254037844387,-0.4999999999999998,130,0.7856498550787147,-0.6186714032625031,0.7485107481711013,-0.663122658240795,0,Autumn,1,0,0,0,0,0,0,1,0,129,0,0,0,0,0,0,0,170.0,253.0,245.0,276.0,251.0,489.0,486.0,412.0,222.66666666666666,45.7857328578806,253.0,170.0,199.85714285714286,53.25857856229544,266.0,133.0,257.35714285714283,94.12398300021123,439.0,133.0,370.1,186.1344249136388,975.0,133.0,441.43333333333334,202.68831935328666,1090.0,133.0,446.15555555555557,196.323335177154,1143.0,133.0,218.62033509368737,258.8554910619641,335.9628073751233,133.0,276.0,251.0,489.0,287.25,5.003946305945459
2023-05-11,2023,5,11,3,Thursday,19,2,0,0,15.6,0.9,Cloudy,0,0,0,0,25,174.0,366.0,337.0,205.0,236.0,351.1,380.9425444596443,195,0.43388373911755823,-0.900968867902419,0.8660254037844387,-0.4999999999999998,131,0.7748840413670407,-0.6321034111873487,0.7485107481711013,-0.663122658240795,0,Autumn,1,0,0,0,1,1,0,0,0,130,0,0,0,0,0,0,0,148.0,170.0,253.0,366.0,316.0,975.0,490.0,362.0,190.33333333333334,55.37448269133711,253.0,148.0,202.0,50.34216258101492,266.0,148.0,248.21428571428572,98.29796036026832,439.0,133.0,355.8333333333333,186.21105625409135,975.0,133.0,435.8,206.09704806313704,1090.0,133.0,443.22222222222223,198.7960830768344,1143.0,133.0,200.96525132026554,244.07475892036888,323.83617464124444,174.0,366.0,316.0,975.0,457.75,5.278114659230518
2023-05-12,2023,5,12,4,Friday,19,2,0,0,9.1,0.1,Partly Cloudy,0,0,1,0,25,266.0,341.0,489.0,196.7142857142857,226.5,341.7333333333333,380.9425444596443,208,-0.433883739117558,-0.9009688679024191,0.8660254037844387,-0.4999999999999998,132,0.7638886127905428,-0.6453481132295501,0.7485107481711013,-0.663122658240795,0,Autumn,1,0,0,0,2,0,1,0,0,131,0,0,0,0,0,1,1,195.0,148.0,170.0,341.0,492.0,389.0,469.0,748.0,171.0,23.5159520326065,195.0,148.0,205.0,49.00340124249887,266.0,148.0,236.0,93.01860856012308,439.0,133.0,351.1,188.49702275157267,975.0,133.0,430.8833333333333,208.28924573056017,1090.0,133.0,441.3666666666667,200.3361472877832,1143.0,133.0,199.47393849019915,237.53145773098638,315.52416337406737,266.0,341.0,492.0,389.0,372.0,5.342334251964811
2023-05-13,2023,5,13,5,Saturday,19,2,0,0,10.6,0.8,Cloudy,0,0,0,0,25,158.0,439.0,975.0,214.8571428571429,215.5,318.7333333333333,380.9425444596443,285,-0.9749279121818236,-0.2225209339563146,0.8660254037844387,-0.4999999999999998,133,0.7526668275320084,-0.6584015846980488,0.7485107481711013,-0.663122658240795,1,Autumn,1,0,0,0,1,1,0,0,0,132,0,0,0,0,0,0,0,208.0,195.0,148.0,439.0,382.0,834.0,300.0,639.0,183.66666666666666,31.56474826975797,208.0,148.0,196.71428571428572,41.262227624928755,253.0,148.0,226.5,88.13342158341442,439.0,133.0,341.73333333333335,188.389898940969,975.0,133.0,426.53333333333336,210.19639457846404,1090.0,133.0,435.3666666666667,199.13218747828702,1143.0,133.0,201.60545386764937,233.59393003352153,308.58712057574047,158.0,439.0,382.0,834.0,453.25,5.655991810819852
2023-05-14,2023,5,14,6,Sunday,19,2,0,0,13.4,1.4,Cloudy,0,0,0,1,20,245.0,384.0,389.0,217.57142857142856,206.92857142857144,314.56666666666666,380.9425444596443,264,-0.7818314824680299,0.6234898018587334,0.8660254037844387,-0.4999999999999998,134,0.741222010848596,-0.6712599575675313,0.7485107481711013,-0.663122658240795,1,Autumn,1,0,0,0,1,1,0,0,0,133,0,0,0,0,0,0,1,285.0,208.0,195.0,384.0,455.0,550.0,382.0,409.0,229.33333333333334,48.64497233356403,285.0,195.0,214.85714285714286,48.66014307222629,285.0,148.0,215.5,66.53483760695947,384.0,133.0,318.73333333333335,145.69143901512834,834.0,133.0,426.28333333333336,210.35829738053164,1090.0,133.0,431.43333333333334,198.56010043094278,1143.0,133.0,222.45409040073702,240.44807269571868,307.0653708611766,245.0,384.0,455.0,550.0,408.5,5.579729825986222
2023-05-15,2023,5,15,0,Monday,20,2,0,0,14.4,0.4,Partly Cloudy,0,0,0,0,25,253.0,196.0,834.0,212.7142857142857,208.57142857142856,294.06666666666666,380.9425444596443,219,0.0,1.0,0.8660254037844387,-0.4999999999999998,135,0.7295575540864875,-0.6839194216246106,0.6631226582407952,-0.7485107481711012,0,Autumn,1,0,0,0,2,0,1,0,0,134,0,0,0,0,0,0,0,264.0,285.0,208.0,196.0,364.0,384.0,338.0,421.0,252.33333333333334,39.80368492153987,285.0,208.0,217.57142857142858,51.09095530801634,285.0,148.0,206.92857142857142,48.421966225946065,285.0,133.0,314.56666666666666,145.39973043027078,834.0,133.0,424.31666666666666,211.32868540933146,1090.0,133.0,429.8222222222222,199.33093581412382,1143.0,133.0,232.84056780055278,243.58832966962285,304.28695983787486,253.0,196.0,364.0,384.0,299.25,5.393627546352361
2023-05-16,2023,5,16,1,Tuesday,20,2,0,0,11.2,2.1,Cloudy,0,0,0,0,25,170.0,202.0,550.0,217.42857142857144,208.64285714285717,282.5,380.9425444596443,203,0.7818314824680298,0.6234898018587336,0.8660254037844387,-0.4999999999999998,136,0.717676913675962,-0.6963762255968722,0.6631226582407952,-0.7485107481711012,0,Autumn,1,0,0,0,1,1,0,0,0,135,0,0,0,0,0,0,0,219.0,264.0,285.0,202.0,356.0,350.0,447.0,334.0,256.0,33.71943060017309,285.0,219.0,212.71428571428572,48.7227335225023,285.0,148.0,208.57142857142858,48.41283092117261,285.0,133.0,294.06666666666666,108.24714166277522,550.0,133.0,422.3333333333333,212.706423501666,1090.0,133.0,427.5777777777778,200.56481917733097,1143.0,133.0,229.38042585041458,240.30988571367314,298.7845753322055,170.0,202.0,356.0,350.0,269.5,5.318119993844216
2023-05-17,2023,5,17,2,Wednesday,20,2,0,0,10.2,12.2,Rainy,0,0,1,0,25,148.0,133.0,384.0,215.8571428571429,208.92857142857144,274.26666666666665,380.9425444596443,137,0.9749279121818236,-0.22252093395631434,0.8660254037844387,-0.4999999999999998,137,0.705583610107178,-0.7086266782644596,0.6631226582407952,-0.7485107481711012,0,Autumn,1,0,0,0,0,0,0,1,0,136,0,0,0,0,0,1,1,203.0,219.0,264.0,133.0,276.0,251.0,488.0,379.0,228.66666666666666,31.628046625316752,264.0,203.0,217.42857142857142,45.38302598570369,285.0,148.0,208.64285714285714,48.403126318064274,285.0,133.0,282.5,98.01187472039754,492.0,133.0,418.26666666666665,214.5513147633141,1090.0,133.0,426.1222222222222,201.72357478544677,1143.0,133.0,222.78531938781094,235.3352342851834,292.60492531077296,148.0,133.0,276.0,251.0,202.0,4.927253685157205
2023-05-18,2023,5,18,3,Thursday,20,2,0,0,16.3,1.2,Cloudy,0,0,0,0,25,195.0,174.0,350.0,211.28571428571428,208.14285714285717,268.03333333333336,380.9425444596443,163,0.43388373911755823,-0.900968867902419,0.8660254037844387,-0.4999999999999998,138,0.6932812268869777,-0.7206671495538609,0.6631226582407952,-0.7485107481711012,0,Autumn,1,0,0,0,1,1,0,0,0,137,0,0,0,0,0,0,0,137.0,203.0,219.0,174.0,366.0,316.0,515.0,740.0,186.33333333333334,43.466462167206465,219.0,137.0,215.85714285714286,48.28536207253912,285.0,137.0,208.92857142857142,47.93178531993037,285.0,137.0,274.26666666666665,99.55380916640124,492.0,133.0,412.4166666666667,217.38424090096876,1090.0,133.0,423.43333333333334,203.9592408058835,1143.0,133.0,201.33898954085822,222.2238697138256,282.56589787136824,195.0,174.0,366.0,316.0,262.75,5.099866427824199
2023-05-19,2023,5,19,4,Friday,20,2,0,0,17.2,0.9,Cloudy,0,0,0,0,25,208.0,266.0,251.0,218.42857142857144,207.57142857142856,268.26666666666665,380.9425444596443,258,-0.433883739117558,-0.9009688679024191,0.8660254037844387,-0.4999999999999998,139,0.6807734094770161,-0.7324940716135789,0.6631226582407952,-0.7485107481711012,0,Autumn,1,0,0,0,1,1,0,0,0,138,0,0,0,0,0,0,0,163.0,137.0,203.0,266.0,341.0,492.0,387.0,631.0,167.66666666666666,33.24655370610888,203.0,137.0,211.28571428571428,51.96381524905675,285.0,137.0,208.14285714285714,48.633412292462474,285.0,137.0,268.03333333333336,100.49823581684832,492.0,133.0,406.55,219.3101221125395,1090.0,133.0,417.02222222222224,202.96277279608117,1143.0,133.0,191.75424215564368,214.32735375198217,274.85196897644124,208.0,266.0,341.0,492.0,326.75,5.556828061699537
2023-05-20,2023,5,20,5,Saturday,20,2,0,0,14.9,1.0,Cloudy,0,0,0,0,25,285.0,158.0,316.0,215.0,214.92857142857144,266.43333333333334,380.9425444596443,261,-0.9749279121818236,-0.2225209339563146,0.8660254037844387,-0.4999999999999998,140,0.6680638642135335,-0.7441039398713607,0.6631226582407952,-0.7485107481711012,1,Autumn,1,0,0,0,1,1,0,0,0,139,0,0,0,0,0,0,0,258.0,163.0,137.0,158.0,439.0,382.0,531.0,577.0,186.0,63.69458375717559,258.0,137.0,218.42857142857142,54.79615905899844,285.0,137.0,207.57142857142858,47.94341903297341,285.0,137.0,268.26666666666665,100.4654455378885,492.0,133.0,404.4,220.13579784198083,1090.0,133.0,412.8777777777778,202.35167006236622,1143.0,133.0,208.31568161673277,220.1503732517179,273.76474517150956,285.0,158.0,439.0,382.0,316.0,5.568344503761097
2023-05-21,2023,5,21,6,Sunday,20,2,0,0,12.3,0.2,Sunny,0,0,0,0,25,264.0,245.0,492.0,232.8571428571429,225.2142857142857,263.0,380.9425444596443,389,-0.7818314824680299,0.6234898018587334,0.8660254037844387,-0.4999999999999998,141,0.6551563572090853,-0.7554933140726803,0.6631226582407952,-0.7485107481711012,1,Autumn,1,0,0,0,3,0,0,0,1,140,0,0,0,1,0,0,0,261.0,258.0,163.0,245.0,384.0,455.0,543.0,339.0,227.33333333333334,55.73448962117809,261.0,163.0,215.0,50.5206228517953,264.0,137.0,214.92857142857142,47.653338386103776,285.0,137.0,266.43333333333334,100.06538666889467,492.0,133.0,399.9,220.2636094027306,1090.0,133.0,409.3666666666667,202.2133954597736,1143.0,133.0,221.4867612125496,225.59699015148885,272.94121322496056,264.0,245.0,384.0,455.0,337.0,5.966146739123692
2023-05-22,2023,5,22,0,Monday,21,2,0,0,9.6,4.3,Cloudy,0,0,1,0,25,219.0,253.0,382.0,228.28571428571428,220.5,256.5,380.9425444596443,187,0.0,1.0,0.8660254037844387,-0.4999999999999998,142,0.6420547132365637,-0.766658819300159,0.5680647467311558,-0.8229838658936564,0,Autumn,1,0,0,0,1,1,0,0,0,141,0,0,0,0,0,1,1,389.0,261.0,258.0,253.0,196.0,364.0,581.0,225.0,302.6666666666667,74.78190511970956,389.0,258.0,232.85714285714286,82.62047480584259,389.0,137.0,225.21428571428572,66.46940137146699,389.0,137.0,263.0,93.61844793150253,455.0,133.0,397.3333333333333,219.46365025969737,1090.0,133.0,409.9222222222222,202.0865443584421,1143.0,133.0,263.3650709094122,247.38405813129035,280.42887688786635,219.0,253.0,196.0,364.0,258.0,5.236441962829949
2023-05-23,2023,5,23,1,Tuesday,21,2,0,0,9.5,1.1,Cloudy,0,0,0,0,25,203.0,170.0,455.0,221.28571428571428,219.3571428571429,246.46666666666667,380.9425444596443,154,0.7818314824680298,0.6234898018587336,0.8660254037844387,-0.4999999999999998,143,0.6287628145958344,-0.777597146973627,0.5680647467311558,-0.8229838658936564,0,Autumn,1,0,0,0,1,1,0,0,0,142,0,0,0,0,0,0,0,187.0,389.0,261.0,170.0,202.0,356.0,648.0,298.0,279.0,102.19589032832924,389.0,187.0,228.28571428571428,84.38150327671407,389.0,137.0,220.5,66.68727245653524,389.0,137.0,256.5,91.8235752163748,455.0,133.0,390.76666666666665,219.7692446725766,1090.0,133.0,409.5,202.51648566546908,1143.0,133.0,244.27380318205917,239.33285038045165,274.40120741122985,203.0,170.0,202.0,356.0,232.75,5.043425116919247
2023-05-24,2023,5,24,2,Wednesday,21,2,0,0,13.6,1.0,Cloudy,0,0,0,0,25,137.0,148.0,364.0,230.42857142857144,223.14285714285717,241.03333333333333,380.9425444596443,201,0.9749279121818236,-0.22252093395631434,0.8660254037844387,-0.4999999999999998,144,0.6152845999633276,-0.7883050558305255,0.5680647467311558,-0.8229838658936564,0,Autumn,1,0,0,0,1,1,0,0,0,143,0,0,0,0,0,0,0,154.0,187.0,389.0,148.0,133.0,276.0,557.0,495.0,243.33333333333334,127.22552154867833,389.0,154.0,221.28571428571428,88.74817234871998,389.0,137.0,219.35714285714286,67.74795727020535,389.0,137.0,246.46666666666667,85.62135301403512,439.0,133.0,382.53333333333336,219.22184929664192,1090.0,133.0,407.9,203.97091938572072,1143.0,133.0,221.70535238654438,227.95513699639145,266.6333875782473,137.0,148.0,133.0,276.0,173.5,5.308267697401205
2023-05-25,2023,5,25,3,Thursday,21,2,0,0,13.3,2.2,Cloudy,0,0,0,0,25,163.0,195.0,356.0,232.57142857142856,221.92857142857144,235.1,380.9425444596443,178,0.43388373911755823,-0.900968867902419,0.8660254037844387,-0.4999999999999998,145,0.6016240632249226,-0.7987793728863649,0.5680647467311558,-0.8229838658936564,0,Autumn,1,0,0,0,1,1,0,0,0,144,0,0,0,0,0,0,0,201.0,154.0,187.0,195.0,174.0,366.0,856.0,478.0,180.66666666666666,24.13158373031462,201.0,154.0,230.42857142857142,81.62895144668786,389.0,154.0,223.14285714285714,64.87367267692854,389.0,137.0,241.03333333333333,83.0386213979866,439.0,133.0,376.6,219.23744576855177,1090.0,133.0,404.6333333333333,204.9123929001,1143.0,133.0,216.52901428990828,224.36111873020593,262.39897547642494,163.0,195.0,174.0,366.0,224.5,5.187385805840755
2023-05-26,2023,5,26,4,Friday,21,2,0,0,16.2,1.2,Cloudy,0,0,0,1,20,258.0,208.0,276.0,233.42857142857144,225.92857142857144,234.7,380.9425444596443,264,-0.433883739117558,-0.9009688679024191,0.8660254037844387,-0.4999999999999998,146,0.5877852522924732,-0.8090169943749473,0.5680647467311558,-0.8229838658936564,0,Autumn,1,0,0,0,1,1,0,0,0,145,0,0,0,0,0,0,1,178.0,201.0,154.0,208.0,266.0,341.0,263.0,1143.0,177.66666666666666,23.501772982759913,201.0,154.0,232.57142857142858,79.73885949952962,389.0,154.0,221.92857142857142,65.59604149139273,389.0,137.0,235.1,80.87169489062755,439.0,133.0,365.3,211.44356942420234,1090.0,133.0,401.3,206.14189778517107,1143.0,133.0,206.89676071743122,218.17963623284516,256.95388028439754,258.0,208.0,266.0,341.0,268.25,5.579729825986222
2023-05-27,2023,5,27,5,Saturday,21,2,0,0,14.0,2.1,Cloudy,0,0,0,0,25,261.0,285.0,366.0,234.57142857142856,224.78571428571428,231.46666666666667,380.9425444596443,269,-0.9749279121818236,-0.2225209339563146,0.8660254037844387,-0.4999999999999998,147,0.5737722679043246,-0.8190148866680801,0.5680647467311558,-0.8229838658936564,1,Autumn,1,0,0,0,1,1,0,0,0,146,0,0,0,0,0,0,0,264.0,178.0,201.0,285.0,158.0,439.0,310.0,578.0,214.33333333333334,44.52340208624225,264.0,178.0,233.42857142857142,80.08923594519881,389.0,154.0,225.92857142857142,66.3840391912131,389.0,137.0,234.7,80.69190020454771,439.0,133.0,365.31666666666666,211.43540838966393,1090.0,133.0,391.53333333333336,190.86310171299644,1090.0,133.0,221.17257053807342,224.2890180684658,257.4084686531461,261.0,285.0,158.0,439.0,285.75,5.598421958998375
2023-05-28,2023,5,28,6,Sunday,21,2,0,0,7.5,0.1,Partly Cloudy,0,0,0,0,25,389.0,264.0,341.0,209.57142857142856,221.2142857142857,227.2333333333333,380.9425444596443,214,-0.7818314824680299,0.6234898018587334,0.8660254037844387,-0.4999999999999998,148,0.5595892624101765,-0.8287700871745038,0.5680647467311558,-0.8229838658936564,1,Autumn,1,0,0,0,2,0,1,0,0,147,0,0,0,0,0,0,0,269.0,264.0,178.0,264.0,245.0,384.0,359.0,487.0,237.0,51.15662224971346,269.0,178.0,234.57142857142858,80.60367473603416,389.0,154.0,224.78571428571428,65.41956725796678,389.0,137.0,231.46666666666667,77.11332159760782,439.0,133.0,364.6333333333333,211.6833233358998,1090.0,133.0,388.1,190.2493957527058,1090.0,133.0,233.12942790355507,230.2504823260037,258.1563093852012,389.0,264.0,245.0,384.0,320.5,5.3706380281276624
2023-05-29,2023,5,29,0,Monday,22,2,0,0,15.2,3.4,Cloudy,0,0,1,0,25,187.0,219.0,439.0,216.28571428571428,222.28571428571428,220.4,380.9425444596443,234,0.0,1.0,0.8660254037844387,-0.4999999999999998,149,0.545240438540651,-0.8382797052177744,0.46472317204376906,-0.8854560256532096,0,Autumn,1,0,0,0,1,1,0,0,0,148,0,0,0,0,0,1,1,214.0,269.0,264.0,219.0,253.0,196.0,390.0,339.0,249.0,30.413812651489177,269.0,214.0,209.57142857142858,43.169654244840245,269.0,154.0,221.21428571428572,64.4720315884548,389.0,137.0,227.23333333333332,74.32857311699985,439.0,133.0,362.21666666666664,212.57454059866734,1090.0,133.0,385.06666666666666,190.83028520863505,1090.0,133.0,228.3470709276663,228.0837513492032,255.3075152313173,187.0,219.0,253.0,196.0,213.75,5.459585514144159
2023-05-30,2023,5,30,1,Tuesday,22,2,0,0,9.0,5.6,Rainy,0,0,0,1,20,154.0,203.0,384.0,213.42857142857144,217.3571428571429,212.06666666666663,380.9425444596443,134,0.7818314824680298,0.6234898018587336,0.8660254037844387,-0.4999999999999998,150,0.5307300481619334,-0.8475409228928311,0.46472317204376906,-0.8854560256532096,0,Autumn,1,0,0,0,0,0,0,1,0,149,0,0,0,0,0,0,1,234.0,214.0,269.0,203.0,170.0,202.0,438.0,334.0,239.0,27.83882181414793,269.0,214.0,216.28571428571428,42.72670626869611,269.0,154.0,222.28571428571428,64.55698564527508,389.0,137.0,220.4,62.70269201722436,389.0,133.0,359.6166666666667,213.1821129382955,1090.0,133.0,383.9,191.4350918249381,1090.0,133.0,229.7603031957497,228.87258450264278,253.93283682929683,154.0,203.0,170.0,202.0,182.25,4.90527477843843
2023-05-31,2023,5,31,2,Wednesday,22,2,0,0,10.8,2.1,Cloudy,0,0,0,0,25,201.0,137.0,196.0,211.42857142857144,220.92857142857144,211.76666666666668,380.9425444596443,187,0.9749279121818236,-0.22252093395631434,0.8660254037844387,-0.4999999999999998,151,0.5160623910158528,-0.8565509959010036,0.46472317204376906,-0.8854560256532096,0,Autumn,1,0,0,0,1,1,0,0,0,150,0,0,0,0,0,0,0,134.0,234.0,214.0,137.0,148.0,133.0,848.0,350.0,194.0,52.91502622129048,234.0,134.0,213.42857142857142,47.93696257536961,269.0,134.0,217.35714285714286,68.6469307318321,389.0,134.0,212.06666666666666,56.51788446472328,389.0,133.0,354.55,214.8933062029794,1090.0,133.0,381.6777777777778,193.17377795494986,1090.0,133.0,205.8202273968123,216.2229065689571,246.1952344532132,201.0,137.0,148.0,133.0,154.75,5.236441962829949
2023-06-01,2023,6,1,3,Thursday,22,2,0,0,10.8,6.2,Rainy,1,0,0,0,25,178.0,163.0,202.0,206.0,219.28571428571428,209.7,380.9425444596443,140,0.43388373911755823,-0.900968867902419,0.49999999999999994,-0.8660254037844387,152,0.5012418134457758,-0.865307254363206,0.46472317204376906,-0.8854560256532096,0,Winter,0,0,0,1,0,0,0,1,0,151,0,0,0,0,0,1,1,187.0,134.0,234.0,163.0,195.0,174.0,449.0,280.0,185.0,50.02999100539451,234.0,134.0,211.42857142857142,48.82573482245184,269.0,134.0,220.92857142857142,65.36696917664544,389.0,134.0,211.76666666666668,56.629883261056726,389.0,133.0,343.53333333333336,205.9235884831685,1090.0,133.0,379.8666666666667,194.23530268462727,1090.0,133.0,201.11517054760924,212.32651902642948,242.37618706913494,178.0,163.0,195.0,174.0,177.5,4.948759890378168
2023-06-02,2023,6,2,4,Friday,22,2,0,0,16.0,0.3,Partly Cloudy,1,0,0,0,25,264.0,258.0,133.0,213.57142857142856,223.5,215.83333333333331,380.9425444596443,317,-0.433883739117558,-0.9009688679024191,0.49999999999999994,-0.8660254037844387,153,0.48627270710869,-0.8738071036110808,0.46472317204376906,-0.8854560256532096,0,Winter,0,0,0,1,2,0,1,0,0,152,0,0,0,0,0,1,1,140.0,187.0,134.0,258.0,208.0,266.0,519.0,461.0,153.66666666666666,29.022979401384248,187.0,134.0,206.0,54.896873013557624,269.0,134.0,219.28571428571428,67.19824696823758,389.0,134.0,209.7,58.11056643188462,389.0,133.0,338.3833333333333,207.10180020878022,1090.0,133.0,378.31111111111113,195.59989226143287,1090.0,133.0,185.83637791070691,202.6829831562389,235.77127177435204,264.0,258.0,208.0,266.0,249.0,5.762051382780177
2023-06-03,2023,6,3,5,Saturday,22,2,0,0,19.3,1.3,Cloudy,1,0,0,0,25,269.0,261.0,174.0,224.57142857142856,229.57142857142856,221.56666666666663,380.9425444596443,346,-0.9749279121818236,-0.2225209339563146,0.49999999999999994,-0.8660254037844387,154,0.4711595076738638,-0.8820480249558537,0.46472317204376906,-0.8854560256532096,1,Winter,0,0,0,1,1,1,0,0,0,153,0,0,1,0,0,1,1,317.0,140.0,187.0,261.0,285.0,158.0,333.0,427.0,214.66666666666666,91.68605855490355,317.0,140.0,213.57142857142858,66.63046636201081,317.0,134.0,223.5,71.52379915911699,389.0,134.0,215.83333333333334,59.43126039925177,389.0,134.0,335.01666666666665,205.7533896309676,1090.0,133.0,376.7111111111111,195.50483452997847,1090.0,133.0,218.6272834330302,217.92525206874035,241.01183488568418,269.0,261.0,285.0,158.0,243.25,5.849324779946859
2023-06-04,2023,6,4,6,Sunday,22,2,0,0,11.8,1.8,Cloudy,1,0,0,0,25,214.0,389.0,266.0,242.0,225.78571428571428,223.9,380.9425444596443,336,-0.7818314824680299,0.6234898018587334,0.49999999999999994,-0.8660254037844387,155,0.4559066935084588,-0.8900275764346767,0.46472317204376906,-0.8854560256532096,1,Winter,0,0,0,1,1,1,0,0,0,154,0,0,1,0,0,1,1,346.0,317.0,140.0,389.0,264.0,245.0,355.0,426.0,267.6666666666667,111.50934191059163,346.0,140.0,224.57142857142858,81.91022960708706,346.0,134.0,229.57142857142858,78.24391279907819,389.0,134.0,221.56666666666666,63.419067802353695,389.0,134.0,335.23333333333335,205.75807471575558,1090.0,133.0,375.81111111111113,195.45716473422655,1090.0,133.0,250.47046257477263,235.00188512624163,247.7852648930594,214.0,389.0,264.0,245.0,278.0,5.820082930352362
2023-06-05,2023,6,5,0,Monday,23,2,0,0,9.5,1.7,Cloudy,1,0,0,0,25,234.0,187.0,158.0,234.0,225.14285714285717,224.56666666666663,380.9425444596443,178,0.0,1.0,0.49999999999999994,-0.8660254037844387,156,0.440518784350495,-0.8977433935342337,0.35460488704253584,-0.9350162426854147,0,Winter,0,0,0,1,1,1,0,0,0,155,0,0,0,0,0,1,1,336.0,346.0,317.0,187.0,219.0,253.0,383.0,295.0,333.0,14.730919862653606,346.0,317.0,242.0,91.68242288828694,346.0,134.0,225.78571428571428,70.87169183317528,346.0,134.0,223.9,66.33111819786626,389.0,134.0,334.9166666666667,205.74175780321022,1090.0,133.0,374.81111111111113,195.42772993606883,1090.0,133.0,271.85284693107945,248.46830044274276,253.47653812576527,234.0,187.0,219.0,253.0,223.25,5.187385805840755
2023-06-06,2023,6,6,1,Tuesday,23,2,0,0,11.6,1.0,Cloudy,1,0,0,0,25,134.0,154.0,245.0,238.0,225.7142857142857,221.8,380.9425444596443,162,0.7818314824680298,0.6234898018587336,0.49999999999999994,-0.8660254037844387,157,0.42500033996955416,-0.9051931898913974,0.35460488704253584,-0.9350162426854147,0,Winter,0,0,0,1,1,1,0,0,0,156,0,0,0,0,0,1,1,178.0,336.0,346.0,154.0,203.0,170.0,810.0,431.0,286.6666666666667,94.24082625557374,346.0,178.0,234.0,94.88413987595615,346.0,134.0,225.14285714285714,71.29015159393037,346.0,134.0,224.56666666666666,65.74385159837003,389.0,134.0,331.5,206.62998125282394,1090.0,133.0,373.5111111111111,196.35156754506252,1090.0,133.0,248.38963519830958,239.07252705037706,248.60708405313528,134.0,154.0,203.0,170.0,165.25,5.093750200806762
2023-06-07,2023,6,7,2,Wednesday,23,2,0,0,12.7,0.8,Cloudy,1,0,0,0,25,187.0,201.0,253.0,248.7142857142857,230.07142857142856,222.1,380.9425444596443,262,0.9749279121818236,-0.22252093395631434,0.49999999999999994,-0.8660254037844387,158,0.4093559588156213,-0.9123747579707273,0.35460488704253584,-0.9350162426854147,0,Winter,0,0,0,1,1,1,0,0,0,157,0,0,0,0,0,1,1,162.0,178.0,336.0,201.0,137.0,148.0,818.0,283.0,225.33333333333334,96.17345441094028,336.0,162.0,238.0,90.45256583793893,346.0,140.0,225.71428571428572,70.70570488508379,346.0,134.0,221.8,66.59522608964572,389.0,134.0,320.7,197.94840108352838,1090.0,133.0,370.52222222222224,197.51058727292036,1090.0,133.0,226.79222639873217,228.7961901103268,243.0195302432556,187.0,201.0,137.0,148.0,168.25,5.572154032177765
2023-06-08,2023,6,8,3,Thursday,23,2,0,0,9.0,0.3,Sunny,1,0,1,0,25,140.0,178.0,170.0,267.57142857142856,236.78571428571428,225.5,380.9425444596443,272,0.43388373911755823,-0.900968867902419,0.49999999999999994,-0.8660254037844387,159,0.39359027665646673,-0.9192859697186104,0.35460488704253584,-0.9350162426854147,0,Winter,0,0,0,1,3,0,0,0,1,158,0,0,0,0,1,1,2,262.0,162.0,178.0,178.0,163.0,195.0,1090.0,347.0,200.66666666666666,53.71529887595522,262.0,162.0,248.71428571428572,87.80796145702341,346.0,140.0,230.07142857142858,70.94468515433847,346.0,134.0,222.1,66.76068944500506,389.0,134.0,311.43333333333334,186.98394444504046,1090.0,133.0,370.2888888888889,197.6275150545003,1090.0,133.0,235.59416979904913,233.22336476228324,244.2440766791746,140.0,178.0,163.0,195.0,169.0,5.60947179518496
2023-06-09,2023,6,9,4,Friday,23,2,0,0,15.4,1.0,Cloudy,1,0,0,0,25,317.0,264.0,148.0,253.7142857142857,233.64285714285717,227.9,380.9425444596443,220,-0.433883739117558,-0.9009688679024191,0.49999999999999994,-0.8660254037844387,160,0.3777079652039649,-0.9259247771938498,0.35460488704253584,-0.9350162426854147,0,Winter,0,0,0,1,1,1,0,0,0,159,0,0,0,0,0,1,1,272.0,262.0,162.0,264.0,258.0,208.0,576.0,486.0,232.0,60.82762530298119,272.0,162.0,267.57142857142856,73.59315444355134,346.0,162.0,236.78571428571428,70.08036987458118,346.0,134.0,225.5,66.61301001642451,389.0,134.0,297.8,156.6088509739785,975.0,133.0,369.4555555555556,197.88477870454395,1090.0,133.0,244.69562734928684,238.3935827939788,246.03478140955048,317.0,264.0,258.0,208.0,261.75,5.3981627015177525
2023-06-10,2023,6,10,5,Saturday,23,2,0,0,10.7,0.4,Sunny,1,0,1,0,25,346.0,269.0,195.0,272.57142857142856,248.57142857142856,237.33333333333331,380.9425444596443,478,-0.9749279121818236,-0.2225209339563146,0.49999999999999994,-0.8660254037844387,161,0.36171373072976765,-0.9322892131745133,0.35460488704253584,-0.9350162426854147,1,Winter,0,0,0,1,3,0,0,0,1,160,0,0,1,1,1,1,2,220.0,272.0,262.0,269.0,261.0,285.0,337.0,490.0,251.33333333333334,27.592269448764426,272.0,220.0,253.71428571428572,71.84639700016125,346.0,162.0,233.64285714285714,69.75187578713592,346.0,134.0,227.9,65.00204240823034,389.0,134.0,291.8666666666667,152.582233084679,975.0,133.0,366.5,198.11086726966062,1090.0,133.0,238.52172051196513,235.94110508811497,244.3551180928053,346.0,269.0,261.0,285.0,290.25,6.171700597410915
2023-06-11,2023,6,11,6,Sunday,23,2,0,0,11.5,2.7,Cloudy,1,0,0,0,25,336.0,214.0,208.0,273.7142857142857,257.85714285714283,241.86666666666667,380.9425444596443,344,-0.7818314824680299,0.6234898018587334,0.49999999999999994,-0.8660254037844387,162,0.3456123126707335,-0.9383773917408641,0.35460488704253584,-0.9350162426854147,1,Winter,0,0,0,1,1,1,0,0,0,161,0,0,1,0,0,1,1,478.0,220.0,272.0,214.0,389.0,264.0,489.0,469.0,323.3333333333333,136.44534925505246,478.0,220.0,272.57142857142856,108.22023400279205,478.0,162.0,248.57142857142858,95.51054253988721,478.0,134.0,237.33333333333334,79.07453198846895,478.0,134.0,294.21666666666664,154.3645357166134,975.0,133.0,366.3666666666667,198.03083689049686,1090.0,133.0,298.39129038397385,268.21562440969967,259.42898144165656,336.0,214.0,389.0,264.0,300.75,5.84354441703136
2023-06-12,2023,6,12,0,Monday,24,2,1,0,12.0,0.5,Cloudy,1,0,0,0,25,178.0,234.0,285.0,294.7142857142857,264.35714285714283,243.2,380.9425444596443,325,0.0,1.0,0.49999999999999994,-0.8660254037844387,163,0.3294084822245304,-0.9441875088341993,0.23931566428755768,-0.970941817426052,0,Winter,0,0,0,1,1,1,0,0,0,162,0,0,0,0,0,1,2,344.0,478.0,220.0,234.0,187.0,219.0,975.0,300.0,347.3333333333333,129.03229569891894,478.0,220.0,273.7142857142857,109.04083988077488,478.0,162.0,257.85714285714283,98.17320419532967,478.0,134.0,241.86666666666667,81.20460889473652,478.0,134.0,291.8,152.38575047934276,975.0,133.0,364.97777777777776,197.74106197376372,1090.0,133.0,309.7934677879804,278.3202078217397,264.88517618735614,178.0,234.0,187.0,219.0,204.5,5.786897381366708
2023-06-13,2023,6,13,1,Tuesday,24,2,0,0,11.3,0.1,Sunny,1,0,0,0,25,162.0,134.0,264.0,314.2857142857143,276.1428571428572,244.36666666666667,380.9425444596443,299,0.7818314824680298,0.6234898018587336,0.49999999999999994,-0.8660254037844387,164,0.3131070409358269,-0.9497178427914316,0.23931566428755768,-0.970941817426052,0,Winter,0,0,0,1,3,0,0,0,1,163,0,0,0,0,0,1,1,325.0,344.0,478.0,134.0,154.0,203.0,389.0,382.0,382.3333333333333,83.39264555902561,478.0,325.0,294.7142857142857,101.42437952437665,478.0,162.0,264.35714285714283,99.4760173206482,478.0,134.0,243.2,82.25880101744484,478.0,134.0,280.96666666666664,123.32690012233853,834.0,133.0,365.25555555555553,197.66630381888118,1090.0,133.0,313.5951008409853,284.5441801121744,268.76355191720415,162.0,134.0,154.0,203.0,163.25,5.703782474656201
2023-06-14,2023,6,14,2,Wednesday,24,2,0,0,12.5,1.6,Cloudy,1,0,0,0,25,262.0,187.0,219.0,311.1428571428572,279.92857142857144,245.06666666666663,380.9425444596443,240,0.9749279121818236,-0.22252093395631434,0.49999999999999994,-0.8660254037844387,165,0.29671281927349075,-0.9549667548552551,0.23931566428755768,-0.970941817426052,0,Winter,0,0,0,1,1,1,0,0,0,164,0,0,0,0,0,1,1,299.0,325.0,344.0,187.0,201.0,137.0,834.0,338.0,322.6666666666667,22.59055849980801,344.0,299.0,314.2857142857143,83.11180077805719,478.0,220.0,276.14285714285717,92.36371010875877,478.0,140.0,244.36666666666667,82.81032891320164,478.0,134.0,279.46666666666664,122.53542782985775,834.0,133.0,364.3333333333333,197.78089113682447,1090.0,133.0,309.946325630739,286.47162276388445,270.714290503191,262.0,187.0,201.0,137.0,196.75,5.484796933490655
2023-06-15,2023,6,15,3,Thursday,24,2,0,0,8.1,1.8,Cloudy,1,0,0,0,25,272.0,140.0,203.0,295.7142857142857,281.6428571428572,243.76666666666668,380.9425444596443,164,0.43388373911755823,-0.900968867902419,0.49999999999999994,-0.8660254037844387,166,0.2802306751992159,-0.9599326896597447,0.23931566428755768,-0.970941817426052,0,Winter,0,0,0,1,1,1,0,0,0,165,0,0,0,0,0,1,1,240.0,299.0,325.0,140.0,178.0,163.0,550.0,447.0,288.0,43.55456348076397,325.0,240.0,311.14285714285717,85.79127494764776,478.0,220.0,279.92857142857144,89.46977511618402,478.0,140.0,245.06666666666666,82.67715914131398,478.0,134.0,269.56666666666666,98.63910708399395,550.0,133.0,363.24444444444447,198.19683276821257,1090.0,133.0,292.45974422305426,280.27540639536653,268.7327233739529,272.0,140.0,178.0,163.0,188.25,5.10594547390058
2023-06-16,2023,6,16,4,Friday,24,2,0,0,8.3,4.1,Cloudy,1,0,1,0,25,220.0,317.0,137.0,295.2857142857143,274.5,246.4333333333333,380.9425444596443,217,-0.433883739117558,-0.9009688679024191,0.49999999999999994,-0.8660254037844387,167,0.26366549272800704,-0.9646141756912435,0.23931566428755768,-0.970941817426052,0,Winter,0,0,0,1,1,1,0,0,0,166,0,0,0,0,1,1,2,164.0,240.0,299.0,317.0,264.0,258.0,384.0,488.0,234.33333333333334,67.67815994346482,299.0,164.0,295.7142857142857,102.15464467449074,478.0,164.0,281.64285714285717,86.77167842000095,478.0,162.0,243.76666666666668,83.66216272165312,478.0,134.0,263.1333333333333,92.43127848806262,492.0,133.0,360.1,199.09599344723537,1090.0,133.0,260.3448081672907,264.7720188759843,261.9757734788592,220.0,317.0,264.0,258.0,264.75,5.384495062789089
2023-06-17,2023,6,17,5,Saturday,24,2,0,0,6.7,1.7,Cloudy,1,0,0,0,25,478.0,346.0,163.0,269.42857142857144,271.0,250.9,380.9425444596443,297,-0.9749279121818236,-0.2225209339563146,0.49999999999999994,-0.8660254037844387,168,0.24702218048093552,-0.9690098257244062,0.23931566428755768,-0.970941817426052,1,Winter,0,0,0,1,1,1,0,0,0,167,0,0,1,0,0,1,1,217.0,164.0,240.0,346.0,269.0,261.0,350.0,515.0,207.0,38.97435053980835,240.0,164.0,295.2857142857143,102.53083159992148,478.0,164.0,274.5,87.7476714571602,478.0,162.0,246.43333333333334,81.38570718088852,478.0,134.0,260.35,91.23666840156363,492.0,133.0,357.0888888888889,199.18917914545264,1090.0,133.0,249.50860612546802,258.4024163591864,259.07411067377154,478.0,346.0,269.0,261.0,338.5,5.697093486505405
2023-06-18,2023,6,18,6,Sunday,24,2,0,0,11.3,0.8,Cloudy,1,0,0,0,25,344.0,336.0,258.0,249.42857142857144,261.57142857142856,249.1,380.9425444596443,204,-0.7818314824680299,0.6234898018587334,0.49999999999999994,-0.8660254037844387,169,0.23030567023061221,-0.9731183372332619,0.23931566428755768,-0.970941817426052,1,Winter,0,0,0,1,1,1,0,0,0,168,0,0,1,0,0,1,1,297.0,217.0,164.0,336.0,214.0,389.0,251.0,387.0,226.0,66.95520890864181,297.0,164.0,269.42857142857144,64.56742507605824,344.0,164.0,271.0,85.6279968594018,478.0,162.0,250.9,80.318911759354,478.0,134.0,259.46666666666664,90.60838937972925,492.0,133.0,354.6666666666667,198.5718673852214,1090.0,133.0,261.381454594101,263.54876084462825,261.52094224320564,344.0,336.0,214.0,389.0,320.75,5.3230099791384085
2023-06-19,2023,6,19,0,Monday,25,2,0,0,12.3,3.2,Cloudy,1,0,0,0,25,325.0,178.0,261.0,233.42857142857144,264.07142857142856,247.5,380.9425444596443,213,0.0,1.0,0.49999999999999994,-0.8660254037844387,170,0.21352091543979612,-0.9769384927771817,0.12053668025532308,-0.992708874098054,0,Winter,0,0,0,1,1,1,0,0,0,169,0,0,0,0,0,1,1,204.0,297.0,217.0,178.0,234.0,187.0,316.0,531.0,239.33333333333334,50.36202272877059,297.0,204.0,249.42857142857142,59.06735461278405,325.0,164.0,261.57142857142856,85.18641484840849,478.0,162.0,249.1,80.75819591160112,478.0,134.0,258.68333333333334,90.88556628085682,492.0,133.0,352.6333333333333,199.1730911160419,1090.0,133.0,247.03609094557575,255.6089260653445,257.80991371138595,325.0,178.0,234.0,187.0,231.0,5.365976015021851
2023-06-20,2023,6,20,1,Tuesday,25,2,0,0,11.4,1.6,Cloudy,1,0,0,1,20,299.0,162.0,389.0,219.8571428571429,267.07142857142856,241.33333333333331,380.9425444596443,204,0.7818314824680298,0.6234898018587336,0.49999999999999994,-0.8660254037844387,171,0.19667288979357647,-0.980469160361632,0.12053668025532308,-0.992708874098054,0,Winter,0,0,0,1,1,1,0,0,0,170,0,0,0,0,0,1,2,213.0,204.0,297.0,162.0,134.0,154.0,492.0,543.0,238.0,51.293274412927396,297.0,204.0,233.42857142857142,49.594546551198924,299.0,164.0,264.07142857142856,83.03147159195211,478.0,162.0,247.5,80.98946291616133,478.0,134.0,256.96666666666664,90.75725990789182,492.0,133.0,349.1,198.7936115673741,1090.0,133.0,238.5270682091818,249.92773592329857,254.91895153645785,299.0,162.0,134.0,154.0,187.25,5.3230099791384085
2023-06-21,2023,6,21,2,Wednesday,25,2,0,0,15.0,0.2,Partly Cloudy,1,0,0,0,25,240.0,262.0,187.0,217.28571428571428,264.2142857142857,242.5,380.9425444596443,222,0.9749279121818236,-0.22252093395631434,0.49999999999999994,-0.8660254037844387,172,0.1797665857255624,-0.9837092937736097,0.12053668025532308,-0.992708874098054,0,Winter,0,0,0,1,2,0,1,0,0,171,0,0,0,0,0,1,1,204.0,213.0,204.0,262.0,187.0,201.0,382.0,581.0,207.0,5.196152422693003,213.0,204.0,219.85714285714286,40.89591899537374,297.0,164.0,267.07142857142856,79.7539140932073,478.0,164.0,241.33333333333334,76.7774811334378,478.0,134.0,252.16666666666666,85.5845635271,478.0,133.0,345.3333333333333,198.28936975365926,1090.0,133.0,229.89530115688635,243.80403780019208,251.63385788894445,240.0,262.0,187.0,201.0,222.5,5.407171771460119
2023-06-22,2023,6,22,3,Thursday,25,2,0,0,10.0,1.7,Cloudy,1,0,0,0,25,164.0,272.0,154.0,224.42857142857144,260.07142857142856,244.5,380.9425444596443,214,0.43388373911755823,-0.900968867902419,0.49999999999999994,-0.8660254037844387,173,0.16280701293851715,-0.986657932891657,0.12053668025532308,-0.992708874098054,0,Winter,0,0,0,1,1,1,0,0,0,172,0,0,0,0,0,1,1,222.0,204.0,213.0,272.0,140.0,178.0,455.0,648.0,213.0,8.999999999992278,222.0,204.0,217.28571428571428,39.973800943927515,297.0,164.0,264.2142857142857,80.66090328456033,478.0,164.0,242.5,76.18704297478263,478.0,134.0,249.5,83.947622895651,478.0,133.0,341.34444444444443,197.10267449893146,1090.0,133.0,227.92147586766475,240.89683276016646,249.72199608965772,164.0,272.0,140.0,178.0,188.5,5.3706380281276624
2023-06-23,2023,6,23,4,Friday,25,2,0,0,12.0,4.8,Cloudy,1,0,0,0,25,217.0,220.0,201.0,226.42857142857144,260.85714285714283,245.5,380.9425444596443,231,-0.433883739117558,-0.9009688679024191,0.49999999999999994,-0.8660254037844387,174,0.1457991969198751,-0.9893142039703663,0.12053668025532308,-0.992708874098054,0,Winter,0,0,0,1,1,1,0,0,0,173,0,0,0,0,0,1,1,214.0,222.0,204.0,220.0,317.0,264.0,364.0,557.0,213.33333333333334,9.018499505638092,222.0,204.0,224.42857142857142,32.66423703306667,297.0,204.0,260.07142857142856,81.7128784555677,478.0,164.0,244.5,74.55372975706615,478.0,134.0,245.48333333333332,79.60144187150452,478.0,133.0,336.52222222222224,194.8115902106431,1090.0,133.0,224.44110690074857,237.31058839214427,247.41735118064756,217.0,220.0,317.0,264.0,254.5,5.44673737166631
2023-06-24,2023,6,24,5,Saturday,25,2,0,1,6.7,1.0,Cloudy,1,0,0,0,25,297.0,478.0,178.0,230.28571428571428,249.8571428571429,250.36666666666667,380.9425444596443,324,-0.9749279121818236,-0.2225209339563146,0.49999999999999994,-0.8660254037844387,175,0.12874817745258132,-0.99167731989929,0.12053668025532308,-0.992708874098054,1,Winter,0,0,0,1,1,1,0,0,0,174,0,1,1,0,0,1,2,231.0,214.0,222.0,478.0,346.0,269.0,356.0,856.0,222.33333333333334,8.50490054810747,231.0,214.0,226.42857142857142,32.56202871882677,297.0,204.0,260.85714285714283,81.35001030008571,478.0,164.0,245.5,74.150243564601,478.0,134.0,243.26666666666668,78.08250019151606,478.0,133.0,332.9,193.69361013399902,1090.0,133.0,226.08083017556143,236.46917660652505,246.35816723350902,297.0,478.0,346.0,269.0,347.5,5.783825182329737
2023-06-25,2023,6,25,6,Sunday,25,2,0,1,8.8,0.7,Cloudy,1,0,0,0,25,204.0,344.0,264.0,242.57142857142856,246.0,251.2333333333333,380.9425444596443,290,-0.7818314824680299,0.6234898018587334,0.49999999999999994,-0.8660254037844387,176,0.11165900712169512,-0.993746580436178,0.12053668025532308,-0.992708874098054,1,Winter,0,0,0,1,1,1,0,0,0,175,0,1,1,0,0,1,2,324.0,231.0,214.0,344.0,336.0,214.0,276.0,263.0,256.3333333333333,59.214300074671264,324.0,214.0,230.28571428571428,42.42135580779351,324.0,204.0,249.85714285714286,56.27796008393216,344.0,164.0,250.36666666666667,74.35816553418455,478.0,134.0,242.73333333333332,77.40579110877334,478.0,133.0,326.9888888888889,185.49457089147452,1090.0,133.0,250.56062263167107,248.1399530589884,251.36731773457296,204.0,344.0,336.0,214.0,274.5,5.673323267171493
2023-06-26,2023,6,26,0,Monday,26,2,0,1,12.1,0.3,Sunny,1,0,1,1,20,213.0,325.0,269.0,301.85714285714283,267.6428571428572,263.2,380.9425444596443,628,0.0,1.0,0.49999999999999994,-0.8660254037844387,177,0.09453674981719912,-0.9955213724144752,-3.216245299353273e-16,-1.0,0,Winter,0,0,0,1,3,0,0,0,1,176,0,0,0,0,1,1,4,290.0,324.0,231.0,325.0,178.0,234.0,366.0,310.0,281.6666666666667,47.05670338361182,324.0,231.0,242.57142857142858,45.85432419760478,324.0,204.0,246.0,50.92528463724561,325.0,164.0,251.23333333333332,74.67339614584313,478.0,134.0,242.96666666666667,77.52877359060435,478.0,133.0,327.2888888888889,185.4117340167853,1090.0,133.0,260.42046697375326,253.72129265112326,253.8597488484715,213.0,325.0,178.0,234.0,237.5,6.444131256700441
2023-06-27,2023,6,27,1,Tuesday,26,2,0,1,12.5,0.3,Sunny,1,0,0,0,25,204.0,299.0,214.0,331.7142857142857,275.7857142857143,269.8333333333333,380.9425444596443,413,0.7818314824680298,0.6234898018587336,0.49999999999999994,-0.8660254037844387,178,0.07738647923346301,-0.9970011699250151,-3.216245299353273e-16,-1.0,0,Winter,0,0,0,1,3,0,0,0,1,177,0,0,0,0,0,1,2,628.0,290.0,324.0,299.0,162.0,134.0,341.0,359.0,414.0,186.10749581894856,628.0,290.0,301.85714285714283,150.38442801858253,628.0,204.0,267.64285714285717,113.2862997642945,628.0,164.0,263.2,101.54815402658433,628.0,134.0,247.33333333333334,90.81563866421145,628.0,133.0,330.8222222222222,188.0892435668985,1090.0,133.0,352.31535023031495,303.6251202976402,277.99782956792495,204.0,299.0,162.0,134.0,199.75,6.025865973825314
2023-06-28,2023,6,28,2,Wednesday,26,2,0,1,9.1,1.1,Cloudy,1,0,0,0,25,222.0,240.0,234.0,328.85714285714283,273.07142857142856,268.76666666666665,380.9425444596443,202,0.9749279121818236,-0.22252093395631434,0.49999999999999994,-0.8660254037844387,179,0.06021327736579302,-0.9981855344718586,-3.216245299353273e-16,-1.0,0,Winter,0,0,0,1,1,1,0,0,0,178,0,0,0,0,0,1,2,413.0,628.0,290.0,240.0,262.0,187.0,439.0,390.0,443.6666666666667,171.07405803725268,628.0,290.0,331.7142857142857,148.4528143729116,628.0,214.0,275.7857142857143,119.6328862500916,628.0,164.0,269.8333333333333,104.67489351957006,628.0,134.0,248.53333333333333,92.53372571922166,628.0,133.0,331.4222222222222,188.26618603454799,1090.0,133.0,367.48651267273624,318.20843759128815,286.7076470151556,222.0,240.0,262.0,187.0,227.75,5.313205979041787
2023-06-29,2023,6,29,3,Thursday,26,2,0,1,9.8,1.8,Cloudy,1,0,0,0,25,214.0,164.0,134.0,340.0,282.2142857142857,274.03333333333336,380.9425444596443,292,0.43388373911755823,-0.900968867902419,0.49999999999999994,-0.8660254037844387,180,0.04302223300453059,-0.99907411510223,-3.216245299353273e-16,-1.0,0,Winter,0,0,0,1,1,1,0,0,0,179,0,0,0,0,0,1,2,202.0,413.0,628.0,164.0,272.0,140.0,384.0,438.0,414.3333333333333,213.00312986745826,628.0,202.0,328.85714285714283,151.08543782843395,628.0,202.0,273.07142857142856,120.93129917800024,628.0,164.0,268.76666666666665,105.21429145528083,628.0,134.0,244.58333333333334,89.26617816940337,628.0,133.0,329.3333333333333,188.65151273824176,1090.0,133.0,326.11488450455215,302.7139792457831,281.24263753030687,214.0,164.0,272.0,140.0,197.5,5.680172609017068
2023-06-30,2023,6,30,4,Friday,26,2,0,1,5.4,0.2,Partly Cloudy,1,0,1,0,25,231.0,217.0,187.0,353.1428571428572,289.7857142857143,278.56666666666666,380.9425444596443,323,-0.433883739117558,-0.9009688679024191,0.49999999999999994,-0.8660254037844387,181,0.02581844022713308,-0.9996666485105112,-3.216245299353273e-16,-1.0,0,Winter,0,0,0,1,2,0,1,0,0,180,0,0,0,0,1,1,3,292.0,202.0,413.0,217.0,220.0,317.0,196.0,848.0,302.3333333333333,105.87886159821154,413.0,202.0,340.0,143.9085357672252,628.0,202.0,282.2142857142857,116.81950480675987,628.0,202.0,274.03333333333336,102.14542821755228,628.0,140.0,243.05,87.60551507288997,628.0,133.0,327.7111111111111,188.33404726257584,1090.0,133.0,317.5861633784141,301.28544867967867,281.93666091544833,231.0,217.0,220.0,317.0,246.25,5.780743515792329
2023-07-01,2023,7,1,5,Saturday,26,3,0,1,8.4,5.6,Rainy,1,0,0,1,20,324.0,297.0,140.0,381.0,305.6428571428572,291.2,380.9425444596443,519,-0.9749279121818236,-0.2225209339563146,1.2246467991473532e-16,-1.0,182,0.008606996888688698,-0.9999629591162655,-3.216245299353273e-16,-1.0,1,Winter,0,0,0,1,0,0,0,1,0,181,0,1,1,0,0,1,3,323.0,292.0,202.0,297.0,478.0,346.0,202.0,449.0,272.3333333333333,62.85167725155171,323.0,202.0,353.14285714285717,136.2943243761197,628.0,202.0,289.7857142857143,115.69733629765864,628.0,202.0,278.56666666666666,101.16278562496339,628.0,140.0,245.16666666666666,87.98288868049791,628.0,133.0,321.8777777777778,179.98325938244264,1090.0,133.0,318.93962253381056,304.18072218905485,284.58590859832265,324.0,297.0,478.0,346.0,361.25,6.253828811575473
2023-07-02,2023,7,2,6,Sunday,26,3,0,1,12.2,2.8,Cloudy,1,0,0,0,25,290.0,204.0,317.0,391.8571428571428,317.2142857142857,292.8333333333333,380.9425444596443,366,-0.7818314824680299,0.6234898018587334,1.2246467991473532e-16,-1.0,183,-0.008606996888688009,-0.9999629591162655,-3.216245299353273e-16,-1.0,1,Winter,0,0,0,1,1,1,0,0,0,182,0,1,1,0,0,1,2,519.0,323.0,292.0,204.0,344.0,336.0,133.0,519.0,378.0,123.08939840619881,519.0,292.0,381.0,148.7077671138939,628.0,202.0,305.64285714285717,130.96776299935357,628.0,202.0,291.2,106.77123466423033,628.0,162.0,250.45,94.61472723719818,628.0,133.0,322.65555555555557,180.68864281671483,1090.0,133.0,368.95471690035794,332.82329256384753,299.7093983661728,290.0,204.0,344.0,336.0,293.5,5.905361848054571
2023-07-03,2023,7,3,0,Monday,27,3,0,1,11.2,1.8,Cloudy,1,0,0,0,25,628.0,213.0,346.0,337.0,319.42857142857144,289.43333333333334,380.9425444596443,244,0.0,1.0,1.2246467991473532e-16,-1.0,184,-0.02581844022713239,-0.9996666485105112,-0.12053668025532283,-0.992708874098054,0,Winter,0,0,0,1,1,1,0,0,0,183,0,0,0,0,0,1,2,366.0,519.0,323.0,213.0,325.0,178.0,174.0,333.0,402.6666666666667,103.01617995894279,519.0,323.0,391.85714285714283,143.644733714152,628.0,202.0,317.2142857142857,128.42847669568275,628.0,202.0,292.8333333333333,107.551457879259,628.0,162.0,254.33333333333334,94.49395401099845,628.0,134.0,320.9555555555556,179.53666403504883,1090.0,133.0,368.21603767526847,337.24685355533455,303.9862113748069,628.0,213.0,325.0,178.0,336.0,5.501258210544727
2023-07-04,2023,7,4,1,Tuesday,27,3,0,1,11.0,3.5,Cloudy,1,0,0,0,25,413.0,204.0,336.0,318.0,324.85714285714283,287.56666666666666,380.9425444596443,280,0.7818314824680298,0.6234898018587336,1.2246467991473532e-16,-1.0,185,-0.04302223300453034,-0.99907411510223,-0.12053668025532283,-0.992708874098054,0,Winter,0,0,0,1,1,1,0,0,0,184,0,0,0,0,0,1,2,244.0,366.0,519.0,204.0,299.0,162.0,266.0,355.0,376.3333333333333,137.79090439260958,519.0,244.0,337.0,107.11053480711747,519.0,202.0,319.42857142857144,126.74973177681446,628.0,202.0,289.43333333333334,107.4249323572234,628.0,162.0,255.5,93.91566718270602,628.0,134.0,319.96666666666664,179.71459583199194,1090.0,133.0,337.1620282564513,324.8139397479566,300.11613322159354,413.0,204.0,299.0,162.0,269.5,5.638354669333745
2023-07-05,2023,7,5,2,Wednesday,27,3,0,1,9.6,0.2,Sunny,1,0,1,1,20,202.0,222.0,178.0,344.85714285714283,336.85714285714283,294.6333333333333,380.9425444596443,390,0.9749279121818236,-0.22252093395631434,1.2246467991473532e-16,-1.0,186,-0.060213277365792774,-0.9981855344718586,-0.12053668025532283,-0.992708874098054,0,Winter,0,0,0,1,3,0,0,0,1,185,0,0,0,0,1,1,4,280.0,244.0,366.0,222.0,240.0,262.0,158.0,383.0,296.6666666666667,62.684394655553945,366.0,244.0,318.0,103.10350786143684,519.0,202.0,324.85714285714283,122.99772176930541,628.0,202.0,287.56666666666666,107.07383315790295,628.0,162.0,255.73333333333332,93.95957779751318,628.0,134.0,319.1333333333333,179.7242081947671,1090.0,133.0,322.8715211923385,318.8387477815624,298.8183181750391,202.0,222.0,240.0,262.0,231.5,5.968707559985366
2023-07-06,2023,7,6,3,Thursday,27,3,0,1,9.5,1.3,Cloudy,1,0,0,0,25,292.0,214.0,162.0,334.1428571428572,337.07142857142856,296.46666666666664,380.9425444596443,217,0.43388373911755823,-0.900968867902419,1.2246467991473532e-16,-1.0,187,-0.07738647923346322,-0.9970011699250151,-0.12053668025532283,-0.992708874098054,0,Winter,0,0,0,1,1,1,0,0,0,186,0,0,0,0,0,1,2,390.0,280.0,244.0,214.0,164.0,272.0,245.0,810.0,304.6666666666667,76.06137872358904,390.0,244.0,344.85714285714283,91.70683102769893,519.0,244.0,336.85714285714283,120.35770861053285,628.0,202.0,294.6333333333333,106.58798642705806,628.0,162.0,259.6,94.6406584787324,628.0,134.0,319.2111111111111,179.75367005329264,1090.0,133.0,339.65364089425384,328.32691474402077,304.70100732503664,292.0,214.0,164.0,272.0,235.5,5.384495062789089
2023-07-07,2023,7,7,4,Friday,27,3,0,1,7.5,2.0,Cloudy,1,0,0,1,20,323.0,231.0,262.0,324.2857142857143,338.7142857142857,296.2,380.9425444596443,254,-0.433883739117558,-0.9009688679024191,1.2246467991473532e-16,-1.0,188,-0.09453674981719933,-0.9955213724144752,-0.12053668025532283,-0.992708874098054,0,Winter,0,0,0,1,1,1,0,0,0,187,0,0,0,0,0,1,3,217.0,390.0,280.0,231.0,217.0,220.0,253.0,818.0,295.6666666666667,87.55760008893141,390.0,217.0,334.14285714285717,102.64084400053865,519.0,217.0,337.07142857142856,120.12459191363564,628.0,202.0,296.46666666666664,104.68400178577936,628.0,164.0,259.1333333333333,94.78279659871497,628.0,134.0,312.6222222222222,172.27425076938326,1090.0,133.0,308.9902306706904,313.4833261114847,299.0428778201956,323.0,231.0,217.0,220.0,247.75,5.541263545158426
2023-07-08,2023,7,8,5,Saturday,27,3,0,1,11.6,3.5,Cloudy,1,0,0,0,25,519.0,324.0,272.0,299.0,340.0,298.53333333333336,380.9425444596443,342,-0.9749279121818236,-0.2225209339563146,1.2246467991473532e-16,-1.0,189,-0.11165900712169444,-0.9937465804361781,-0.12053668025532283,-0.992708874098054,1,Winter,0,0,0,1,1,1,0,0,0,188,0,1,1,0,0,1,2,254.0,217.0,390.0,324.0,297.0,478.0,170.0,1090.0,287.0,91.0988474131254,390.0,217.0,324.2857142857143,107.1054220316202,519.0,217.0,338.7142857142857,118.71130370092622,628.0,202.0,296.2,104.78496865091105,628.0,164.0,259.15,94.78178774498569,628.0,134.0,306.35555555555555,163.73020498664513,1090.0,133.0,295.2426730030178,305.55221596328676,296.1368857027636,519.0,324.0,297.0,478.0,404.5,5.83773044716594
2023-07-09,2023,7,9,6,Sunday,27,3,0,1,10.8,3.1,Cloudy,1,0,0,0,25,366.0,290.0,220.0,289.0,340.42857142857144,301.06666666666666,380.9425444596443,296,-0.7818314824680299,0.6234898018587334,1.2246467991473532e-16,-1.0,190,-0.12874817745258066,-0.99167731989929,-0.12053668025532283,-0.992708874098054,1,Winter,0,0,0,1,1,1,0,0,0,189,0,1,1,0,0,1,2,342.0,254.0,217.0,290.0,204.0,344.0,148.0,576.0,271.0,64.21059102671377,342.0,217.0,299.0,66.77574409918631,390.0,217.0,340.0,118.63713259670914,628.0,202.0,298.53333333333336,105.00664456261255,628.0,164.0,262.01666666666665,94.64071071316886,628.0,134.0,298.0444444444444,140.89719824896108,975.0,133.0,306.9320047522633,310.4119205015152,299.0957963025853,366.0,290.0,204.0,344.0,301.0,5.6937321388027
2023-07-10,2023,7,10,0,Monday,28,3,0,1,11.0,0.6,Cloudy,1,0,0,0,25,244.0,628.0,478.0,292.1428571428572,314.57142857142856,294.0,380.9425444596443,266,0.0,1.0,1.2246467991473532e-16,-1.0,191,-0.14579919691987442,-0.9893142039703664,-0.23931566428755743,-0.9709418174260521,0,Winter,0,0,0,1,1,1,0,0,0,190,0,0,0,0,0,1,2,296.0,342.0,254.0,628.0,213.0,325.0,195.0,337.0,297.3333333333333,44.015148907316465,342.0,254.0,289.0,59.963878015574274,390.0,217.0,340.42857142857144,118.45331068900829,628.0,202.0,301.06666666666666,103.95819230405287,628.0,164.0,264.48333333333335,93.54098017313773,628.0,134.0,294.93333333333334,137.7468611359585,975.0,133.0,304.1990035641975,308.49033110131325,298.89606750887015,244.0,628.0,213.0,325.0,352.5,5.58724865840025
2023-07-11,2023,7,11,1,Tuesday,28,3,0,0,7.9,5.7,Rainy,1,0,1,0,25,280.0,413.0,344.0,285.7142857142857,301.85714285714283,290.3666666666667,380.9425444596443,235,0.7818314824680298,0.6234898018587336,1.2246467991473532e-16,-1.0,192,-0.16280701293851646,-0.9866579328916572,-0.23931566428755743,-0.9709418174260521,0,Winter,0,0,0,1,0,0,0,1,0,191,0,0,0,0,1,1,2,266.0,296.0,342.0,413.0,204.0,299.0,208.0,489.0,301.3333333333333,38.27967258654707,342.0,266.0,292.14285714285717,57.74780968841617,390.0,217.0,314.57142857142856,85.88338630932031,519.0,202.0,294.0,98.58271513880074,628.0,164.0,265.6666666666667,93.09511568805146,628.0,134.0,294.14444444444445,137.70654037090577,975.0,133.0,294.6492526731481,302.8249536211382,296.77374057281406,280.0,413.0,204.0,299.0,299.0,5.4638318050256105
2023-07-12,2023,7,12,2,Wednesday,28,3,0,0,3.0,0.3,Sunny,1,0,0,0,25,390.0,202.0,325.0,259.7142857142857,302.2857142857143,286.46666666666664,380.9425444596443,208,0.9749279121818236,-0.22252093395631434,1.2246467991473532e-16,-1.0,193,-0.17976658572556214,-0.9837092937736098,-0.23931566428755743,-0.9709418174260521,0,Winter,0,0,0,1,3,0,0,0,1,192,0,0,0,0,0,1,1,235.0,266.0,296.0,202.0,222.0,240.0,285.0,975.0,265.6666666666667,30.50136608962339,296.0,235.0,285.7142857142857,61.69471691513056,390.0,217.0,301.85714285714283,83.32868851524205,519.0,202.0,290.3666666666667,98.68496840201018,628.0,164.0,266.1166666666667,92.8766434791586,628.0,134.0,291.3222222222222,136.26344508677448,975.0,133.0,279.7369395048611,293.7816264716531,292.7883379552132,390.0,202.0,222.0,240.0,263.5,5.342334251964811
2023-07-13,2023,7,13,3,Thursday,28,3,0,0,12.8,4.2,Cloudy,1,0,0,0,25,217.0,292.0,299.0,263.42857142857144,298.7857142857143,284.6,380.9425444596443,243,0.43388373911755823,-0.900968867902419,1.2246467991473532e-16,-1.0,194,-0.19667288979357622,-0.9804691603616321,-0.23931566428755743,-0.9709418174260521,0,Winter,0,0,0,1,1,1,0,0,0,193,0,0,0,0,0,1,1,208.0,235.0,266.0,292.0,214.0,164.0,264.0,389.0,236.33333333333334,29.022979401384934,266.0,208.0,259.7142857142857,47.02734766677154,342.0,208.0,302.2857142857143,82.78928634833034,519.0,208.0,286.46666666666664,99.57694419940769,628.0,164.0,264.8333333333333,93.14289489841094,628.0,134.0,282.8,115.41417356925541,834.0,133.0,261.8027046286458,282.3440762754327,287.318122603264,217.0,292.0,214.0,164.0,221.75,5.497168225293202
2023-07-14,2023,7,14,4,Friday,28,3,0,0,8.1,7.1,Rainy,1,0,1,0,25,254.0,323.0,240.0,253.8571428571429,289.07142857142856,282.8333333333333,380.9425444596443,187,-0.433883739117558,-0.9009688679024191,1.2246467991473532e-16,-1.0,195,-0.2135209154397959,-0.9769384927771817,-0.23931566428755743,-0.9709418174260521,0,Winter,0,0,0,1,0,0,0,1,0,194,0,0,0,0,1,1,2,243.0,208.0,235.0,323.0,231.0,217.0,219.0,834.0,228.66666666666666,18.33939293796854,243.0,208.0,263.42857142857144,44.022180556537165,342.0,208.0,298.7857142857143,84.27991691740267,519.0,208.0,284.6,99.85838248101227,628.0,164.0,264.48333333333335,93.18552511197977,628.0,134.0,281.1777777777778,114.92973698936451,834.0,133.0,257.10202847148435,277.0981994387084,284.4588888869244,254.0,323.0,231.0,217.0,256.25,5.236441962829949
2023-07-15,2023,7,15,5,Saturday,28,3,0,0,6.9,0.4,Sunny,1,0,1,0,25,342.0,519.0,164.0,256.85714285714283,277.92857142857144,289.46666666666664,380.9425444596443,363,-0.9749279121818236,-0.2225209339563146,1.2246467991473532e-16,-1.0,196,-0.23030567023061196,-0.973118337233262,-0.23931566428755743,-0.9709418174260521,1,Winter,0,0,0,1,3,0,0,0,1,195,0,0,1,1,1,1,2,187.0,243.0,208.0,519.0,324.0,297.0,203.0,550.0,212.66666666666666,28.29016319028936,243.0,187.0,253.85714285714286,52.81864750075954,342.0,187.0,289.07142857142856,88.98095240055476,519.0,187.0,282.8333333333333,101.1353082494568,628.0,164.0,263.95,93.5411492882647,628.0,134.0,273.9888888888889,99.10798723404227,628.0,133.0,239.57652135361326,265.0851061802139,278.1712186361551,342.0,519.0,324.0,297.0,370.5,5.8971538676367405
2023-07-16,2023,7,16,6,Sunday,28,3,0,0,11.6,2.6,Cloudy,1,0,0,0,25,296.0,366.0,217.0,254.7142857142857,271.85714285714283,291.6,380.9425444596443,281,-0.7818314824680299,0.6234898018587334,1.2246467991473532e-16,-1.0,197,-0.24702218048093527,-0.9690098257244063,-0.23931566428755743,-0.9709418174260521,1,Winter,0,0,0,1,1,1,0,0,0,196,0,0,1,0,0,1,1,363.0,187.0,243.0,366.0,290.0,204.0,137.0,384.0,264.3333333333333,89.91848160046534,363.0,187.0,256.85714285714283,58.905089116387,363.0,187.0,277.92857142857144,64.3242558457522,390.0,187.0,289.46666666666664,99.58663992009527,628.0,187.0,266.6166666666667,94.05337317528624,628.0,134.0,271.9111111111111,95.13711505859831,628.0,133.0,270.43239101520993,278.1404253561854,283.6440432402742,296.0,366.0,290.0,204.0,289.0,5.641907070938114
2023-07-17,2023,7,17,0,Monday,29,3,0,0,8.3,0.1,Sunny,1,0,0,1,20,266.0,244.0,297.0,262.85714285714283,277.5,292.46666666666664,380.9425444596443,323,0.0,1.0,1.2246467991473532e-16,-1.0,198,-0.2636654927280072,-0.9646141756912435,-0.3546048870425356,-0.9350162426854148,0,Winter,0,0,0,1,3,0,0,0,1,197,0,0,0,0,0,1,2,281.0,363.0,187.0,244.0,628.0,213.0,163.0,350.0,277.0,88.06815542521541,363.0,187.0,254.71428571428572,57.49989648023781,363.0,187.0,271.85714285714283,59.17751280662205,390.0,187.0,291.6,98.66194459032735,628.0,187.0,269.01666666666665,92.51449573393292,628.0,134.0,270.76666666666665,94.39018350216881,628.0,133.0,273.07429326140743,278.52170197536066,283.4734598054178,266.0,244.0,628.0,213.0,337.75,5.780743515792329
2023-07-18,2023,7,18,1,Tuesday,29,3,0,0,12.7,1.0,Cloudy,1,0,0,0,25,235.0,280.0,204.0,258.57142857142856,272.1428571428572,292.5,380.9425444596443,205,0.7818314824680298,0.6234898018587336,1.2246467991473532e-16,-1.0,199,-0.2802306751992161,-0.9599326896597445,-0.3546048870425356,-0.9350162426854148,0,Winter,0,0,0,1,1,1,0,0,0,198,0,0,0,0,0,1,1,323.0,281.0,363.0,280.0,413.0,204.0,258.0,251.0,322.3333333333333,41.00406483915043,363.0,281.0,262.85714285714283,63.12534771238492,363.0,187.0,277.5,60.07655372682595,390.0,187.0,292.46666666666664,98.82507476495451,628.0,187.0,271.68333333333334,91.70928490536302,628.0,134.0,270.46666666666664,94.17819590685377,628.0,133.0,285.55571994605555,284.45214171197927,286.0235591728102,235.0,280.0,413.0,204.0,283.0,5.327876168789581
2023-07-19,2023,7,19,2,Wednesday,29,3,0,0,11.4,1.5,Cloudy,1,0,0,0,25,208.0,390.0,213.0,256.2857142857143,258.0,291.8,380.9425444596443,192,0.9749279121818236,-0.22252093395631434,1.2246467991473532e-16,-1.0,200,-0.2967128192734901,-0.9549667548552553,-0.3546048870425356,-0.9350162426854148,0,Winter,0,0,0,1,1,1,0,0,0,199,0,0,0,0,0,1,1,205.0,323.0,281.0,390.0,202.0,222.0,261.0,316.0,269.6666666666667,59.81081284628415,323.0,205.0,258.57142857142856,66.27180683331603,363.0,187.0,272.14285714285717,63.104135111193486,390.0,187.0,292.5,98.79437021514381,628.0,187.0,270.8,92.09773732475146,628.0,134.0,269.9555555555556,94.40956806289704,628.0,133.0,265.4167899595417,273.8585228170487,280.79623277456443,208.0,390.0,202.0,222.0,255.5,5.262690188904886
2023-07-20,2023,7,20,3,Thursday,29,3,0,0,11.6,1.7,Cloudy,1,0,0,0,25,243.0,217.0,204.0,246.28571428571428,254.8571428571429,290.76666666666665,380.9425444596443,173,0.43388373911755823,-0.900968867902419,1.2246467991473532e-16,-1.0,201,-0.3131070409358267,-0.9497178427914317,-0.3546048870425356,-0.9350162426854148,0,Winter,0,0,0,1,1,1,0,0,0,200,0,0,0,0,0,1,1,192.0,205.0,323.0,217.0,292.0,214.0,389.0,492.0,240.0,72.17340230306372,323.0,192.0,256.2857142857143,68.54369478834698,363.0,187.0,258.0,56.50051054908778,363.0,187.0,291.8,99.44931129596311,628.0,187.0,269.65,92.65131005138149,628.0,134.0,268.5777777777778,94.63459920025458,628.0,133.0,247.06259246965627,262.9440531081089,275.0674435633022,243.0,217.0,292.0,214.0,241.5,5.159055299214529
2023-07-21,2023,7,21,4,Friday,29,3,0,0,5.4,5.5,Rainy,1,0,0,0,25,187.0,254.0,222.0,240.8571428571429,247.3571428571429,288.3333333333333,380.9425444596443,149,-0.433883739117558,-0.9009688679024191,1.2246467991473532e-16,-1.0,202,-0.3294084822245302,-0.9441875088341994,-0.3546048870425356,-0.9350162426854148,0,Winter,0,0,0,1,0,0,0,1,0,201,0,0,0,0,0,1,1,173.0,192.0,205.0,254.0,323.0,231.0,187.0,382.0,190.0,16.093476939426782,205.0,173.0,246.28571428571428,75.55288277251938,363.0,173.0,254.85714285714286,60.067727342823225,363.0,173.0,290.76666666666665,100.54804421470511,628.0,173.0,266.05,92.13023666785247,628.0,134.0,265.03333333333336,92.11283383602657,628.0,133.0,228.5469443522422,250.95151269369438,268.4824472043795,187.0,254.0,323.0,231.0,248.75,5.0106352940962555
2023-07-22,2023,7,22,5,Saturday,29,3,0,0,13.1,2.2,Cloudy,1,0,1,0,25,363.0,342.0,214.0,242.28571428571428,249.57142857142856,293.6333333333333,380.9425444596443,373,-0.9749279121818236,-0.2225209339563146,1.2246467991473532e-16,-1.0,203,-0.3456123126707333,-0.9383773917408642,-0.3546048870425356,-0.9350162426854148,1,Winter,0,0,0,1,1,1,0,0,0,202,0,0,1,0,1,1,2,149.0,173.0,192.0,342.0,519.0,324.0,154.0,455.0,171.33333333333334,21.54839514518857,192.0,149.0,240.85714285714286,81.64236761924624,363.0,149.0,247.35714285714286,66.40390065333439,363.0,149.0,288.3333333333333,103.12006170690928,628.0,149.0,265.4166666666667,92.81095998741336,628.0,134.0,262.44444444444446,92.06276695101407,628.0,133.0,208.66020826418165,237.35797766786848,260.77390222345184,363.0,342.0,519.0,324.0,387.0,5.924255797414532
2023-07-23,2023,7,23,6,Sunday,29,3,0,0,10.3,1.3,Cloudy,1,0,0,0,25,281.0,296.0,231.0,239.57142857142856,247.14285714285717,294.6666666666667,380.9425444596443,262,-0.7818314824680299,0.6234898018587334,1.2246467991473532e-16,-1.0,204,-0.3617137307297674,-0.9322892131745134,-0.3546048870425356,-0.9350162426854148,1,Winter,0,0,0,1,1,1,0,0,0,203,0,0,1,0,0,1,1,373.0,149.0,173.0,296.0,366.0,290.0,201.0,364.0,231.66666666666666,122.98509394773504,373.0,149.0,242.28571428571428,84.18375592657243,373.0,149.0,249.57142857142858,70.21035896144092,373.0,149.0,293.6333333333333,103.25378287579063,628.0,149.0,269.06666666666666,92.66119562762603,628.0,134.0,261.53333333333336,90.52868438583036,628.0,133.0,249.74515619813624,255.443580645486,268.0142956283904,281.0,296.0,366.0,290.0,308.25,5.572154032177765
2023-07-24,2023,7,24,0,Monday,30,3,0,0,8.4,3.3,Cloudy,1,0,0,0,25,323.0,266.0,324.0,219.14285714285717,241.0,289.8666666666667,380.9425444596443,180,0.0,1.0,1.2246467991473532e-16,-1.0,205,-0.37770796520396466,-0.9259247771938499,-0.46472317204376806,-0.8854560256532101,0,Winter,0,0,0,1,1,1,0,0,0,204,0,0,0,0,0,1,1,262.0,373.0,149.0,266.0,244.0,628.0,178.0,356.0,261.3333333333333,112.00148808535192,373.0,149.0,239.57142857142858,83.02581354184775,373.0,149.0,247.14285714285714,69.05945837616069,373.0,149.0,294.6666666666667,102.75928797129635,628.0,149.0,270.0833333333333,92.23538268587049,628.0,134.0,260.4,89.86754297797927,628.0,133.0,252.8088671486022,256.31776989275454,267.62627655559106,323.0,266.0,244.0,628.0,365.25,5.198497031265826
2023-07-25,2023,7,25,1,Tuesday,30,3,0,0,9.9,6.0,Rainy,1,0,0,0,25,205.0,235.0,290.0,206.42857142857144,232.5,284.06666666666666,380.9425444596443,116,0.7818314824680298,0.6234898018587336,1.2246467991473532e-16,-1.0,206,-0.39359027665646645,-0.9192859697186105,-0.46472317204376806,-0.8854560256532101,0,Winter,0,0,0,1,0,0,0,1,0,205,0,0,0,0,0,1,1,180.0,262.0,373.0,235.0,280.0,413.0,264.0,276.0,271.6666666666667,96.86244542304944,373.0,180.0,219.14285714285714,76.40555950851653,373.0,149.0,241.0,71.04927867332559,373.0,149.0,289.8666666666667,104.68696633077217,628.0,149.0,270.1166666666667,92.20189557716553,628.0,134.0,258.44444444444446,89.67859102310993,628.0,133.0,234.60665036145164,246.14206724038726,261.97296839071424,205.0,235.0,280.0,413.0,283.25,4.762173934797756
2023-07-26,2023,7,26,2,Wednesday,30,3,0,0,4.2,0.0,Partly Cloudy,1,0,0,0,25,192.0,208.0,628.0,205.28571428571428,230.78571428571428,269.26666666666665,380.9425444596443,184,0.9749279121818236,-0.22252093395631434,1.2246467991473532e-16,-1.0,207,-0.4093559588156211,-0.9123747579707274,-0.46472317204376806,-0.8854560256532101,0,Winter,0,0,0,1,2,0,1,0,0,206,0,0,0,0,0,1,1,116.0,180.0,262.0,208.0,390.0,202.0,269.0,366.0,186.0,73.18469785412698,262.0,116.0,206.42857142857142,85.95901570488292,373.0,116.0,232.5,78.54518542753608,373.0,116.0,284.06666666666666,109.39360547829214,628.0,116.0,267.65,94.32360902944141,628.0,116.0,256.6666666666667,90.90419700821268,628.0,116.0,204.95498777108872,228.78979160833563,252.5553575267972,192.0,208.0,390.0,202.0,248.0,5.220355825078325
2023-07-27,2023,7,27,3,Thursday,30,3,0,0,10.7,8.1,Rainy,1,0,0,1,20,173.0,243.0,413.0,199.14285714285717,222.7142857142857,259.8333333333333,380.9425444596443,130,0.43388373911755823,-0.900968867902419,1.2246467991473532e-16,-1.0,208,-0.42500033996955394,-0.9051931898913975,-0.46472317204376806,-0.8854560256532101,0,Winter,0,0,0,1,0,0,0,1,0,207,0,0,0,0,0,1,2,184.0,116.0,180.0,243.0,217.0,292.0,214.0,341.0,160.0,38.15756805667582,184.0,116.0,205.28571428571428,86.23555779706741,373.0,116.0,230.78571428571428,79.37852700479155,373.0,116.0,269.26666666666665,89.48008190357935,519.0,116.0,266.23333333333335,94.939296692661,628.0,116.0,254.64444444444445,90.46798566047136,628.0,116.0,199.71624082831653,222.8178193938909,248.13243123474578,173.0,243.0,217.0,292.0,231.25,4.875197323201151
2023-07-28,2023,7,28,4,Friday,30,3,0,0,6.4,0.2,Sunny,1,0,0,0,25,149.0,187.0,202.0,211.8571428571429,226.3571428571429,261.03333333333336,380.9425444596443,238,-0.433883739117558,-0.9009688679024191,1.2246467991473532e-16,-1.0,209,-0.4405187843504952,-0.8977433935342336,-0.46472317204376806,-0.8854560256532101,0,Winter,0,0,0,1,3,0,0,0,1,208,0,0,0,0,0,1,1,130.0,184.0,116.0,187.0,254.0,323.0,234.0,439.0,143.33333333333334,35.90728802531838,184.0,116.0,199.14285714285714,90.35195731402895,373.0,116.0,222.71428571428572,83.67007421223664,373.0,116.0,259.8333333333333,88.71888316409908,519.0,116.0,264.8333333333333,96.33173028595999,628.0,116.0,252.3,90.93774262487466,628.0,116.0,182.28718062123738,210.44211014137213,240.51098405831058,149.0,187.0,254.0,323.0,228.25,5.476463551931511
2023-07-29,2023,7,29,5,Saturday,30,3,0,0,5.4,3.4,Cloudy,1,0,0,0,25,373.0,363.0,292.0,198.57142857142856,220.42857142857144,260.6333333333333,380.9425444596443,280,-0.9749279121818236,-0.2225209339563146,1.2246467991473532e-16,-1.0,210,-0.455906693508459,-0.8900275764346766,-0.46472317204376806,-0.8854560256532101,1,Winter,0,0,0,1,1,1,0,0,0,209,0,0,1,0,0,1,1,238.0,130.0,184.0,363.0,342.0,519.0,134.0,384.0,184.0,53.999999999998685,238.0,130.0,211.85714285714286,88.35992411990925,373.0,116.0,226.35714285714286,83.10383416393688,373.0,116.0,261.03333333333336,88.15131322327825,519.0,116.0,264.9,96.31141228116819,628.0,116.0,250.06666666666666,88.74275409572584,628.0,116.0,196.21538546592802,214.11649545585584,240.3489850868067,373.0,363.0,342.0,519.0,399.25,5.638354669333745
2023-07-30,2023,7,30,6,Sunday,30,3,0,0,4.9,0.7,Cloudy,1,0,1,0,25,262.0,281.0,323.0,197.8571428571429,218.7142857142857,258.43333333333334,380.9425444596443,257,-0.7818314824680299,0.6234898018587334,1.2246467991473532e-16,-1.0,211,-0.47115950767386394,-0.8820480249558535,-0.46472317204376806,-0.8854560256532101,1,Winter,0,0,0,1,1,1,0,0,0,210,0,0,1,0,1,1,2,280.0,238.0,130.0,281.0,296.0,366.0,187.0,196.0,216.0,77.3821684886116,280.0,130.0,198.57142857142858,63.62090102803455,280.0,116.0,220.42857142857142,75.18972340349693,373.0,116.0,260.6333333333333,88.0330985299371,519.0,116.0,267.3333333333333,94.78032883707047,628.0,116.0,248.9111111111111,87.64953763819777,628.0,116.0,217.16153909944603,222.90096272840842,242.90711508120629,262.0,281.0,296.0,366.0,301.25,5.552959584921617
2023-07-31,2023,7,31,0,Monday,31,3,0,0,12.8,0.3,Partly Cloudy,1,0,1,0,25,180.0,323.0,519.0,209.57142857142856,214.3571428571429,249.86666666666667,380.9425444596443,262,0.0,1.0,1.2246467991473532e-16,-1.0,212,-0.4862727071086902,-0.8738071036110807,-0.5680647467311556,-0.8229838658936565,0,Winter,0,0,0,1,2,0,1,0,0,211,0,0,0,0,1,1,2,257.0,280.0,238.0,323.0,266.0,244.0,140.0,202.0,258.3333333333333,21.03172207246056,280.0,238.0,197.85714285714286,62.81302564338157,280.0,116.0,218.71428571428572,73.96613421687576,373.0,116.0,258.43333333333334,87.24190836239572,519.0,116.0,268.5,94.20379998812854,628.0,116.0,249.5888888888889,87.47145851608639,628.0,116.0,227.12115432458452,227.4475010312873,243.81633346306398,180.0,323.0,266.0,244.0,253.25,5.572154032177765
2023-08-01,2023,8,1,1,Tuesday,31,3,0,0,9.1,1.2,Cloudy,1,0,0,0,25,116.0,205.0,366.0,217.14285714285717,211.78571428571428,243.3,380.9425444596443,169,0.7818314824680298,0.6234898018587336,-0.4999999999999997,-0.8660254037844388,213,-0.5012418134457756,-0.8653072543632061,-0.5680647467311556,-0.8229838658936565,0,Winter,0,0,0,1,1,1,0,0,0,212,0,0,0,0,0,1,1,262.0,257.0,280.0,205.0,235.0,280.0,317.0,133.0,266.3333333333333,12.096831541078359,280.0,257.0,209.57142857142858,66.46767922044752,280.0,116.0,214.35714285714286,68.97893451332278,373.0,116.0,249.86666666666667,72.07263258558065,390.0,116.0,270.53333333333336,92.68764140950202,628.0,116.0,250.25555555555556,87.33321968714957,628.0,116.0,235.8408657434384,232.05450089378232,244.98947323964052,116.0,205.0,235.0,280.0,209.0,5.135798437050262
2023-08-02,2023,8,2,2,Wednesday,31,3,0,0,15.6,2.1,Cloudy,1,0,0,1,20,184.0,192.0,244.0,231.42857142857144,218.3571428571429,244.63333333333333,380.9425444596443,284,0.9749279121818236,-0.22252093395631434,-0.4999999999999997,-0.8660254037844388,214,-0.5160623910158526,-0.8565509959010037,-0.5680647467311556,-0.8229838658936565,0,Winter,0,0,0,1,1,1,0,0,0,213,0,0,0,0,0,1,2,169.0,262.0,257.0,192.0,208.0,390.0,346.0,174.0,229.33333333333334,52.309973555080404,262.0,169.0,217.14285714285714,56.268489024877795,280.0,130.0,211.78571428571428,70.01777639277668,373.0,116.0,243.3,70.07343438776613,390.0,116.0,268.06666666666666,93.396705684774,628.0,116.0,250.65555555555557,86.8713579608241,628.0,116.0,219.1306493075788,223.64723410794468,240.08692657901855,184.0,192.0,208.0,390.0,243.5,5.652489180268651
2023-08-03,2023,8,3,3,Thursday,31,3,0,0,9.4,1.0,Cloudy,1,0,0,1,20,130.0,173.0,280.0,246.57142857142856,222.8571428571429,243.16666666666663,380.9425444596443,236,0.43388373911755823,-0.900968867902419,-0.4999999999999997,-0.8660254037844388,215,-0.5307300481619331,-0.8475409228928312,-0.5680647467311556,-0.8229838658936565,0,Winter,0,0,0,1,1,1,0,0,0,214,0,0,0,0,0,1,2,284.0,169.0,262.0,173.0,243.0,217.0,336.0,266.0,238.33333333333334,61.04370019365811,284.0,169.0,231.42857142857142,59.075818919015646,284.0,130.0,218.35714285714286,72.29810843664136,373.0,116.0,244.63333333333333,70.46666286062266,390.0,116.0,267.03333333333336,92.86129015386058,628.0,116.0,251.87777777777777,86.55398104914507,628.0,116.0,235.3479869806841,231.69426956021874,242.9200280900496,130.0,173.0,243.0,217.0,190.75,5.4680601411351315
2023-08-04,2023,8,4,4,Friday,31,3,0,0,5.9,0.1,Sunny,1,0,0,0,25,238.0,149.0,390.0,247.7142857142857,229.78571428571428,238.36666666666667,380.9425444596443,246,-0.433883739117558,-0.9009688679024191,-0.4999999999999997,-0.8660254037844388,216,-0.5452404385406507,-0.8382797052177745,-0.5680647467311556,-0.8229838658936565,0,Winter,0,0,0,1,3,0,0,0,1,215,0,0,0,0,0,1,1,236.0,284.0,169.0,149.0,187.0,254.0,178.0,158.0,229.66666666666666,57.76100183803265,284.0,169.0,246.57142857142858,38.875258382236794,284.0,169.0,222.85714285714286,71.2102597867819,373.0,116.0,243.16666666666666,70.16241421028857,390.0,116.0,265.3666666666667,92.4991922395633,628.0,116.0,251.54444444444445,86.55675037918664,628.0,116.0,235.51099023551308,232.26836695218958,242.47357466488512,238.0,149.0,187.0,254.0,207.0,5.5093883366279774
2023-08-05,2023,8,5,5,Saturday,31,3,0,0,7.7,1.8,Cloudy,1,0,0,0,25,280.0,373.0,217.0,254.8571428571429,226.7142857142857,242.13333333333333,380.9425444596443,330,-0.9749279121818236,-0.2225209339563146,-0.4999999999999997,-0.8660254037844388,217,-0.5595892624101763,-0.828770087174504,-0.5680647467311556,-0.8229838658936565,1,Winter,0,0,0,1,1,1,0,0,0,216,0,0,1,0,0,1,1,246.0,236.0,284.0,373.0,363.0,342.0,162.0,245.0,255.33333333333334,25.32455988429459,284.0,236.0,247.71428571428572,38.69846803907601,284.0,169.0,229.78571428571428,68.12339321625558,373.0,116.0,238.36666666666667,64.46516478893373,373.0,116.0,266.5,91.82472249354683,628.0,116.0,252.5222222222222,85.9833048568584,628.0,116.0,238.1332426766348,234.0992513585643,242.70108597682804,280.0,373.0,363.0,342.0,339.5,5.802118375377063
2023-08-06,2023,8,6,6,Sunday,31,3,0,0,14.7,4.7,Cloudy,1,0,1,0,25,257.0,262.0,254.0,277.0,237.42857142857144,247.4,380.9425444596443,412,-0.7818314824680299,0.6234898018587334,-0.4999999999999997,-0.8660254037844388,218,-0.5737722679043243,-0.8190148866680802,-0.5680647467311556,-0.8229838658936565,1,Winter,0,0,0,1,1,1,0,0,0,217,0,0,1,0,1,1,2,330.0,246.0,236.0,262.0,281.0,296.0,262.0,253.0,270.6666666666667,51.62686639079724,330.0,236.0,254.85714285714286,48.916352315043774,330.0,169.0,226.71428571428572,61.85022675342767,330.0,116.0,242.13333333333333,66.44454952002876,373.0,116.0,269.3,91.1430799180557,628.0,116.0,253.46666666666667,86.36572353802909,628.0,116.0,261.0999320074761,246.88601784408905,248.333273978323,257.0,262.0,281.0,296.0,274.0,6.023447592961033
2023-08-07,2023,8,7,0,Monday,32,3,0,0,10.5,1.0,Cloudy,1,0,0,0,25,262.0,180.0,342.0,270.2857142857143,239.92857142857144,243.16666666666663,380.9425444596443,215,0.0,1.0,-0.4999999999999997,-0.8660254037844388,219,-0.5877852522924734,-0.8090169943749472,-0.663122658240795,-0.7485107481711013,0,Winter,0,0,0,1,1,1,0,0,0,218,0,0,0,0,0,1,1,412.0,330.0,246.0,180.0,323.0,266.0,272.0,170.0,329.3333333333333,83.00200800783831,412.0,246.0,277.0,77.04327788111465,412.0,169.0,237.42857142857142,79.0372008669272,412.0,116.0,247.4,73.3233744543943,412.0,116.0,271.8,92.9781822412188,628.0,116.0,255.23333333333332,87.96744162766662,628.0,116.0,298.8249490056071,268.90121546487717,258.8924175926248,262.0,180.0,323.0,266.0,257.75,5.375278407684165
2023-08-08,2023,8,8,1,Tuesday,32,3,0,0,9.4,0.5,Cloudy,1,0,0,0,25,169.0,116.0,296.0,274.2857142857143,245.7142857142857,239.86666666666667,380.9425444596443,197,0.7818314824680298,0.6234898018587336,-0.4999999999999997,-0.8660254037844388,220,-0.6016240632249227,-0.7987793728863648,-0.663122658240795,-0.7485107481711013,0,Winter,0,0,0,1,1,1,0,0,0,219,0,0,0,0,0,1,1,215.0,412.0,330.0,116.0,205.0,235.0,220.0,148.0,319.0,98.95958771134768,412.0,215.0,270.2857142857143,80.53718454998334,412.0,169.0,239.92857142857142,77.62182909239016,412.0,116.0,243.16666666666666,71.31188580784607,412.0,116.0,270.85,93.26685334138452,628.0,116.0,255.73333333333332,87.60467895769597,628.0,116.0,277.8687117542053,261.7143867362269,256.0606487156812,169.0,116.0,205.0,235.0,181.25,5.288267030694535
2023-08-09,2023,8,9,2,Wednesday,32,3,0,0,11.5,1.2,Cloudy,1,0,0,0,25,284.0,184.0,266.0,268.2857142857143,249.8571428571429,239.06666666666663,380.9425444596443,242,0.9749279121818236,-0.22252093395631434,-0.4999999999999997,-0.8660254037844388,221,-0.6152845999633277,-0.7883050558305253,-0.663122658240795,-0.7485107481711013,0,Winter,0,0,0,1,1,1,0,0,0,220,0,0,0,0,0,1,1,197.0,215.0,412.0,184.0,192.0,208.0,478.0,195.0,274.6666666666667,119.27419391189876,412.0,197.0,274.2857142857143,75.18580159780664,412.0,197.0,245.71428571428572,70.35233151396213,412.0,130.0,239.86666666666667,71.07292676920126,412.0,116.0,270.46666666666664,93.52629770060321,628.0,116.0,256.27777777777777,87.0782971681403,628.0,116.0,257.651533815654,253.08580183806333,252.25028428241149,284.0,184.0,192.0,208.0,217.0,5.493061443340548
2023-08-10,2023,8,10,3,Thursday,32,3,0,0,12.5,0.1,Sunny,1,0,0,0,25,236.0,130.0,235.0,280.7142857142857,263.6428571428572,242.0,380.9425444596443,323,0.43388373911755823,-0.900968867902419,-0.4999999999999997,-0.8660254037844388,222,-0.6287628145958345,-0.7775971469736268,-0.663122658240795,-0.7485107481711013,0,Winter,0,0,0,1,3,0,0,0,1,221,0,0,0,0,0,1,1,242.0,197.0,215.0,130.0,173.0,243.0,344.0,208.0,218.0,22.649503305809354,242.0,197.0,268.2857142857143,75.95330645801234,412.0,197.0,249.85714285714286,68.11060816829362,412.0,130.0,239.06666666666666,70.90349601484013,412.0,116.0,266.53333333333336,89.52747266388043,628.0,116.0,256.8,86.84730239094561,628.0,116.0,253.7386503617405,251.60769492632159,251.58897561903012,236.0,130.0,173.0,243.0,195.5,5.780743515792329
2023-08-11,2023,8,11,4,Friday,32,3,0,0,14.4,3.4,Cloudy,1,0,0,0,25,246.0,238.0,208.0,275.0,261.35714285714283,241.9333333333333,380.9425444596443,206,-0.433883739117558,-0.9009688679024191,-0.4999999999999997,-0.8660254037844388,223,-0.6420547132365636,-0.7666588193001592,-0.663122658240795,-0.7485107481711013,0,Winter,0,0,0,1,1,1,0,0,0,222,0,0,0,0,0,1,1,323.0,242.0,197.0,238.0,149.0,187.0,325.0,285.0,254.0,63.851389961377386,323.0,197.0,280.7142857142857,76.9019165034575,412.0,197.0,263.64285714285717,61.16259181364477,412.0,169.0,242.0,72.53108727083628,412.0,116.0,266.18333333333334,89.2601400338919,628.0,116.0,258.0777777777778,86.9671548199562,628.0,116.0,271.0539877713054,261.1266689361454,256.19613848231853,246.0,238.0,149.0,187.0,205.0,5.332718793265369
2023-08-12,2023,8,12,5,Saturday,32,3,0,0,15.3,3.5,Cloudy,1,0,0,0,25,330.0,280.0,243.0,281.57142857142856,268.2142857142857,246.36666666666667,380.9425444596443,376,-0.9749279121818236,-0.2225209339563146,-0.4999999999999997,-0.8660254037844388,224,-0.655156357209085,-0.7554933140726804,-0.663122658240795,-0.7485107481711013,1,Winter,0,0,0,1,1,1,0,0,0,223,0,0,1,0,0,1,1,206.0,323.0,242.0,280.0,373.0,363.0,299.0,264.0,257.0,59.92495306631358,323.0,206.0,275.0,81.27320181544047,412.0,197.0,261.35714285714283,62.77138880690103,412.0,169.0,241.93333333333334,72.56432738746646,412.0,116.0,264.2,89.25317256859421,628.0,116.0,257.2,87.09096368198172,628.0,116.0,254.79049082847905,253.77644641132602,252.95767793507218,330.0,280.0,373.0,363.0,336.5,5.932245187448011
2023-08-13,2023,8,13,6,Sunday,32,3,0,0,9.9,1.8,Cloudy,1,0,1,0,25,412.0,257.0,187.0,264.7142857142857,270.85714285714283,249.9333333333333,380.9425444596443,294,-0.7818314824680299,0.6234898018587334,-0.4999999999999997,-0.8660254037844388,225,-0.6680638642135333,-0.7441039398713608,-0.663122658240795,-0.7485107481711013,1,Winter,0,0,0,1,1,1,0,0,0,224,0,0,1,0,1,1,2,376.0,206.0,323.0,257.0,262.0,281.0,240.0,219.0,301.6666666666667,86.98467297940046,376.0,206.0,281.57142857142856,88.03949330245132,412.0,197.0,268.2142857142857,69.81313362379258,412.0,169.0,246.36666666666667,76.58328048976959,412.0,116.0,265.48333333333335,90.3093537709744,628.0,116.0,258.44444444444446,87.98481880174334,628.0,116.0,285.0928681213593,270.07292022314925,260.89589226184177,412.0,257.0,262.0,281.0,303.0,5.68697535633982
2023-08-14,2023,8,14,0,Monday,33,3,0,0,7.0,0.9,Cloudy,1,0,0,0,25,215.0,262.0,363.0,261.0,265.6428571428572,244.13333333333333,380.9425444596443,189,0.0,1.0,-0.4999999999999997,-0.8660254037844388,226,-0.680773409477016,-0.732494071613579,-0.7485107481711011,-0.6631226582407952,0,Winter,0,0,0,1,1,1,0,0,0,225,0,0,0,0,0,1,1,294.0,376.0,206.0,262.0,180.0,323.0,164.0,203.0,292.0,85.01764522732856,376.0,206.0,264.7142857142857,67.89627944081131,376.0,197.0,270.85714285714283,70.05586467829848,412.0,169.0,249.93333333333334,76.21382503481105,412.0,116.0,266.3833333333333,90.3201634238108,628.0,116.0,259.27777777777777,87.96220176204405,628.0,116.0,287.31965109101947,273.26319752672936,263.0316411481746,215.0,262.0,180.0,323.0,245.0,5.247024072160486
2023-08-15,2023,8,15,1,Tuesday,33,3,0,0,9.8,3.2,Cloudy,1,0,0,0,25,197.0,169.0,281.0,267.85714285714283,271.07142857142856,242.9333333333333,380.9425444596443,245,0.7818314824680298,0.6234898018587336,-0.4999999999999997,-0.8660254037844388,227,-0.6932812268869771,-0.7206671495538615,-0.7485107481711011,-0.6631226582407952,0,Winter,0,0,0,1,1,1,0,0,0,226,0,0,0,0,0,1,1,189.0,294.0,376.0,169.0,116.0,205.0,217.0,137.0,286.3333333333333,93.73544331432606,376.0,189.0,261.0,71.6751932912169,376.0,189.0,265.64285714285717,73.40258551603922,412.0,169.0,244.13333333333333,73.89822140239096,412.0,116.0,266.8,89.89651300716504,628.0,116.0,259.1222222222222,88.07515021215666,628.0,116.0,262.7397383182646,262.02810452316544,258.25540623538916,197.0,169.0,116.0,205.0,171.75,5.5053315359323625
2023-08-16,2023,8,16,2,Wednesday,33,3,0,0,11.8,1.6,Cloudy,0,0,0,0,25,242.0,284.0,323.0,260.1428571428572,264.2142857142857,238.4333333333333,380.9425444596443,188,0.9749279121818236,-0.22252093395631434,-0.4999999999999997,-0.8660254037844388,228,-0.7055836101071774,-0.70862667826446,-0.7485107481711011,-0.6631226582407952,0,Winter,0,0,0,1,1,1,0,0,0,227,0,0,0,0,0,0,0,245.0,189.0,294.0,284.0,184.0,192.0,297.0,163.0,242.66666666666666,52.53887449625485,294.0,189.0,267.85714285714283,66.65190312718886,376.0,189.0,271.07142857142856,68.34129766863414,412.0,189.0,242.93333333333334,73.57048383661777,412.0,116.0,267.26666666666665,89.70608630914566,628.0,116.0,260.3222222222222,87.12316321185787,628.0,116.0,258.3048037386984,259.75769058674337,257.4002187363318,242.0,284.0,184.0,192.0,225.5,5.241747015059643
2023-08-17,2023,8,17,3,Thursday,33,3,0,0,8.1,3.5,Cloudy,0,0,0,0,25,323.0,236.0,205.0,236.0,258.35714285714283,236.7333333333333,380.9425444596443,154,0.43388373911755823,-0.900968867902419,-0.4999999999999997,-0.8660254037844388,229,-0.7176769136759615,-0.6963762255968726,-0.7485107481711011,-0.6631226582407952,0,Winter,0,0,0,1,1,1,0,0,0,228,0,0,0,0,0,0,0,188.0,245.0,189.0,236.0,130.0,173.0,204.0,258.0,207.33333333333334,32.62412195497691,245.0,188.0,260.14285714285717,72.9690084246467,376.0,188.0,264.2142857142857,71.67896223002614,412.0,188.0,238.43333333333334,72.62690834733341,412.0,116.0,265.45,90.19609991944165,628.0,116.0,260.6,86.84880313937347,628.0,116.0,240.7286028040238,250.1899985085109,252.9227852694717,323.0,236.0,130.0,173.0,215.5,5.043425116919247
2023-08-18,2023,8,18,4,Friday,33,3,0,0,8.1,2.0,Cloudy,0,0,0,0,25,206.0,246.0,192.0,225.0,250.0,234.63333333333333,380.9425444596443,129,-0.433883739117558,-0.9009688679024191,-0.4999999999999997,-0.8660254037844388,230,-0.7295575540864876,-0.6839194216246105,-0.7485107481711011,-0.6631226582407952,0,Winter,0,0,0,1,1,1,0,0,0,229,0,0,0,0,0,0,0,154.0,188.0,245.0,246.0,238.0,149.0,213.0,261.0,195.66666666666666,45.98188048931016,245.0,154.0,236.0,76.57458237996875,376.0,154.0,258.35714285714283,77.29225968098805,412.0,154.0,236.73333333333332,74.02000350945846,412.0,116.0,264.6166666666667,91.0008552142091,628.0,116.0,259.44444444444446,87.57264863536908,628.0,116.0,219.04645210301786,237.3646653740428,246.5406700907961,206.0,246.0,238.0,149.0,209.75,4.867534450455582
2023-08-19,2023,8,19,5,Saturday,33,3,0,0,12.0,3.1,Cloudy,0,0,0,0,25,376.0,330.0,173.0,216.0,248.78571428571428,239.3,380.9425444596443,313,-0.9749279121818236,-0.2225209339563146,-0.4999999999999997,-0.8660254037844388,231,-0.7412220108485957,-0.6712599575675315,-0.7485107481711011,-0.6631226582407952,1,Winter,0,0,0,1,1,1,0,0,0,230,0,0,0,0,0,0,0,129.0,154.0,188.0,330.0,280.0,373.0,204.0,389.0,157.0,29.614185789919247,188.0,129.0,225.0,86.49084729996932,376.0,129.0,250.0,84.70128506880857,412.0,129.0,234.63333333333333,76.19461621551682,412.0,116.0,263.21666666666664,92.44312803504589,628.0,116.0,257.97777777777776,88.64510452813552,628.0,116.0,196.5348390772634,222.91604332417043,238.95740105268024,376.0,330.0,280.0,373.0,339.75,5.749392985908253
2023-08-20,2023,8,20,6,Sunday,33,3,0,0,10.9,1.8,Cloudy,0,0,1,0,25,294.0,412.0,149.0,209.57142857142856,237.14285714285717,242.63333333333333,380.9425444596443,249,-0.7818314824680299,0.6234898018587334,-0.4999999999999997,-0.8660254037844388,232,-0.7526668275320083,-0.6584015846980489,-0.7485107481711011,-0.6631226582407952,1,Winter,0,0,0,1,1,1,0,0,0,231,0,0,0,0,0,1,1,313.0,129.0,154.0,412.0,257.0,262.0,222.0,187.0,198.66666666666666,99.80146959505758,313.0,129.0,216.0,69.8331344468126,313.0,129.0,248.78571428571428,83.58061844841579,412.0,129.0,239.3,76.57592581087816,412.0,116.0,265.03333333333336,92.33064508925953,628.0,116.0,257.1333333333333,87.74032165967878,628.0,116.0,225.65112930794754,234.92723754761437,243.73434292024928,294.0,412.0,257.0,262.0,306.25,5.521460917862246
2023-08-21,2023,8,21,0,Monday,34,3,0,0,11.1,1.1,Cloudy,0,0,0,0,25,189.0,215.0,373.0,206.0,233.5,235.66666666666663,380.9425444596443,164,0.0,1.0,-0.4999999999999997,-0.8660254037844388,233,-0.7638886127905429,-0.64534811322955,-0.8229838658936564,-0.5680647467311559,0,Winter,0,0,0,1,1,1,0,0,0,232,0,0,0,0,0,0,0,249.0,313.0,129.0,215.0,262.0,180.0,214.0,154.0,230.33333333333334,93.40949273673,313.0,129.0,209.57142857142858,63.21354586599548,313.0,129.0,237.14285714285714,69.21411277039736,376.0,129.0,242.63333333333333,74.66222020832754,412.0,116.0,265.48333333333335,92.18303304795757,628.0,116.0,257.8222222222222,87.42631925442764,628.0,116.0,231.48834698096067,236.80360587459916,244.0740627318461,189.0,215.0,262.0,180.0,211.5,5.10594547390058
2023-08-22,2023,8,22,1,Tuesday,34,3,0,0,8.7,6.3,Rainy,0,0,0,0,25,245.0,197.0,262.0,194.14285714285717,231.0,232.33333333333331,380.9425444596443,162,0.7818314824680298,0.6234898018587336,-0.4999999999999997,-0.8660254037844388,234,-0.7748840413670406,-0.6321034111873488,-0.8229838658936564,-0.5680647467311559,0,Winter,0,0,0,1,0,0,0,1,0,233,0,0,0,0,0,0,0,164.0,249.0,313.0,197.0,169.0,116.0,231.0,201.0,242.0,74.74623736349464,313.0,164.0,206.0,65.24313501562135,313.0,129.0,233.5,71.76430439024166,376.0,129.0,235.66666666666666,71.77327008608839,412.0,116.0,264.65,92.87969711187237,628.0,116.0,257.93333333333334,87.29914989868908,628.0,116.0,214.61626023572052,227.0964584246526,238.90799416850123,245.0,197.0,169.0,116.0,181.75,5.093750200806762
2023-08-23,2023,8,23,2,Wednesday,34,3,0,0,10.3,1.6,Cloudy,0,0,0,0,25,188.0,242.0,180.0,197.7142857142857,228.92857142857144,233.4333333333333,380.9425444596443,213,0.9749279121818236,-0.22252093395631434,-0.4999999999999997,-0.8660254037844388,235,-0.7856498550787144,-0.6186714032625032,-0.8229838658936564,-0.5680647467311559,0,Winter,0,0,0,1,1,1,0,0,0,234,0,0,0,0,0,0,0,162.0,164.0,249.0,242.0,284.0,184.0,324.0,178.0,191.66666666666666,49.66219219218176,249.0,162.0,194.14285714285714,64.51208819910765,313.0,129.0,231.0,73.71671347905928,376.0,129.0,232.33333333333334,72.82256818309571,412.0,116.0,263.5,93.72670332010067,628.0,116.0,257.5,87.68088846634292,628.0,116.0,201.46219517679037,218.41693063469893,233.94618809311405,188.0,242.0,284.0,184.0,224.5,5.365976015021851
2023-08-24,2023,8,24,3,Thursday,34,3,0,0,8.2,1.9,Cloudy,0,0,0,0,25,154.0,323.0,116.0,201.0,218.5,235.46666666666667,380.9425444596443,177,0.43388373911755823,-0.900968867902419,-0.4999999999999997,-0.8660254037844388,236,-0.7961828637826154,-0.6050560696488494,-0.8229838658936564,-0.5680647467311559,0,Winter,0,0,0,1,1,1,0,0,0,235,0,0,0,0,0,0,0,213.0,162.0,164.0,323.0,236.0,130.0,290.0,264.0,179.66666666666666,28.884828774517516,213.0,162.0,197.71428571428572,64.8066722020556,313.0,129.0,228.92857142857142,73.79124847600984,376.0,129.0,233.43333333333334,72.25180266613259,412.0,116.0,261.65,93.60769651827546,628.0,116.0,257.8888888888889,87.40149440067223,628.0,116.0,204.34664638259278,217.6946732167391,232.59482111936478,154.0,323.0,236.0,130.0,210.75,5.181783550292085
2023-08-25,2023,8,25,4,Friday,34,3,0,0,13.7,0.5,Cloudy,0,0,0,0,25,129.0,206.0,184.0,211.57142857142856,218.28571428571428,236.1,380.9425444596443,203,-0.433883739117558,-0.9009688679024191,-0.4999999999999997,-0.8660254037844388,237,-0.8064799463209447,-0.5912614448635783,-0.8229838658936564,-0.5680647467311559,0,Winter,0,0,0,1,1,1,0,0,0,236,0,0,0,0,0,0,0,177.0,213.0,162.0,206.0,246.0,238.0,628.0,269.0,184.0,26.210684844159708,213.0,162.0,201.0,62.77207447052598,313.0,129.0,218.5,69.67589805112407,376.0,129.0,235.46666666666667,69.64428502599208,412.0,129.0,259.76666666666665,94.1627452810823,628.0,116.0,256.9222222222222,87.81328861811103,628.0,116.0,197.50998478694459,212.26871678784053,229.00805846650255,129.0,206.0,246.0,238.0,204.75,5.318119993844216
2023-08-26,2023,8,26,5,Saturday,34,3,0,0,14.1,2.0,Cloudy,0,0,0,0,25,313.0,376.0,130.0,206.7142857142857,211.3571428571429,241.06666666666663,380.9425444596443,279,-0.9749279121818236,-0.2225209339563146,-0.4999999999999997,-0.8660254037844388,238,-0.8165380514459157,-0.5772916165517278,-0.8229838658936564,-0.5680647467311559,1,Winter,0,0,0,1,1,1,0,0,0,237,0,0,0,0,0,0,0,203.0,177.0,213.0,376.0,330.0,280.0,413.0,214.0,197.66666666666666,18.583146486351588,213.0,177.0,211.57142857142858,54.28276934367832,313.0,162.0,218.28571428571428,69.72189654005922,376.0,129.0,236.1,69.24536583523252,412.0,129.0,252.68333333333334,81.0677665188915,519.0,116.0,256.18888888888887,87.9867066625035,628.0,116.0,198.88248859020842,211.03288788279514,227.33011921059918,313.0,376.0,330.0,280.0,324.75,5.634789603169249
2023-08-27,2023,8,27,6,Sunday,34,3,0,0,5.5,1.7,Cloudy,0,0,0,0,25,249.0,294.0,238.0,200.28571428571428,204.92857142857144,239.9333333333333,380.9425444596443,204,-0.7818314824680299,0.6234898018587334,-0.4999999999999997,-0.8660254037844388,239,-0.8263541987239094,-0.5631507242749189,-0.8229838658936564,-0.5680647467311559,1,Winter,0,0,0,1,1,1,0,0,0,238,0,0,0,0,0,0,0,279.0,203.0,177.0,294.0,412.0,257.0,202.0,234.0,219.66666666666666,53.00314456080138,279.0,177.0,206.71428571428572,44.297156739885985,279.0,162.0,211.35714285714286,56.38822455204392,313.0,129.0,241.06666666666666,66.6684712399443,412.0,129.0,250.45,78.37749266168271,519.0,116.0,256.9111111111111,87.90324666377538,628.0,116.0,218.91186644265633,220.09516949842248,230.66365990668956,249.0,294.0,412.0,257.0,303.0,5.3230099791384085
2023-08-28,2023,8,28,0,Monday,35,3,0,0,8.2,0.4,Partly Cloudy,0,0,0,1,20,164.0,189.0,280.0,207.28571428571428,206.64285714285717,237.7,380.9425444596443,213,0.0,1.0,-0.4999999999999997,-0.8660254037844388,240,-0.8359254794186365,-0.5488429582847199,-0.8854560256532096,-0.4647231720437691,0,Winter,0,0,0,1,2,0,1,0,0,239,0,0,0,0,0,0,1,204.0,279.0,203.0,189.0,215.0,262.0,292.0,134.0,228.66666666666666,43.59281286328301,279.0,203.0,200.28571428571428,40.214898921146386,279.0,162.0,204.92857142857142,51.1264861145125,313.0,129.0,239.93333333333334,67.0105155583981,412.0,129.0,250.48333333333332,78.3569606150984,519.0,116.0,256.5777777777778,88.04786463575611,628.0,116.0,215.18389983199225,217.94914689863282,228.94342378367733,164.0,189.0,215.0,262.0,207.5,5.365976015021851
2023-08-29,2023,8,29,1,Tuesday,35,3,0,0,6.5,0.1,Sunny,0,0,1,0,25,162.0,245.0,257.0,215.42857142857144,204.78571428571428,236.4333333333333,380.9425444596443,219,0.7818314824680298,0.6234898018587336,-0.4999999999999997,-0.8660254037844388,241,-0.8452490573530633,-0.5343725582809785,-0.8854560256532096,-0.4647231720437691,0,Winter,0,0,0,1,3,0,0,0,1,240,0,0,0,0,0,1,1,213.0,204.0,279.0,245.0,197.0,169.0,323.0,187.0,232.0,40.95119045888508,279.0,204.0,207.28571428571428,36.98068994179747,279.0,162.0,206.64285714285714,50.953383133479086,313.0,129.0,237.7,66.74508893208353,412.0,129.0,249.16666666666666,78.31123621495223,519.0,116.0,257.4555555555556,87.20184014024746,628.0,116.0,214.6379248739942,217.2892606454818,227.91481579763365,162.0,245.0,197.0,169.0,193.25,5.393627546352361
2023-08-30,2023,8,30,2,Wednesday,35,3,0,0,9.0,1.9,Cloudy,0,0,0,0,25,213.0,188.0,262.0,209.7142857142857,203.7142857142857,233.46666666666667,380.9425444596443,173,0.9749279121818236,-0.22252093395631434,-0.4999999999999997,-0.8660254037844388,242,-0.8543221697498269,-0.5197438121555157,-0.8854560256532096,-0.4647231720437691,0,Winter,0,0,0,1,1,1,0,0,0,241,0,0,0,0,0,0,0,219.0,213.0,204.0,188.0,242.0,284.0,519.0,140.0,212.0,7.5498344352623965,219.0,204.0,215.42857142857142,31.165457068454064,279.0,177.0,204.78571428571428,49.91096468316609,313.0,129.0,236.43333333333334,66.72676314298668,412.0,129.0,247.43333333333334,77.79860280795522,519.0,116.0,257.81111111111113,86.9762843104918,628.0,116.0,215.72844365549565,217.5173592260842,227.3396663913347,213.0,188.0,242.0,284.0,231.75,5.159055299214529
2023-08-31,2023,8,31,3,Thursday,35,3,0,0,10.7,2.9,Cloudy,0,0,0,0,25,177.0,154.0,169.0,214.7142857142857,207.8571428571429,234.9,380.9425444596443,212,0.43388373911755823,-0.900968867902419,-0.4999999999999997,-0.8660254037844388,243,-0.8631421280499115,-0.5049610547215202,-0.8854560256532096,-0.4647231720437691,0,Winter,0,0,0,1,1,1,0,0,0,242,0,0,0,0,0,0,0,173.0,219.0,213.0,154.0,323.0,236.0,366.0,317.0,201.66666666666666,25.006665778012138,219.0,173.0,209.71428571428572,35.10324906953812,279.0,173.0,203.71428571428572,50.45703209575395,313.0,129.0,233.46666666666667,67.52457194304878,412.0,129.0,241.66666666666666,69.73330956778655,412.0,116.0,258.1777777777778,86.54252416811254,628.0,116.0,205.04633274162174,211.581711329273,223.8338814628615,177.0,154.0,323.0,236.0,222.5,5.3612921657094255
2023-09-01,2023,9,1,4,Friday,35,3,0,0,8.2,1.5,Cloudy,0,0,0,0,25,203.0,129.0,284.0,217.0,214.28571428571428,232.7333333333333,380.9425444596443,219,-0.433883739117558,-0.9009688679024191,-0.8660254037844384,-0.5000000000000004,244,-0.8717063187093217,-0.4900286664290594,-0.8854560256532096,-0.4647231720437691,0,Spring,0,1,0,0,1,1,0,0,0,243,0,0,0,0,0,0,0,212.0,173.0,219.0,129.0,206.0,246.0,244.0,346.0,201.33333333333334,24.785748593359113,219.0,173.0,214.71428571428572,32.0245441586819,279.0,173.0,207.85714285714286,48.4003451082042,313.0,129.0,234.9,66.55842649831087,412.0,129.0,239.1,67.88916690496917,412.0,116.0,257.0111111111111,86.44833417653406,628.0,116.0,206.7847495562163,211.63748315203662,223.0704052394511,203.0,129.0,206.0,246.0,196.0,5.393627546352361
2023-09-02,2023,9,2,5,Saturday,35,3,0,0,9.7,0.5,Cloudy,0,0,1,0,25,279.0,313.0,236.0,219.42857142857144,213.07142857142856,234.7333333333333,380.9425444596443,296,-0.9749279121818236,-0.2225209339563146,-0.8660254037844384,-0.5000000000000004,245,-0.8800122039735356,-0.4749510720670502,-0.8854560256532096,-0.4647231720437691,1,Spring,0,1,0,0,1,1,0,0,0,244,0,0,0,0,0,1,1,219.0,212.0,173.0,313.0,376.0,330.0,280.0,336.0,201.33333333333334,24.785748593359113,219.0,173.0,217.0,31.61750569963746,279.0,173.0,214.28571428571428,42.77027827003895,313.0,162.0,232.73333333333332,65.96024577719918,412.0,129.0,238.68333333333334,67.93528617253736,412.0,116.0,255.6,86.01486675785102,628.0,116.0,209.83856216716222,212.6191520650984,222.8077984498091,279.0,313.0,376.0,330.0,324.5,5.6937321388027
2023-09-03,2023,9,3,6,Sunday,35,3,0,0,9.5,2.2,Cloudy,0,0,0,0,25,204.0,249.0,246.0,230.57142857142856,215.42857142857144,235.9333333333333,380.9425444596443,282,-0.7818314824680299,0.6234898018587334,-0.8660254037844384,-0.5000000000000004,246,-0.888057322629493,-0.4597327394521046,-0.8854560256532096,-0.4647231720437691,1,Spring,0,1,0,0,1,1,0,0,0,245,0,0,0,0,0,0,0,296.0,219.0,212.0,249.0,294.0,412.0,390.0,178.0,242.33333333333334,46.6082968293545,296.0,212.0,219.42857142857142,37.31334498923485,296.0,173.0,213.07142857142858,39.8969138689147,296.0,162.0,234.73333333333332,66.96470162979772,412.0,129.0,238.95,68.1313350343235,412.0,116.0,255.15555555555557,85.69752282433429,628.0,116.0,231.37892162537167,223.73659845641862,227.52987596917626,204.0,249.0,294.0,412.0,289.75,5.645446897643238
2023-09-04,2023,9,4,0,Monday,36,3,0,0,13.1,0.2,Sunny,0,0,0,0,25,213.0,164.0,330.0,239.28571428571428,223.28571428571428,234.06666666666663,380.9425444596443,274,0.0,1.0,-0.8660254037844384,-0.5000000000000004,247,-0.8958392907349089,-0.4443781781046134,-0.9350162426854147,-0.3546048870425359,0,Spring,0,1,0,0,3,0,0,0,1,246,0,0,0,0,0,0,0,282.0,296.0,219.0,164.0,189.0,215.0,217.0,162.0,265.6666666666667,41.01625693957487,296.0,219.0,230.57142857142858,43.13102959918379,296.0,173.0,215.42857142857142,43.03435887701718,296.0,162.0,235.93333333333334,67.49402698136285,412.0,129.0,237.15,65.44678909915858,412.0,116.0,256.31111111111113,85.34591140914283,628.0,116.0,244.03419121902874,231.5050519955628,231.044077519552,213.0,164.0,189.0,215.0,195.25,5.616771097666572
2023-09-05,2023,9,5,1,Tuesday,36,3,0,0,12.7,1.2,Cloudy,0,0,0,0,25,219.0,162.0,412.0,233.7142857142857,224.57142857142856,226.33333333333331,380.9425444596443,180,0.7818314824680298,0.6234898018587336,-0.8660254037844384,-0.5000000000000004,248,-0.9033558023246842,-0.4288919379124841,-0.9350162426854147,-0.3546048870425359,0,Spring,0,1,0,0,1,1,0,0,0,247,0,0,0,0,0,0,0,274.0,282.0,296.0,162.0,245.0,197.0,254.0,262.0,284.0,11.135528725655364,296.0,274.0,239.28571428571428,45.10622383409402,296.0,173.0,223.28571428571428,42.96407904182232,296.0,162.0,234.06666666666666,65.54910416986094,412.0,129.0,238.1,65.56293392675971,412.0,116.0,257.55555555555554,84.76989489877077,628.0,116.0,251.52564341427154,237.1710450628211,233.81542735700026,219.0,162.0,245.0,197.0,205.75,5.198497031265826
2023-09-06,2023,9,6,2,Wednesday,36,3,0,0,10.3,0.4,Sunny,0,0,0,0,25,173.0,213.0,215.0,245.7142857142857,227.7142857142857,227.7333333333333,380.9425444596443,257,0.9749279121818236,-0.22252093395631434,-0.8660254037844384,-0.5000000000000004,249,-0.9106046300942162,-0.41327860778290443,-0.9350162426854147,-0.3546048870425359,0,Spring,0,1,0,0,3,0,0,0,1,248,0,0,0,0,0,0,0,180.0,274.0,282.0,213.0,188.0,242.0,342.0,272.0,245.33333333333334,56.7215420570811,282.0,180.0,233.71428571428572,50.15547256851824,296.0,173.0,224.57142857142858,41.22305980080237,296.0,173.0,226.33333333333334,56.9551144101325,376.0,129.0,236.86666666666667,65.95362178067717,412.0,116.0,256.64444444444445,85.16135525849297,628.0,116.0,233.64423256070364,229.54823905444496,230.34346430170996,173.0,213.0,188.0,242.0,204.0,5.552959584921617
2023-09-07,2023,9,7,3,Thursday,36,3,0,0,13.0,0.4,Partly Cloudy,0,0,0,0,25,212.0,177.0,197.0,251.14285714285717,232.92857142857144,229.5,380.9425444596443,250,0.43388373911755823,-0.900968867902419,-0.8660254037844384,-0.5000000000000004,250,-0.9175836260593934,-0.3975428142825566,-0.9350162426854147,-0.3546048870425359,0,Spring,0,1,0,0,2,0,1,0,0,249,0,0,0,0,0,0,0,257.0,180.0,274.0,177.0,154.0,323.0,296.0,220.0,237.0,50.089919145471626,274.0,180.0,245.71428571428572,42.70329528937313,296.0,180.0,227.71428571428572,41.94397100056901,296.0,173.0,227.73333333333332,57.18266757737335,376.0,129.0,235.45,64.55517282900699,412.0,116.0,256.47777777777776,85.14564228133288,628.0,116.0,239.48317442052775,233.20847384718564,232.06324079837387,212.0,177.0,154.0,323.0,216.5,5.5254529391317835
2023-09-08,2023,9,8,4,Friday,36,3,0,0,10.9,0.5,Cloudy,0,0,0,0,25,219.0,203.0,242.0,258.42857142857144,237.7142857142857,230.4333333333333,380.9425444596443,270,-0.433883739117558,-0.9009688679024191,-0.8660254037844384,-0.5000000000000004,251,-0.9242907221930934,-0.3816892202666586,-0.9350162426854147,-0.3546048870425359,0,Spring,0,1,0,0,1,1,0,0,0,250,0,0,0,0,0,0,0,250.0,257.0,180.0,203.0,129.0,206.0,266.0,478.0,229.0,42.579337712086165,257.0,180.0,251.14285714285714,40.03510364429568,296.0,180.0,232.92857142857142,39.62800929745266,296.0,173.0,229.5,57.018901887126965,376.0,129.0,234.68333333333334,64.09539809141593,412.0,116.0,256.81111111111113,85.05991205733213,628.0,116.0,242.1123808153958,235.44734400089425,233.22045106944654,219.0,203.0,129.0,206.0,189.25,5.602118820879701
2023-09-09,2023,9,9,5,Saturday,36,3,0,0,11.7,1.0,Cloudy,0,0,0,0,25,296.0,279.0,323.0,260.42857142857144,239.92857142857144,230.0,380.9425444596443,310,-0.9749279121818236,-0.2225209339563146,-0.8660254037844384,-0.5000000000000004,252,-0.9307239310379793,-0.3657225234972692,-0.9350162426854147,-0.3546048870425359,1,Spring,0,1,0,0,1,1,0,0,0,251,0,0,0,0,0,0,0,270.0,250.0,257.0,279.0,313.0,376.0,235.0,344.0,259.0,10.148891565086796,270.0,250.0,258.42857142857144,37.78825718331505,296.0,180.0,237.71428571428572,39.7809938604775,296.0,173.0,230.43333333333334,57.45804066257069,376.0,129.0,234.75,64.13059371974789,412.0,116.0,254.5,81.7436730878159,628.0,116.0,249.08428561154685,240.05436480077503,235.59332519399837,296.0,279.0,313.0,376.0,316.0,5.739792912179234
2023-09-10,2023,9,10,6,Sunday,36,3,0,0,17.5,0.1,Sunny,0,0,0,0,25,282.0,204.0,206.0,267.1428571428572,248.8571428571429,234.1,380.9425444596443,329,-0.7818314824680299,0.6234898018587334,-0.8660254037844384,-0.5000000000000004,253,-0.9368813462954315,-0.34964745525122826,-0.9350162426854147,-0.3546048870425359,1,Spring,0,1,0,0,3,0,0,0,1,252,0,0,0,1,0,0,0,310.0,270.0,250.0,204.0,249.0,294.0,208.0,325.0,276.6666666666667,30.550504633037203,310.0,250.0,260.42857142857144,40.38917818284616,310.0,180.0,239.92857142857142,42.989201301853775,310.0,173.0,230.0,56.78088556475021,376.0,129.0,236.0,64.86230526328606,412.0,116.0,254.12222222222223,81.40325860713595,628.0,116.0,264.31321420866016,249.38044949400503,240.39375582664366,282.0,204.0,249.0,294.0,257.25,5.799092654460526
2023-09-11,2023,9,11,0,Monday,37,3,0,0,16.5,1.0,Cloudy,0,0,0,0,25,274.0,213.0,376.0,259.57142857142856,249.42857142857144,228.9333333333333,380.9425444596443,221,0.0,1.0,-0.8660254037844384,-0.5000000000000004,254,-0.9427611433904206,-0.33346877891818705,-0.970941817426052,-0.23931566428755774,0,Spring,0,1,0,0,1,1,0,0,0,253,0,0,0,0,0,0,0,329.0,310.0,270.0,213.0,164.0,189.0,243.0,299.0,303.0,30.11644069274954,329.0,270.0,267.14285714285717,47.799681210333524,329.0,180.0,248.85714285714286,47.6781794032519,329.0,173.0,234.1,59.36988090455215,376.0,129.0,238.01666666666668,65.85049622521653,412.0,116.0,254.16666666666666,81.44347319363766,628.0,116.0,280.4849106564951,259.996389561471,246.11028770879568,274.0,213.0,164.0,189.0,210.0,5.402677381872279
2023-09-12,2023,9,12,1,Tuesday,37,3,0,0,8.6,1.4,Cloudy,0,0,0,0,25,180.0,219.0,294.0,259.2857142857143,246.5,225.06666666666663,380.9425444596443,178,0.7818314824680298,0.6234898018587336,-0.8660254037844384,-0.5000000000000004,255,-0.9483615800121716,-0.31719128858910595,-0.970941817426052,-0.23931566428755774,0,Spring,0,1,0,0,1,1,0,0,0,254,0,0,0,0,0,0,0,221.0,329.0,310.0,219.0,162.0,245.0,187.0,240.0,286.6666666666667,57.657031950432795,329.0,221.0,259.57142857142856,50.64535892806331,329.0,180.0,249.42857142857142,47.26148909681364,329.0,173.0,228.93333333333334,52.997679411352756,329.0,129.0,237.65,65.88351945360185,412.0,116.0,253.3,81.37601032355822,628.0,116.0,265.6136829923713,254.7968709532749,244.4902691469379,180.0,219.0,162.0,245.0,201.5,5.187385805840755
2023-09-13,2023,9,13,2,Wednesday,37,3,0,0,15.0,1.3,Cloudy,0,0,0,0,25,257.0,173.0,189.0,253.8571428571429,249.78571428571428,226.06666666666663,380.9425444596443,219,0.9749279121818236,-0.22252093395631434,-0.8660254037844384,-0.5000000000000004,256,-0.9536809966304455,-0.300819807635668,-0.970941817426052,-0.23931566428755774,0,Spring,0,1,0,0,1,1,0,0,0,255,0,0,0,0,0,0,0,178.0,221.0,329.0,173.0,213.0,188.0,363.0,164.0,242.66666666666666,77.79674371934354,329.0,178.0,259.2857142857143,51.17197893937081,329.0,178.0,246.5,50.45447300441981,329.0,173.0,225.06666666666666,52.31399452334456,329.0,129.0,237.5,66.01091332473754,412.0,116.0,252.61111111111111,81.75143120685789,628.0,116.0,243.71026224427848,244.55728815950494,240.20057436326448,257.0,173.0,213.0,188.0,207.75,5.393627546352361
2023-09-14,2023,9,14,3,Thursday,37,3,0,0,14.9,1.0,Cloudy,0,0,0,0,25,250.0,212.0,245.0,253.7142857142857,252.42857142857144,226.2,380.9425444596443,249,0.43388373911755823,-0.900968867902419,-0.8660254037844384,-0.5000000000000004,257,-0.9587178169872964,-0.2843591872810036,-0.970941817426052,-0.23931566428755774,0,Spring,0,1,0,0,1,1,0,0,0,256,0,0,0,0,0,0,0,219.0,178.0,221.0,212.0,177.0,154.0,281.0,217.0,206.0,24.269322199020696,221.0,178.0,253.85714285714286,53.4210588046465,329.0,178.0,249.78571428571428,46.65450521806807,329.0,178.0,226.06666666666666,51.88577197395594,329.0,129.0,235.1,63.956473546268064,412.0,116.0,253.22222222222223,81.2858429535503,628.0,116.0,237.53269668320885,241.1496497382376,238.83279537208614,250.0,212.0,177.0,154.0,198.25,5.521460917862246
2023-09-15,2023,9,15,4,Friday,37,3,0,0,9.1,3.7,Cloudy,0,0,0,0,25,270.0,219.0,188.0,248.28571428571428,253.3571428571429,227.66666666666663,380.9425444596443,232,-0.433883739117558,-0.9009688679024191,-0.8660254037844384,-0.5000000000000004,258,-0.9634705485641486,-0.26781430516217486,-0.970941817426052,-0.23931566428755774,0,Spring,0,1,0,0,1,1,0,0,0,257,0,0,0,0,0,0,0,249.0,219.0,178.0,219.0,203.0,129.0,323.0,297.0,215.33333333333334,35.64173583501811,249.0,178.0,253.71428571428572,53.43442799579753,329.0,178.0,252.42857142857142,45.379958785134924,329.0,178.0,226.2,51.94121345494763,329.0,129.0,234.56666666666666,63.700136142968155,412.0,116.0,253.57777777777778,81.19555777102522,628.0,116.0,240.39952251240663,242.19636310647257,239.48874405775803,270.0,219.0,203.0,129.0,205.25,5.4510384535657
2023-09-16,2023,9,16,5,Saturday,37,3,0,1,15.0,0.3,Sunny,0,0,0,1,20,310.0,296.0,154.0,286.85714285714283,273.6428571428572,241.86666666666667,380.9425444596443,580,-0.9749279121818236,-0.2225209339563146,-0.8660254037844384,-0.5000000000000004,259,-0.9679377830240641,-0.25119006388481957,-0.970941817426052,-0.23931566428755774,1,Spring,0,1,0,0,3,0,0,0,1,258,0,1,0,1,0,1,2,232.0,249.0,219.0,296.0,279.0,313.0,205.0,204.0,233.33333333333334,15.044378795191848,249.0,219.0,248.28571428571428,53.43442799579748,329.0,178.0,253.35714285714286,44.77225642130214,329.0,178.0,227.66666666666666,51.444200325463854,329.0,129.0,233.05,62.63329514736437,412.0,116.0,252.85555555555555,81.09400303561081,628.0,116.0,238.29964188430498,240.83684802560958,239.00559927983818,310.0,296.0,279.0,313.0,299.5,6.364750756851911
2023-09-17,2023,9,17,6,Sunday,37,3,0,1,17.1,1.4,Cloudy,0,0,0,0,25,329.0,282.0,129.0,292.2857142857143,279.7142857142857,249.8,380.9425444596443,367,-0.7818314824680299,0.6234898018587334,-0.8660254037844384,-0.5000000000000004,260,-0.9721181966290612,-0.23449138957041052,-0.970941817426052,-0.23931566428755774,1,Spring,0,1,0,0,1,1,0,0,0,259,0,1,0,0,0,1,1,580.0,232.0,249.0,282.0,204.0,249.0,192.0,213.0,353.6666666666667,196.1946312551219,580.0,232.0,286.85714285714283,137.19988893512098,580.0,178.0,273.64285714285717,98.12676819992868,580.0,178.0,241.86666666666667,80.81726229622905,580.0,129.0,239.3,76.8772519306374,580.0,116.0,257.03333333333336,87.94475410893463,628.0,116.0,323.7247314132287,286.058601622195,261.00523803597764,329.0,282.0,204.0,249.0,266.0,5.908082938168931
2023-09-18,2023,9,18,0,Monday,38,3,0,1,9.1,0.1,Sunny,0,0,0,1,20,221.0,274.0,313.0,306.57142857142856,283.07142857142856,250.06666666666663,380.9425444596443,321,0.0,1.0,-0.8660254037844384,-0.5000000000000004,261,-0.9760105506323682,-0.21772323039653224,-0.992708874098054,-0.12053668025532357,0,Spring,0,1,0,0,3,0,0,0,1,260,0,0,0,0,0,1,2,367.0,580.0,232.0,274.0,213.0,164.0,173.0,204.0,393.0,175.45084781784306,580.0,232.0,292.2857142857143,139.87102902997736,580.0,178.0,279.7142857142857,101.26312152121166,580.0,178.0,249.8,81.03698602149693,580.0,162.0,242.21666666666667,78.35773931612869,580.0,116.0,258.74444444444447,88.57429575032191,628.0,116.0,334.54354855992153,296.850788072569,267.843609775592,221.0,274.0,213.0,164.0,218.0,5.7745515455444085
2023-09-19,2023,9,19,1,Tuesday,38,3,0,1,9.7,0.1,Sunny,0,0,0,0,25,178.0,180.0,249.0,325.85714285714283,292.57142857142856,252.2,380.9425444596443,313,0.7818314824680298,0.6234898018587336,-0.8660254037844384,-0.5000000000000004,262,-0.9796136916454901,-0.20089055513063528,-0.992708874098054,-0.12053668025532357,0,Spring,0,1,0,0,3,0,0,0,1,261,0,0,0,0,0,1,1,321.0,367.0,580.0,180.0,219.0,162.0,149.0,222.0,422.6666666666667,138.18224680954228,580.0,321.0,306.57142857142856,136.44151023162175,580.0,178.0,283.07142857142856,101.8365691349955,580.0,178.0,250.06666666666666,81.26497032731177,580.0,162.0,244.68333333333334,78.47130354611109,580.0,116.0,260.0444444444444,88.6203759651516,628.0,116.0,331.1576614199412,300.0706829962265,271.27305430619896,178.0,180.0,219.0,162.0,184.75,5.749392985908253
2023-09-20,2023,9,20,2,Wednesday,38,3,0,1,15.6,1.7,Cloudy,0,0,0,0,25,219.0,257.0,164.0,341.2857142857143,297.57142857142856,257.6333333333333,380.9425444596443,327,0.9749279121818236,-0.22252093395631434,-0.8660254037844384,-0.5000000000000004,263,-0.9829265519799822,-0.18399835165767986,-0.992708874098054,-0.12053668025532357,0,Spring,0,1,0,0,1,1,0,0,0,262,0,0,0,0,0,1,1,313.0,321.0,367.0,257.0,173.0,213.0,373.0,214.0,333.6666666666667,29.14332399252419,367.0,313.0,325.85714285714283,124.23422578799654,580.0,219.0,292.57142857142856,97.59706354797117,580.0,178.0,252.2,82.07204572602771,580.0,162.0,247.41666666666666,77.93636945364942,580.0,116.0,261.05555555555554,88.70052646831009,628.0,116.0,326.6182460649559,301.79459193006295,273.96511531870226,219.0,257.0,173.0,213.0,215.5,5.793013608384144
2023-09-21,2023,9,21,3,Thursday,38,3,0,1,13.3,1.7,Cloudy,0,0,1,0,25,249.0,250.0,162.0,351.85714285714283,302.7857142857143,263.0,380.9425444596443,323,0.43388373911755823,-0.900968867902419,-0.8660254037844384,-0.5000000000000004,264,-0.9859481499638303,-0.1670516255021195,-0.992708874098054,-0.12053668025532357,0,Spring,0,1,0,0,1,1,0,0,0,263,0,0,0,0,0,1,2,327.0,313.0,321.0,250.0,212.0,177.0,262.0,231.0,320.3333333333333,7.023769168561327,327.0,313.0,341.2857142857143,115.12415658136865,580.0,232.0,297.57142857142856,97.42745963079302,580.0,178.0,257.6333333333333,81.42459313878149,580.0,162.0,246.65,76.89941151611852,580.0,116.0,262.31111111111113,88.82663893938849,628.0,116.0,326.7136845487169,305.1553130060546,277.3867207820118,249.0,250.0,212.0,177.0,222.0,5.780743515792329
2023-09-22,2023,9,22,4,Friday,38,3,0,1,14.2,4.2,Cloudy,0,0,0,0,25,232.0,270.0,213.0,362.7142857142857,305.5,266.1666666666667,380.9425444596443,308,-0.433883739117558,-0.9009688679024191,-0.8660254037844384,-0.5000000000000004,265,-0.9886775902323404,-0.15005539834465262,-0.992708874098054,-0.12053668025532357,0,Spring,0,1,0,0,1,1,0,0,0,264,0,0,0,0,0,1,1,323.0,327.0,313.0,270.0,219.0,203.0,180.0,324.0,321.0,7.211102550921008,327.0,313.0,351.85714285714283,108.44111854124458,580.0,232.0,302.7857142857143,96.63585779093042,580.0,178.0,263.0,80.20061054028511,580.0,173.0,247.66666666666666,77.50662446628746,580.0,116.0,263.3333333333333,88.99147794068536,628.0,116.0,325.7852634115377,307.5346046052473,280.32951298962394,232.0,270.0,219.0,203.0,231.0,5.733341276897746
2023-09-23,2023,9,23,5,Saturday,38,3,0,1,13.5,1.6,Cloudy,0,0,0,0,25,580.0,310.0,177.0,349.1428571428572,318.0,276.43333333333334,380.9425444596443,485,-0.9749279121818236,-0.2225209339563146,-0.8660254037844384,-0.5000000000000004,266,-0.9911140639934546,-0.13301470653419636,-0.992708874098054,-0.12053668025532357,1,Spring,0,1,0,0,1,1,0,0,0,265,0,1,0,0,0,1,1,308.0,323.0,327.0,310.0,296.0,279.0,116.0,290.0,319.3333333333333,10.016652800872771,327.0,308.0,362.7142857142857,97.71508632364898,580.0,308.0,305.5,96.17672035613117,580.0,178.0,266.1666666666667,80.03364953237651,580.0,173.0,249.8,77.37402007812938,580.0,116.0,263.15555555555557,88.88484041966625,628.0,116.0,321.3389475586533,307.59665732454766,282.1147056999708,580.0,310.0,296.0,279.0,366.25,6.186208623900494
2023-09-24,2023,9,24,6,Sunday,38,3,0,1,13.7,6.4,Rainy,0,0,0,0,25,367.0,329.0,203.0,341.0,316.6428571428572,280.0,380.9425444596443,310,-0.7818314824680299,0.6234898018587334,-0.8660254037844384,-0.5000000000000004,267,-0.9932568492674143,-0.11593459959550066,-0.992708874098054,-0.12053668025532357,1,Spring,0,1,0,0,0,0,0,1,0,266,0,1,0,0,0,1,1,485.0,308.0,323.0,329.0,282.0,204.0,184.0,628.0,372.0,98.14784765851928,485.0,308.0,349.14285714285717,62.903175784769324,485.0,308.0,318.0,107.51100122599226,580.0,178.0,276.43333333333334,87.59848972612973,580.0,173.0,255.95,81.132330699578,580.0,129.0,265.3222222222222,91.8729982923766,628.0,116.0,362.25421066898997,331.25043634794133,295.20407952577915,367.0,329.0,282.0,204.0,295.5,5.739792912179234
2023-09-25,2023,9,25,0,Monday,39,3,0,1,8.5,0.1,Partly Cloudy,0,0,0,0,25,321.0,221.0,279.0,335.42857142857144,321.0,280.1,380.9425444596443,282,0.0,1.0,-0.8660254037844384,-0.5000000000000004,268,-0.9951053111006974,-0.09882013873287211,-1.0,-1.8369701987210297e-16,0,Spring,0,1,0,0,2,0,1,0,0,267,0,0,0,0,0,1,1,310.0,485.0,308.0,221.0,274.0,213.0,130.0,413.0,367.6666666666667,101.6185678571256,485.0,308.0,341.0,63.88792269800863,485.0,308.0,316.64285714285717,107.48138095850453,580.0,178.0,280.0,86.67895580422245,580.0,173.0,258.05,80.86867885862183,580.0,129.0,261.7888888888889,83.50166444475084,580.0,116.0,349.19065800174246,328.41704483488246,296.15865504024504,321.0,221.0,274.0,213.0,257.25,5.645446897643238
2023-09-26,2023,9,26,1,Tuesday,39,3,0,1,15.6,0.2,Sunny,0,0,0,0,25,313.0,178.0,204.0,332.42857142857144,329.1428571428572,283.03333333333336,380.9425444596443,292,0.7818314824680298,0.6234898018587336,-0.8660254037844384,-0.5000000000000004,269,-0.99665890175417,-0.08167639533042288,-1.0,-1.8369701987210297e-16,0,Spring,0,1,0,0,3,0,0,0,1,268,0,0,0,0,0,1,1,282.0,310.0,485.0,178.0,180.0,219.0,238.0,202.0,359.0,110.01363551851155,485.0,282.0,335.42857142857144,67.52001466937367,485.0,282.0,321.0,104.50101214084707,580.0,178.0,280.1,86.67949286168341,580.0,173.0,260.5833333333333,79.15192250449839,580.0,129.0,260.3333333333333,81.96381772300758,580.0,116.0,332.3929935013068,322.2281055235648,295.24519342474537,313.0,178.0,180.0,219.0,222.5,5.680172609017068
2023-09-27,2023,9,27,2,Wednesday,39,3,0,1,16.0,0.1,Sunny,0,0,0,0,25,327.0,219.0,213.0,340.1428571428572,340.7142857142857,288.6333333333333,380.9425444596443,381,0.9749279121818236,-0.22252093395631434,-0.8660254037844384,-0.5000000000000004,270,-0.9979171608653922,-0.06450844944931625,-1.0,-1.8369701987210297e-16,0,Spring,0,1,0,0,3,0,0,0,1,269,0,0,0,0,0,1,1,292.0,282.0,310.0,219.0,257.0,173.0,280.0,292.0,294.6666666666667,14.18919776919138,310.0,282.0,332.42857142857144,69.12996731485147,485.0,282.0,329.14285714285717,96.64754136938603,580.0,219.0,283.03333333333336,85.4963130212636,580.0,173.0,261.48333333333335,79.19777681922184,580.0,129.0,261.3333333333333,81.79296967124084,580.0,116.0,322.2947451259801,318.1976914537562,295.03582610701983,327.0,219.0,257.0,173.0,244.0,5.945420608606575
2023-09-28,2023,9,28,3,Thursday,39,3,0,1,11.8,0.4,Sunny,0,0,0,0,25,323.0,249.0,219.0,340.7142857142857,346.2857142857143,292.2333333333333,380.9425444596443,327,0.43388373911755823,-0.900968867902419,-0.8660254037844384,-0.5000000000000004,271,-0.9988797155850335,-0.04732138832243232,-1.0,-1.8369701987210297e-16,0,Spring,0,1,0,0,3,0,0,0,1,270,0,0,0,0,0,1,1,381.0,292.0,282.0,249.0,250.0,212.0,257.0,323.0,318.3333333333333,54.50076452063063,381.0,282.0,340.14285714285717,71.39894623738913,485.0,282.0,340.7142857142857,92.03379694557711,580.0,232.0,288.6333333333333,86.24963101703517,580.0,173.0,263.1666666666667,80.65792313822418,580.0,129.0,262.3222222222222,82.70087261985189,580.0,116.0,336.97105884448507,326.57133259325536,300.5819018420508,323.0,249.0,250.0,212.0,258.5,5.793013608384144
2023-09-29,2023,9,29,4,Friday,39,3,0,1,12.4,1.6,Cloudy,0,0,0,1,20,308.0,232.0,173.0,343.7142857142857,353.2142857142857,297.43333333333334,380.9425444596443,329,-0.433883739117558,-0.9009688679024191,-0.8660254037844384,-0.5000000000000004,272,-0.9995462806873573,-0.03012030484690836,-1.0,-1.8369701987210297e-16,0,Spring,0,1,0,0,1,1,0,0,0,271,0,0,0,0,0,1,2,327.0,381.0,292.0,232.0,270.0,219.0,262.0,519.0,333.3333333333333,44.83674088661255,381.0,292.0,340.7142857142857,71.25474086149043,485.0,282.0,346.2857142857143,88.34149523423135,580.0,232.0,292.23333333333335,85.49357037059947,580.0,173.0,264.3333333333333,81.07240259963167,580.0,129.0,262.3666666666667,82.73491579819795,580.0,116.0,334.4782941333638,326.628488247488,302.286295271596,308.0,232.0,270.0,219.0,257.25,5.799092654460526
2023-09-30,2023,9,30,5,Saturday,39,3,0,1,7.9,2.1,Cloudy,0,0,0,1,20,485.0,580.0,212.0,332.0,340.57142857142856,303.8,380.9425444596443,403,-0.9749279121818236,-0.2225209339563146,-0.8660254037844384,-0.5000000000000004,273,-0.9999166586547379,-0.012910296075008843,-1.0,-1.8369701987210297e-16,1,Spring,0,1,0,0,1,1,0,0,0,272,0,1,0,0,0,1,2,329.0,327.0,381.0,580.0,310.0,296.0,169.0,366.0,345.6666666666667,30.61590000854518,381.0,327.0,343.7142857142857,70.08022613575214,485.0,282.0,353.2142857142857,82.28485099516585,580.0,282.0,297.43333333333334,82.68956625727391,580.0,178.0,265.45,81.500010398252,580.0,129.0,260.25555555555553,78.42473828793223,580.0,116.0,333.1087206000229,326.9446898144896,304.0097600927834,485.0,580.0,310.0,296.0,417.75,6.0014148779611505
2023-10-01,2023,10,1,6,Sunday,39,4,0,1,17.1,0.1,Sunny,1,0,0,0,25,310.0,367.0,219.0,379.1428571428572,360.07142857142856,317.8333333333333,380.9425444596443,640,-0.7818314824680299,0.6234898018587334,-1.0,-1.8369701987210297e-16,274,-0.9999907397361901,0.004303538296243821,-1.0,-1.8369701987210297e-16,1,Spring,0,1,0,0,3,0,0,0,1,273,0,1,1,1,0,1,2,403.0,329.0,327.0,367.0,329.0,282.0,284.0,244.0,353.0,43.31281565541432,403.0,327.0,332.0,44.833023542920365,403.0,282.0,340.57142857142856,53.226243217353826,485.0,282.0,303.8,83.23601674010246,580.0,178.0,269.35,82.40018615249625,580.0,129.0,260.6666666666667,79.07953612476453,580.0,116.0,350.58154045001714,337.08539783922436,310.39622718357157,310.0,367.0,329.0,282.0,322.0,6.46302945692067
2023-10-02,2023,10,2,0,Monday,40,4,0,1,17.3,5.8,Rainy,1,0,1,0,25,282.0,321.0,296.0,385.1428571428572,360.2857142857143,318.76666666666665,380.9425444596443,324,0.0,1.0,-1.0,-1.8369701987210297e-16,275,-0.9997685019798909,0.021516097436222233,-0.992708874098054,0.1205366802553232,0,Spring,0,1,0,0,0,0,0,1,0,274,0,0,0,0,1,1,3,640.0,403.0,329.0,321.0,221.0,274.0,236.0,280.0,457.3333333333333,162.46332919564728,640.0,329.0,379.14285714285717,123.07372935416784,640.0,282.0,360.07142857142856,96.26283273949979,640.0,282.0,317.8333333333333,101.85354033199293,640.0,178.0,275.28333333333336,95.28300249767366,640.0,129.0,265.06666666666666,88.58701048667554,640.0,116.0,422.93615533751284,377.4740114606611,331.6609867201154,282.0,321.0,221.0,274.0,274.5,5.783825182329737
2023-10-03,2023,10,3,1,Tuesday,40,4,0,0,14.8,3.7,Cloudy,1,0,1,0,25,292.0,313.0,282.0,382.1428571428572,357.2857142857143,318.4,380.9425444596443,271,0.7818314824680298,0.6234898018587336,-1.0,-1.8369701987210297e-16,276,-0.9992500112396835,0.03872228089217399,-0.992708874098054,0.1205366802553232,0,Spring,0,1,0,0,1,1,0,0,0,275,0,0,0,0,1,1,2,324.0,640.0,403.0,313.0,178.0,180.0,246.0,390.0,455.6666666666667,164.45161395782424,640.0,324.0,385.14285714285717,118.48688896727333,640.0,292.0,360.2857142857143,96.17246413159435,640.0,282.0,318.76666666666665,101.77483034598492,640.0,178.0,276.75,95.34533575821837,640.0,129.0,265.55555555555554,88.79152595348631,640.0,116.0,398.2021165031346,370.34414326590627,331.166729512366,292.0,313.0,178.0,180.0,240.75,5.605802066295998
2023-10-04,2023,10,4,2,Wednesday,40,4,0,0,19.5,0.7,Cloudy,1,0,1,0,25,381.0,327.0,274.0,381.8571428571428,361.0,321.9,380.9425444596443,379,0.9749279121818236,-0.22252093395631434,-1.0,-1.8369701987210297e-16,277,-0.9984354211555643,0.05591699010060302,-0.992708874098054,0.1205366802553232,0,Spring,0,1,0,0,1,1,0,0,0,276,0,0,0,0,1,1,2,271.0,324.0,640.0,327.0,219.0,257.0,330.0,217.0,411.6666666666667,199.51023365565297,640.0,271.0,382.14285714285717,121.46663269039344,640.0,271.0,357.2857142857143,98.39045339198952,640.0,271.0,318.4,101.93155242274266,640.0,178.0,277.1666666666667,95.26326886833226,640.0,129.0,264.23333333333335,87.79803816497295,640.0,116.0,366.40158737735095,357.09825749711877,327.28500502769725,381.0,327.0,219.0,257.0,296.0,5.940171252720432
2023-10-05,2023,10,5,3,Thursday,40,4,0,0,13.7,0.2,Partly Cloudy,1,1,0,0,25,327.0,323.0,180.0,412.57142857142856,376.6428571428572,333.96666666666664,380.9425444596443,542,0.43388373911755823,-0.900968867902419,-1.0,-1.8369701987210297e-16,278,-0.9973249731081555,0.07309512989807776,-0.992708874098054,0.1205366802553232,0,Spring,0,1,0,0,2,0,1,0,0,277,0,0,0,0,0,1,2,379.0,271.0,324.0,323.0,249.0,250.0,412.0,254.0,324.6666666666667,54.00308633155346,379.0,271.0,381.85714285714283,121.47212104213992,640.0,271.0,361.0,98.14040177999276,640.0,271.0,321.9,102.15686045455304,640.0,178.0,277.98333333333335,95.93155958439185,640.0,129.0,266.03333333333336,88.4768045524944,640.0,116.0,369.5511905330132,360.0184898308363,330.6214563162329,327.0,323.0,249.0,250.0,287.25,6.297109319933935
2023-10-06,2023,10,6,4,Friday,40,4,0,0,17.3,0.4,Sunny,1,1,0,0,25,329.0,308.0,257.0,430.57142857142856,387.1428571428572,340.56666666666666,380.9425444596443,455,-0.433883739117558,-0.9009688679024191,-1.0,-1.8369701987210297e-16,279,-0.9959189961471792,0.0902516100310407,-0.992708874098054,0.1205366802553232,0,Spring,0,1,0,0,3,0,0,0,1,278,0,0,0,0,0,1,2,542.0,379.0,271.0,308.0,232.0,270.0,215.0,342.0,397.3333333333333,136.4270256706245,542.0,271.0,412.57142857142856,132.01370780195208,640.0,271.0,376.64285714285717,108.52196313888003,640.0,271.0,333.96666666666664,106.12045314034721,640.0,178.0,280.15,100.3748609556414,640.0,129.0,269.23333333333335,93.122855906243,640.0,116.0,412.6633928997599,384.2826911867248,344.2587817151857,329.0,308.0,232.0,270.0,284.75,6.1224928095143865
2023-10-07,2023,10,7,5,Saturday,40,4,0,0,10.9,0.3,Partly Cloudy,1,1,1,0,25,403.0,485.0,250.0,497.0,414.5,361.1666666666667,380.9425444596443,868,-0.9749279121818236,-0.2225209339563146,-1.0,-1.8369701987210297e-16,280,-0.994217906893952,0.10738134666416306,-0.992708874098054,0.1205366802553232,1,Spring,0,1,0,0,2,0,1,0,0,279,0,0,1,0,1,1,3,455.0,542.0,379.0,485.0,580.0,310.0,197.0,296.0,458.6666666666667,81.56183748134447,542.0,379.0,430.57142857142856,127.22271435407752,640.0,271.0,387.14285714285717,108.48102077382855,640.0,271.0,340.56666666666666,107.31895206003621,640.0,178.0,284.15,102.49428673618476,640.0,129.0,270.4888888888889,94.86054157059316,640.0,116.0,423.24754467481995,393.7116656951615,351.4033764432383,403.0,485.0,580.0,310.0,444.5,6.767343125265392
2023-10-08,2023,10,8,6,Sunday,40,4,0,0,14.9,0.3,Sunny,1,1,1,0,25,640.0,310.0,270.0,515.5714285714286,447.3571428571428,377.8333333333333,380.9425444596443,770,-0.7818314824680299,0.6234898018587334,-1.0,-1.8369701987210297e-16,281,-0.9922222094179324,0.12447926388678869,-0.992708874098054,0.1205366802553232,1,Spring,0,1,0,0,3,0,0,0,1,280,0,0,1,1,1,1,3,868.0,455.0,542.0,310.0,367.0,329.0,242.0,266.0,621.6666666666666,217.72076918230215,868.0,455.0,497.0,206.88483108563943,868.0,271.0,414.5,167.3677434228636,868.0,271.0,361.1666666666667,142.78705711009277,868.0,178.0,295.3333333333333,126.59700731015306,868.0,129.0,276.84444444444443,113.84998123502719,868.0,116.0,534.435658506115,456.95011026914,384.7321908662552,640.0,310.0,367.0,329.0,411.5,6.647688373563329
2023-10-09,2023,10,9,0,Monday,41,4,0,0,14.3,1.5,Cloudy,1,1,0,0,25,324.0,282.0,310.0,536.0,460.57142857142856,383.06666666666666,380.9425444596443,467,0.0,1.0,-1.0,-1.8369701987210297e-16,282,-0.989932495087353,0.141540295217043,-0.9709418174260521,0.23931566428755738,0,Spring,0,1,0,0,1,1,0,0,0,281,0,0,0,0,0,1,2,770.0,868.0,455.0,282.0,321.0,221.0,323.0,235.0,697.6666666666666,215.7923384491055,868.0,455.0,515.5714285714286,226.74277433754304,868.0,271.0,447.35714285714283,189.02608983249536,868.0,271.0,377.8333333333333,159.93060635967927,868.0,178.0,304.1333333333333,140.4230251372634,868.0,129.0,282.44444444444446,125.14549834215342,868.0,116.0,593.3267438795863,498.690095566588,409.5881785523033,324.0,282.0,321.0,221.0,287.0,6.148468295917647
2023-10-10,2023,10,10,1,Tuesday,41,4,0,0,15.9,0.6,Cloudy,1,1,0,0,25,271.0,292.0,329.0,553.8571428571429,468.0,385.3,380.9425444596443,396,0.7818314824680298,0.6234898018587336,-1.0,-1.8369701987210297e-16,283,-0.9873494423939864,0.15855938510313475,-0.9709418174260521,0.23931566428755738,0,Spring,0,1,0,0,1,1,0,0,0,282,0,0,0,0,0,1,2,467.0,770.0,868.0,292.0,313.0,178.0,206.0,208.0,701.6666666666666,209.05103045269422,868.0,467.0,536.0,212.60761980700568,868.0,271.0,460.57142857142856,182.94585760051194,868.0,271.0,383.06666666666666,160.2028742549278,868.0,178.0,306.53333333333336,141.97295835459212,868.0,129.0,285.02222222222224,126.53888488628594,868.0,116.0,561.7450579096896,494.46474949104294,413.2921670327999,271.0,292.0,313.0,178.0,263.5,5.983936280687191
2023-10-11,2023,10,11,2,Wednesday,41,4,0,0,13.5,0.9,Cloudy,1,1,1,0,25,379.0,381.0,221.0,567.8571428571429,474.8571428571428,393.8333333333333,380.9425444596443,477,0.9749279121818236,-0.22252093395631434,-1.0,-1.8369701987210297e-16,284,-0.9844738167520923,0.17553149042142777,-0.9709418174260521,0.23931566428755738,0,Spring,0,1,0,0,1,1,0,0,0,283,0,0,0,0,1,1,3,396.0,467.0,770.0,381.0,327.0,219.0,376.0,243.0,544.3333333333334,198.63114895034283,770.0,396.0,553.8571428571429,190.7681215257845,868.0,379.0,468.0,177.60803862611445,868.0,271.0,385.3,159.8898651119489,868.0,178.0,309.7,141.81144081407064,868.0,129.0,287.1111111111111,126.80458684898834,868.0,116.0,520.3087934322673,481.33611622557055,412.1765433532645,379.0,381.0,327.0,219.0,326.5,6.169610732491456
2023-10-12,2023,10,12,3,Thursday,41,4,0,0,14.5,9.1,Rainy,1,1,0,0,25,542.0,327.0,178.0,535.0,473.7857142857143,398.3,380.9425444596443,312,0.43388373911755823,-0.900968867902419,-1.0,-1.8369701987210297e-16,285,-0.9813064702716093,0.19245158197082995,-0.9709418174260521,0.23931566428755738,0,Spring,0,1,0,0,0,0,0,1,0,284,0,0,0,0,0,1,2,477.0,396.0,467.0,327.0,323.0,249.0,294.0,187.0,446.6666666666667,44.16257842714005,477.0,396.0,567.8571428571429,179.03205352806657,868.0,396.0,474.85714285714283,175.83508757349313,868.0,271.0,393.8333333333333,157.63425221462606,868.0,178.0,311.3833333333333,143.20438063400263,868.0,129.0,289.7111111111111,128.2803499752119,868.0,116.0,509.48159507420047,480.7579673954945,416.3587018466023,542.0,327.0,323.0,249.0,360.25,5.746203190540153
2023-10-13,2023,10,13,4,Friday,41,4,0,0,18.3,2.3,Cloudy,1,1,0,0,25,455.0,329.0,219.0,547.0,488.7857142857143,408.9666666666666,380.9425444596443,539,-0.433883739117558,-0.9009688679024191,-1.0,-1.8369701987210297e-16,286,-0.9778483415056568,0.20931464596304888,-0.9709418174260521,0.23931566428755738,0,Spring,0,1,0,0,1,1,0,0,0,285,0,0,0,0,0,1,2,312.0,477.0,396.0,329.0,308.0,232.0,189.0,363.0,395.0,82.504545329333,477.0,312.0,535.0,203.94116798724153,868.0,312.0,473.7857142857143,176.84812196276843,868.0,271.0,398.3,153.14206836610327,868.0,219.0,311.68333333333334,143.18619993947493,868.0,129.0,291.1,127.83170554999364,868.0,116.0,460.11119630565037,458.2569050760953,409.625882372628,455.0,329.0,308.0,232.0,331.0,6.29156913955832
2023-10-14,2023,10,14,5,Saturday,41,4,0,0,13.3,6.0,Rainy,1,1,0,0,25,868.0,403.0,249.0,477.7142857142857,487.3571428571428,413.4333333333333,380.9425444596443,383,-0.9749279121818236,-0.2225209339563146,-1.0,-1.8369701987210297e-16,287,-0.9741004551724206,0.22611568550828803,-0.9709418174260521,0.23931566428755738,1,Spring,0,1,0,0,0,0,0,1,0,286,0,0,1,0,0,1,2,539.0,312.0,477.0,403.0,485.0,580.0,245.0,281.0,442.6666666666667,117.3300188925805,539.0,312.0,547.0,200.89798406156365,868.0,312.0,488.7857142857143,172.47482695763435,868.0,271.0,408.96666666666664,151.3567339748721,868.0,232.0,317.51666666666665,145.21842014022377,868.0,129.0,293.05555555555554,130.26699989223633,868.0,116.0,479.8333972292378,469.0226510659493,417.97259963891,868.0,403.0,485.0,580.0,584.0,5.950642552587727
2023-10-15,2023,10,15,6,Sunday,41,4,0,0,8.6,0.3,Sunny,1,1,0,0,25,770.0,640.0,232.0,464.4285714285714,490.0,428.26666666666665,380.9425444596443,677,-0.7818314824680299,0.6234898018587334,-1.0,-1.8369701987210297e-16,288,-0.970063921851507,0.2428497220959358,-0.9709418174260521,0.23931566428755738,1,Spring,0,1,0,0,3,0,0,0,1,287,0,0,1,1,0,1,2,383.0,539.0,312.0,640.0,310.0,367.0,188.0,323.0,411.3333333333333,116.12206221615811,539.0,312.0,477.7142857142857,148.55494414044804,770.0,312.0,487.35714285714283,173.32078180816455,868.0,271.0,413.43333333333334,148.42197145030573,868.0,232.0,319.81666666666666,145.14323628591163,868.0,129.0,294.18888888888887,130.60420476432753,868.0,116.0,455.62504792192834,457.5529642571561,415.7163028880126,770.0,640.0,310.0,367.0,521.75,6.519147287940395
2023-10-16,2023,10,16,0,Monday,42,4,0,0,22.0,1.0,Cloudy,1,1,0,0,25,467.0,324.0,580.0,476.4285714285714,506.2142857142857,427.3,380.9425444596443,551,0.0,1.0,-1.0,-1.8369701987210297e-16,289,-0.965739937654855,0.25951179706979943,-0.9350162426854148,0.35460488704253557,0,Spring,0,1,0,0,1,1,0,0,0,288,0,0,0,0,0,1,2,677.0,383.0,539.0,324.0,282.0,321.0,154.0,205.0,533.0,147.09180806557504,677.0,383.0,464.42857142857144,119.34523750148522,677.0,312.0,490.0,176.08739089091307,868.0,271.0,428.26666666666665,151.8610829203687,868.0,271.0,327.96666666666664,151.21798909517562,868.0,129.0,298.1222222222222,136.6713295084709,868.0,116.0,510.96878594144624,486.8125690228686,432.573315604915,467.0,324.0,282.0,321.0,348.5,6.313548046277095
2023-10-17,2023,10,17,1,Tuesday,42,4,0,0,20.5,1.6,Cloudy,1,1,0,0,25,396.0,271.0,367.0,491.1428571428572,522.5,431.7,380.9425444596443,499,0.7818314824680298,0.6234898018587336,-1.0,-1.8369701987210297e-16,290,-0.9611297838723007,0.27609697309746883,-0.9350162426854148,0.35460488704253557,0,Spring,0,1,0,0,1,1,0,0,0,289,0,0,0,0,0,1,2,551.0,677.0,383.0,271.0,292.0,313.0,129.0,192.0,537.0,147.49915253993822,677.0,383.0,476.42857142857144,123.78725990297195,677.0,312.0,506.2142857142857,169.97111907227446,868.0,271.0,427.3,150.95149940432444,868.0,271.0,334.5833333333333,152.15951617162128,868.0,129.0,301.96666666666664,138.87108644957536,868.0,116.0,520.9765894560846,495.3708931531528,440.2137468562109,396.0,271.0,292.0,313.0,318.0,6.214608098422191
2023-10-18,2023,10,18,2,Wednesday,42,4,0,0,9.8,0.2,Partly Cloudy,1,1,0,0,25,477.0,379.0,321.0,494.0,530.9285714285714,437.56666666666666,380.9425444596443,497,0.9749279121818236,-0.22252093395631434,-1.0,-1.8369701987210297e-16,291,-0.9562348265919058,0.2926003356333479,-0.9350162426854148,0.35460488704253557,0,Spring,0,1,0,0,2,0,1,0,0,290,0,0,0,0,0,1,2,499.0,551.0,677.0,379.0,381.0,327.0,313.0,173.0,575.6666666666666,91.5277735626367,677.0,499.0,491.14285714285717,118.64854061671562,677.0,312.0,522.5,156.05361504697916,868.0,312.0,431.7,151.05699997477532,868.0,271.0,340.75,151.18095846828658,868.0,162.0,305.3777777777778,139.90619471935105,868.0,116.0,515.4824420920635,495.8547740660657,444.0064083493586,477.0,379.0,381.0,327.0,391.0,6.210600077024653
2023-10-19,2023,10,19,3,Thursday,42,4,0,0,17.8,0.0,Sunny,1,1,0,1,20,312.0,542.0,313.0,537.1428571428571,536.0714285714286,447.6,380.9425444596443,614,0.43388373911755823,-0.900968867902419,-1.0,-1.8369701987210297e-16,292,-0.9510565162951536,0.30901699437494723,-0.9350162426854148,0.35460488704253557,0,Spring,0,1,0,0,3,0,0,0,1,291,0,0,0,0,0,1,3,497.0,499.0,551.0,542.0,327.0,323.0,249.0,149.0,515.6666666666666,30.615900008546095,551.0,497.0,494.0,118.49191252289567,677.0,312.0,530.9285714285714,150.80525612433163,868.0,312.0,437.56666666666666,150.02360350689943,868.0,271.0,343.81666666666666,152.46922353148437,868.0,162.0,308.97777777777776,140.62828345452357,868.0,116.0,510.8618315690476,496.007470857257,447.4253497461742,312.0,542.0,327.0,323.0,376.0,6.421622267806518
2023-10-20,2023,10,20,4,Friday,42,4,0,0,13.0,2.2,Cloudy,1,1,0,0,25,539.0,455.0,327.0,535.1428571428571,541.0714285714286,454.2,380.9425444596443,525,-0.433883739117558,-0.9009688679024191,-1.0,-1.8369701987210297e-16,293,-0.9455963874271428,0.3253420847119795,-0.9350162426854148,0.35460488704253557,0,Spring,0,1,0,0,1,1,0,0,0,292,0,0,0,0,0,1,2,614.0,497.0,499.0,455.0,329.0,308.0,164.0,373.0,536.6666666666666,66.98009654616284,614.0,497.0,537.1428571428571,93.53150729643531,677.0,383.0,536.0714285714286,152.43079856659003,868.0,312.0,447.6,151.46380015905004,868.0,271.0,349.9,155.86572883006954,868.0,162.0,314.14444444444445,143.20312917231976,868.0,116.0,536.6463736767857,511.7398080762894,458.17210137545334,539.0,455.0,329.0,308.0,407.75,6.26530121273771
2023-10-21,2023,10,21,5,Saturday,42,4,0,0,16.1,2.1,Cloudy,1,1,0,0,25,383.0,868.0,323.0,566.7142857142857,522.2142857142857,463.56666666666666,380.9425444596443,604,-0.9749279121818236,-0.2225209339563146,-1.0,-1.8369701987210297e-16,294,-0.9398560579418953,0.341570769167856,-0.9350162426854148,0.35460488704253557,1,Spring,0,1,0,0,1,1,0,0,0,293,0,0,1,0,0,1,2,525.0,614.0,497.0,868.0,403.0,485.0,162.0,262.0,545.3333333333334,61.09282554714012,614.0,497.0,535.1428571428571,93.63480223974665,677.0,383.0,541.0714285714286,150.70524685149957,868.0,312.0,454.2,150.33718424101602,868.0,271.0,355.9166666666667,155.53530218567317,868.0,162.0,315.8333333333333,144.79254822839448,868.0,116.0,533.7347802575894,513.5078336661174,462.4835787060693,383.0,868.0,403.0,485.0,534.75,6.405228458030842
2023-10-22,2023,10,22,6,Sunday,42,4,0,0,16.2,1.1,Cloudy,1,1,1,0,25,677.0,770.0,308.0,581.0,522.7142857142857,479.2,380.9425444596443,777,-0.7818314824680299,0.6234898018587334,-1.0,-1.8369701987210297e-16,295,-0.9338372288229252,0.35769823883312546,-0.9350162426854148,0.35460488704253557,1,Spring,0,1,0,0,1,1,0,0,0,294,0,0,1,0,1,1,3,604.0,525.0,614.0,770.0,640.0,310.0,213.0,180.0,581.0,48.75448697299523,614.0,525.0,566.7142857142857,67.35654951008901,677.0,497.0,522.2142857142857,120.05010400881568,770.0,312.0,463.56666666666666,150.63444752648428,868.0,271.0,363.28333333333336,156.65833401328888,868.0,173.0,319.6333333333333,147.81999758284834,868.0,116.0,551.301085193192,525.5734558439684,471.61367040245193,677.0,770.0,640.0,310.0,599.25,6.656726524178391
2023-10-23,2023,10,23,0,Monday,43,4,0,0,14.1,1.3,Cloudy,1,0,0,0,25,551.0,467.0,485.0,545.4285714285714,510.9285714285714,473.1,380.9425444596443,302,0.0,1.0,-1.0,-1.8369701987210297e-16,296,-0.9275416835791965,0.3737197147904692,-0.8854560256532101,0.464723172043768,0,Spring,0,1,0,0,1,1,0,0,0,295,0,0,0,0,0,1,1,777.0,604.0,525.0,467.0,324.0,282.0,177.0,116.0,635.3333333333334,128.88884099615953,777.0,525.0,581.0,98.19198881103789,777.0,497.0,522.7142857142857,121.17084478691073,777.0,312.0,479.2,158.0853981348316,868.0,271.0,372.68333333333334,164.22612476855548,868.0,173.0,326.26666666666665,154.7177059658198,868.0,116.0,607.7258138948939,559.0969950647726,491.31601424745503,551.0,467.0,324.0,282.0,406.0,5.713732805509369
2023-10-24,2023,10,24,1,Tuesday,43,4,0,0,11.9,1.1,Cloudy,1,0,0,0,25,499.0,396.0,310.0,513.0,502.07142857142856,471.8333333333333,380.9425444596443,272,0.7818314824680298,0.6234898018587336,-1.0,-1.8369701987210297e-16,297,-0.9209712877166346,0.38963044953078774,-0.8854560256532101,0.464723172043768,0,Spring,0,1,0,0,1,1,0,0,0,296,0,0,0,0,0,1,1,302.0,777.0,604.0,396.0,271.0,292.0,203.0,184.0,561.0,240.4017470818379,777.0,302.0,545.4285714285714,144.8756445402493,777.0,302.0,510.92857142857144,134.317914656989,777.0,302.0,473.1,161.35083855824305,868.0,271.0,374.76666666666665,162.48529181589686,868.0,173.0,328.3333333333333,153.11140102420697,868.0,129.0,531.2943604211705,524.817395722803,479.1020778443935,499.0,396.0,271.0,292.0,364.5,5.60947179518496
2023-10-25,2023,10,25,2,Wednesday,43,4,0,0,12.2,0.0,Partly Cloudy,1,0,0,0,25,497.0,477.0,282.0,496.0,495.0,475.03333333333336,380.9425444596443,378,0.9749279121818236,-0.22252093395631434,-1.0,-1.8369701987210297e-16,298,-0.9141279881853337,0.4054257283599973,-0.8854560256532101,0.464723172043768,0,Spring,0,1,0,0,2,0,1,0,0,297,0,0,0,0,0,1,1,272.0,302.0,777.0,477.0,379.0,381.0,279.0,130.0,450.3333333333333,283.29901752977065,777.0,272.0,513.0,178.5030345213593,777.0,272.0,502.07142857142856,146.05502876851384,777.0,272.0,471.8333333333333,162.81787653553334,868.0,271.0,375.9166666666667,161.49012581103298,868.0,173.0,329.31111111111113,152.45892019513383,868.0,129.0,466.47077031587787,491.10840962642925,465.74065346733585,497.0,477.0,379.0,381.0,433.5,5.937536205082426
2023-10-26,2023,10,26,3,Thursday,43,4,0,0,11.3,0.8,Cloudy,1,0,0,0,25,614.0,312.0,292.0,449.8571428571428,493.5,475.0,380.9425444596443,291,0.43388373911755823,-0.900968867902419,-1.0,-1.8369701987210297e-16,299,-0.9070138128026362,0.42110087079608916,-0.8854560256532101,0.464723172043768,0,Spring,0,1,0,0,1,1,0,0,0,298,0,0,0,0,0,1,1,378.0,272.0,302.0,312.0,542.0,327.0,204.0,238.0,317.3333333333333,54.63820397243376,378.0,272.0,496.0,185.7982777099945,777.0,272.0,495.0,149.7130588826505,777.0,272.0,475.03333333333336,159.87505538179894,868.0,271.0,377.56666666666666,160.9880895338267,868.0,173.0,332.06666666666666,151.05076161433175,868.0,129.0,444.3530777369084,476.02728834290536,460.0799661468626,614.0,312.0,542.0,327.0,448.75,5.676753802268282
2023-10-27,2023,10,27,4,Friday,43,4,0,0,11.7,0.4,Partly Cloudy,1,0,0,0,25,525.0,539.0,381.0,419.0,477.07142857142856,472.6,380.9425444596443,309,-0.433883739117558,-0.9009688679024191,-1.0,-1.8369701987210297e-16,300,-0.8996308696522434,0.4366512319560638,-0.8854560256532101,0.464723172043768,0,Spring,0,1,0,0,2,0,1,0,0,299,0,0,0,0,0,1,1,291.0,378.0,272.0,539.0,455.0,329.0,213.0,280.0,313.6666666666667,56.51843357112153,378.0,272.0,449.85714285714283,191.62587557654206,777.0,272.0,493.5,151.778558331639,777.0,272.0,475.0,159.9146323985781,868.0,271.0,379.01666666666665,159.78560759805688,868.0,173.0,332.65555555555557,150.7829872314909,868.0,129.0,406.01480830268133,451.356983230518,449.1715812341618,525.0,539.0,455.0,329.0,462.0,5.736572297479192
2023-10-28,2023,10,28,5,Saturday,43,4,0,0,14.7,0.2,Sunny,1,0,0,0,25,604.0,383.0,327.0,406.7142857142857,486.7142857142857,478.9666666666666,380.9425444596443,518,-0.9749279121818236,-0.2225209339563146,-1.0,-1.8369701987210297e-16,301,-0.8919813464595487,0.45207220393230374,-0.8854560256532101,0.464723172043768,1,Spring,0,1,0,0,3,0,0,0,1,300,0,0,1,1,0,1,1,309.0,291.0,378.0,383.0,868.0,403.0,219.0,257.0,326.0,45.923850012819514,378.0,291.0,419.0,194.87260796051737,777.0,272.0,477.07142857142856,158.7617781388271,777.0,272.0,472.6,161.90197119202108,868.0,271.0,380.6166666666667,158.57106535670866,868.0,173.0,332.97777777777776,150.70016199880786,868.0,129.0,381.761106227011,432.3760521331156,440.128253412603,604.0,383.0,868.0,403.0,564.5,6.251903883165888
2023-10-29,2023,10,29,6,Sunday,43,4,0,0,12.1,6.3,Rainy,1,0,0,0,25,777.0,677.0,329.0,343.2857142857143,462.1428571428572,479.1,380.9425444596443,333,-0.7818314824680299,0.6234898018587334,-1.0,-1.8369701987210297e-16,302,-0.8840675099433637,0.46735921715800205,-0.8854560256532101,0.464723172043768,1,Spring,0,1,0,0,0,0,0,1,0,301,0,0,1,0,0,1,1,518.0,309.0,291.0,677.0,770.0,640.0,173.0,262.0,372.6666666666667,126.18372848086743,518.0,291.0,406.7142857142857,183.65340026411593,777.0,272.0,486.7142857142857,156.69491600973106,777.0,272.0,478.96666666666664,159.71968620342167,868.0,271.0,385.6,158.1035061093453,868.0,173.0,335.8777777777778,151.7294182238791,868.0,129.0,415.82082967025826,443.79257851536687,445.1522370634028,777.0,677.0,770.0,640.0,716.0,5.8111409929767
2023-10-30,2023,10,30,0,Monday,44,4,0,0,17.7,1.8,Cloudy,1,0,0,0,25,302.0,551.0,403.0,350.57142857142856,448.0,477.4333333333333,380.9425444596443,353,0.0,1.0,-1.0,-1.8369701987210297e-16,303,-0.8758917051442433,0.48250774176121763,-0.822983865893657,0.5680647467311548,0,Spring,0,1,0,0,1,1,0,0,0,302,0,0,0,0,0,1,1,333.0,518.0,309.0,551.0,467.0,324.0,212.0,169.0,386.6666666666667,114.36928492096675,518.0,309.0,343.2857142857143,84.19365432484514,518.0,272.0,462.14285714285717,151.44425587443914,777.0,272.0,479.1,159.59179609024486,868.0,271.0,388.26666666666665,155.78928257416086,868.0,178.0,336.6666666666667,151.5254270945302,868.0,129.0,395.1156222526937,429.02023471331796,437.916608865764,302.0,551.0,467.0,324.0,411.0,5.869296913133774
2023-10-31,2023,10,31,1,Tuesday,44,4,0,0,20.9,2.6,Cloudy,1,0,0,1,20,272.0,499.0,640.0,368.8571428571428,440.9285714285714,469.4333333333333,380.9425444596443,400,0.7818314824680298,0.6234898018587336,-1.0,-1.8369701987210297e-16,304,-0.8674563547295971,0.4975132889071803,-0.822983865893657,0.5680647467311548,0,Spring,0,1,0,0,1,1,0,0,0,303,0,0,0,0,0,1,2,353.0,333.0,518.0,499.0,396.0,271.0,219.0,284.0,401.3333333333333,101.52996273678657,518.0,333.0,350.57142857142856,82.20879341217585,518.0,272.0,448.0,151.7528354823165,777.0,272.0,477.43333333333334,160.67136803347097,868.0,271.0,390.6166666666667,154.1400520621344,868.0,178.0,338.7111111111111,150.47544459385344,868.0,129.0,384.58671668952024,418.8842034182089,432.43811797119855,272.0,499.0,396.0,271.0,359.5,5.993961427306569
2023-11-01,2023,11,1,2,Wednesday,44,4,0,0,14.7,0.8,Cloudy,1,0,0,0,25,378.0,497.0,324.0,368.2857142857143,432.1428571428572,471.1,380.9425444596443,374,0.9749279121818236,-0.22252093395631434,-0.8660254037844386,0.5000000000000001,305,-0.8587639582758031,0.5123714121284235,-0.822983865893657,0.5680647467311548,0,Spring,0,1,0,0,1,1,0,0,0,304,0,0,0,0,0,1,1,400.0,353.0,333.0,497.0,477.0,379.0,296.0,236.0,362.0,34.394767043838726,400.0,333.0,368.85714285714283,75.80551556764391,518.0,291.0,440.92857142857144,151.49991839841107,777.0,272.0,469.43333333333334,158.25463621978795,868.0,271.0,393.6333333333333,152.48672814342564,868.0,178.0,340.0,150.49834819355584,868.0,129.0,388.4400375171402,416.36630962911437,430.34533616660514,378.0,497.0,477.0,379.0,432.75,5.926926025970411
2023-11-02,2023,11,2,3,Thursday,44,4,0,0,18.0,1.0,Cloudy,1,0,0,0,25,291.0,614.0,271.0,367.1428571428572,408.5,471.5,380.9425444596443,283,0.43388373911755823,-0.900968867902419,-0.8660254037844386,0.5000000000000001,306,-0.8498170915275277,0.5270777086423724,-0.822983865893657,0.5680647467311548,0,Spring,0,1,0,0,1,1,0,0,0,305,0,0,0,0,0,1,1,374.0,400.0,353.0,614.0,312.0,542.0,282.0,246.0,375.6666666666667,23.544284515212347,400.0,353.0,368.2857142857143,75.74015730490359,518.0,291.0,432.14285714285717,151.5645874728794,777.0,272.0,471.1,156.92791009096243,868.0,271.0,394.93333333333334,151.97188262091322,868.0,178.0,341.53333333333336,150.12939737125498,868.0,129.0,384.83002813785515,410.7174683452325,426.7101531881145,291.0,614.0,312.0,542.0,439.75,5.648974238161206
2023-11-03,2023,11,3,4,Friday,44,4,0,0,19.0,0.5,Cloudy,1,0,0,0,25,309.0,525.0,379.0,372.7142857142857,395.8571428571428,470.4666666666666,380.9425444596443,348,-0.433883739117558,-0.9009688679024191,-0.8660254037844386,0.5000000000000001,307,-0.8406184056344783,0.5416278206559811,-0.822983865893657,0.5680647467311548,0,Spring,0,1,0,0,1,1,0,0,0,306,0,0,0,0,0,1,1,283.0,374.0,400.0,525.0,539.0,455.0,274.0,330.0,352.3333333333333,61.435603141283366,400.0,283.0,367.14285714285717,77.14797161176459,518.0,283.0,408.5,146.75450458294125,777.0,272.0,471.5,156.4147338504822,868.0,272.0,394.95,151.95934168528015,868.0,178.0,341.94444444444446,149.91535897442085,868.0,129.0,359.37252110339136,393.68847256586815,417.43853040178453,309.0,525.0,539.0,455.0,457.0,5.855071922202427
2023-11-04,2023,11,4,5,Saturday,44,4,0,0,18.9,0.2,Sunny,1,0,0,0,25,518.0,604.0,542.0,381.8571428571428,394.2857142857143,471.8,380.9425444596443,582,-0.9749279121818236,-0.2225209339563146,-0.8660254037844386,0.5000000000000001,308,-0.8311706263658079,0.5560174366570446,-0.822983865893657,0.5680647467311548,1,Spring,0,1,0,0,3,0,0,0,1,307,0,0,1,1,0,1,1,348.0,283.0,374.0,604.0,383.0,868.0,180.0,412.0,335.0,46.87216658103114,374.0,283.0,372.7142857142857,73.57471097624654,518.0,283.0,395.85714285714283,143.5349633862273,777.0,272.0,470.46666666666664,157.14757688090572,868.0,272.0,396.18333333333334,151.25973751164054,868.0,178.0,342.14444444444445,149.91125173166725,868.0,129.0,356.5293908275435,387.5966762237524,412.95862521457263,518.0,604.0,383.0,868.0,593.25,6.368187186350492
2023-11-05,2023,11,5,6,Sunday,44,4,0,0,17.3,0.4,Partly Cloudy,1,0,1,0,25,333.0,777.0,455.0,416.4285714285714,379.8571428571428,475.8,380.9425444596443,575,-0.7818314824680299,0.6234898018587334,-0.8660254037844386,0.5000000000000001,309,-0.8214765533024145,0.5702422926917867,-0.822983865893657,0.5680647467311548,1,Spring,0,1,0,0,2,0,1,0,0,308,0,0,1,0,1,1,2,582.0,348.0,283.0,777.0,677.0,770.0,257.0,215.0,404.3333333333333,157.25881003407494,582.0,283.0,381.85714285714283,95.38243823581809,582.0,283.0,394.2857142857143,141.18205844360511,777.0,272.0,471.8,157.94311503261812,868.0,272.0,402.8833333333333,150.42257895637545,868.0,178.0,344.03333333333336,151.85966688678826,868.0,129.0,412.89704312065766,413.51711939391873,423.8645203620196,333.0,777.0,677.0,770.0,639.25,6.3561076606958915
2023-11-06,2023,11,6,0,Monday,45,4,0,0,20.0,3.2,Cloudy,1,0,0,1,20,353.0,302.0,868.0,431.8571428571428,391.2142857142857,462.23333333333335,380.9425444596443,461,0.0,1.0,-0.8660254037844386,0.5000000000000001,310,-0.8115390590073611,0.5842981736283683,-0.7485107481711011,0.6631226582407952,0,Spring,0,1,0,0,1,1,0,0,0,309,0,0,0,0,0,1,2,575.0,582.0,348.0,302.0,551.0,467.0,250.0,197.0,501.6666666666667,133.12525430335623,582.0,348.0,416.42857142857144,116.28822976102332,582.0,283.0,379.85714285714283,104.65831375176327,582.0,272.0,475.8,159.01884512047062,868.0,272.0,408.18333333333334,150.79714645354227,868.0,178.0,348.03333333333336,153.15839271299163,868.0,129.0,453.42278234049326,435.04817014139627,433.6151964676958,353.0,302.0,551.0,467.0,418.25,6.135564891081739
2023-11-07,2023,11,7,1,Tuesday,45,4,1,0,18.9,2.3,Cloudy,1,0,0,0,25,400.0,272.0,770.0,509.7142857142857,439.2857142857143,468.06666666666666,380.9425444596443,945,0.7818314824680298,0.6234898018587336,-0.8660254037844386,0.5000000000000001,311,-0.801361088174677,0.5981809144059159,-0.7485107481711011,0.6631226582407952,0,Spring,0,1,0,0,1,1,0,0,0,310,0,0,0,0,0,1,2,461.0,575.0,582.0,272.0,499.0,396.0,270.0,242.0,539.3333333333334,67.92888438163303,582.0,461.0,431.85714285714283,113.6037390397416,582.0,283.0,391.2142857142857,104.185617323807,582.0,272.0,462.23333333333335,140.71239519288798,777.0,272.0,411.7,149.50044498544966,868.0,178.0,350.96666666666664,152.76084341512018,868.0,129.0,455.3170867553699,438.5084141225434,435.381957985909,400.0,272.0,499.0,396.0,391.75,6.852242569051878
2023-11-08,2023,11,8,2,Wednesday,45,4,0,0,12.0,1.6,Cloudy,1,0,0,0,25,374.0,378.0,467.0,500.0,434.1428571428572,462.7,380.9425444596443,306,0.9749279121818236,-0.22252093395631434,-0.8660254037844386,0.5000000000000001,312,-0.7909456567567774,0.6118864012687242,-0.7485107481711011,0.6631226582407952,0,Spring,0,1,0,0,1,1,0,0,0,311,0,0,0,0,0,1,1,945.0,461.0,575.0,378.0,497.0,477.0,310.0,323.0,660.3333333333334,253.03227725595258,945.0,461.0,509.7142857142857,222.59957643394495,945.0,283.0,439.2857142857143,175.6799662723399,945.0,283.0,468.06666666666666,156.6372777521658,945.0,272.0,422.95,163.40699163516305,945.0,178.0,358.77777777777777,164.63796016590612,945.0,129.0,577.7378150665274,506.04062557287097,468.2605413416569,374.0,378.0,497.0,477.0,431.5,5.726847747587197
2023-11-09,2023,11,9,3,Thursday,45,4,0,0,20.5,1.3,Cloudy,1,0,0,0,25,283.0,291.0,396.0,516.0,441.57142857142856,462.6666666666667,380.9425444596443,395,0.43388373911755823,-0.900968867902419,-0.8660254037844386,0.5000000000000001,313,-0.780295851070776,0.6254105729852457,-0.7485107481711011,0.6631226582407952,0,Spring,0,1,0,0,1,1,0,0,0,312,0,0,0,0,0,1,1,306.0,945.0,461.0,291.0,614.0,312.0,329.0,206.0,570.6666666666666,333.3171662746059,945.0,306.0,500.0,230.840493270426,945.0,283.0,434.14285714285717,178.6409622863506,945.0,283.0,462.7,159.40863776189607,945.0,272.0,422.8833333333333,163.45466293794803,945.0,178.0,358.5888888888889,164.68921322845563,945.0,129.0,509.8033612998956,479.36854216315487,457.7921193196146,283.0,291.0,614.0,312.0,375.0,5.981414211254481
2023-11-10,2023,11,10,4,Friday,45,4,0,0,20.5,5.1,Rainy,1,0,0,0,25,348.0,309.0,477.0,510.57142857142856,441.6428571428572,457.1,380.9425444596443,310,-0.433883739117558,-0.9009688679024191,-0.8660254037844386,0.5000000000000001,314,-0.7694148268839381,0.6387494220515268,-0.7485107481711011,0.6631226582407952,0,Spring,0,1,0,0,0,0,0,1,0,313,0,0,0,0,0,1,1,395.0,306.0,945.0,309.0,525.0,539.0,221.0,376.0,548.6666666666666,346.10740144257716,945.0,306.0,516.0,216.74408873138913,945.0,306.0,441.57142857142856,174.34127199512758,945.0,283.0,462.6666666666667,159.42316997988945,945.0,272.0,423.98333333333335,163.03368599268555,945.0,178.0,360.68888888888887,163.92486936552476,945.0,129.0,481.1025209749217,468.1194032080676,453.74101484738145,348.0,309.0,525.0,539.0,430.25,5.739792912179234
2023-11-11,2023,11,11,5,Saturday,45,4,0,0,13.9,0.2,Sunny,1,0,0,1,20,582.0,518.0,312.0,519.4285714285714,450.6428571428572,468.1666666666667,380.9425444596443,644,-0.9749279121818236,-0.2225209339563146,-0.8660254037844386,0.5000000000000001,315,-0.7583058084785625,0.6518989958787125,-0.7485107481711011,0.6631226582407952,1,Spring,0,1,0,0,3,0,0,0,1,314,0,0,1,1,0,1,2,310.0,395.0,306.0,518.0,604.0,383.0,178.0,294.0,337.0,50.269274910226336,395.0,306.0,510.57142857142856,222.06369742550444,945.0,306.0,441.64285714285717,174.28297376696003,945.0,283.0,457.1,161.80327561579202,945.0,272.0,425.46666666666664,161.55373421728152,945.0,178.0,359.9555555555556,164.00321393884983,945.0,129.0,438.32689073119127,447.0368161136586,444.4674009862601,582.0,518.0,604.0,383.0,521.75,6.4692503167957724
2023-11-12,2023,11,12,6,Sunday,45,4,0,0,17.2,0.7,Cloudy,1,0,0,0,25,575.0,333.0,539.0,502.0,459.2142857142857,465.3,380.9425444596443,453,-0.7818314824680299,0.6234898018587334,-0.8660254037844386,0.5000000000000001,316,-0.7469720876965551,0.6648553979642866,-0.7485107481711011,0.6631226582407952,1,Spring,0,1,0,0,1,1,0,0,0,315,0,0,1,0,0,1,1,644.0,310.0,395.0,333.0,777.0,677.0,219.0,189.0,449.6666666666667,173.58091292919642,644.0,310.0,519.4285714285714,226.57806391532992,945.0,306.0,450.64285714285717,181.62794055763757,945.0,283.0,468.1666666666667,162.8869045631381,945.0,272.0,433.23333333333335,160.6541043451361,945.0,219.0,363.84444444444443,166.55153476577135,945.0,129.0,489.74516804839345,473.29857396517076,457.3404718903724,575.0,333.0,777.0,677.0,590.5,6.118097198041348
2023-11-13,2023,11,13,0,Monday,46,4,0,0,19.7,0.9,Cloudy,1,0,0,0,25,461.0,353.0,383.0,482.57142857142856,457.2142857142857,463.3666666666667,380.9425444596443,325,0.0,1.0,-0.8660254037844386,0.5000000000000001,317,-0.7354170229639858,0.6776147890466887,-0.6631226582407955,0.7485107481711007,0,Spring,0,1,0,0,1,1,0,0,0,316,0,0,0,0,0,1,1,453.0,644.0,310.0,353.0,302.0,551.0,249.0,245.0,469.0,167.5738643106375,644.0,310.0,502.0,226.28300864183387,945.0,306.0,459.2142857142857,178.4528287472968,945.0,283.0,465.3,162.35320159752152,945.0,272.0,437.1333333333333,158.18659510229213,945.0,232.0,366.77777777777777,165.76047276743898,945.0,129.0,480.5588760362951,470.5920974364813,457.0604414458323,461.0,353.0,302.0,551.0,416.75,5.786897381366708
2023-11-14,2023,11,14,1,Tuesday,46,4,0,0,16.2,3.1,Cloudy,1,0,0,0,25,945.0,400.0,677.0,391.2857142857143,450.5,451.0,380.9425444596443,306,0.7818314824680298,0.6234898018587336,-0.8660254037844386,0.5000000000000001,318,-0.7236440382959123,0.690173388242972,-0.6631226582407955,0.7485107481711007,0,Spring,0,1,0,0,1,1,0,0,0,317,0,0,0,0,0,1,1,325.0,453.0,644.0,400.0,272.0,499.0,232.0,188.0,474.0,160.53348560347135,644.0,325.0,482.57142857142856,236.0189661466905,945.0,306.0,457.2142857142857,179.88593760894847,945.0,283.0,463.3666666666667,163.70673597106136,945.0,272.0,438.4,156.95407943359572,945.0,232.0,367.6666666666667,165.3140015277701,945.0,129.0,441.66915702722133,451.1798177782838,448.5404129654561,945.0,400.0,272.0,499.0,529.0,5.726847747587197
2023-11-15,2023,11,15,2,Wednesday,46,4,0,0,21.3,9.8,Rainy,1,0,0,0,25,306.0,374.0,551.0,386.8571428571428,443.4285714285714,441.8,380.9425444596443,275,0.9749279121818236,-0.22252093395631434,-0.8660254037844386,0.5000000000000001,319,-0.7116566222817751,0.7025274741691566,-0.6631226582407955,0.7485107481711007,0,Spring,0,1,0,0,0,0,0,1,0,318,0,0,0,0,0,1,1,306.0,325.0,453.0,374.0,378.0,497.0,580.0,154.0,361.3333333333333,79.95206897468792,453.0,306.0,391.2857142857143,124.65648035797524,644.0,306.0,450.5,183.89535067532276,945.0,283.0,451.0,161.00267721055283,945.0,272.0,439.6333333333333,155.5895258845266,945.0,271.0,368.97777777777776,164.33809885896594,945.0,129.0,407.75186777041597,431.8225087411793,439.3442572902654,306.0,374.0,378.0,497.0,388.75,5.62040086571715
2023-11-16,2023,11,16,3,Thursday,46,4,0,0,26.5,0.6,Cloudy,1,0,0,0,25,395.0,283.0,499.0,379.1428571428572,447.57142857142856,436.53333333333336,380.9425444596443,341,0.43388373911755823,-0.900968867902419,-0.8660254037844386,0.5000000000000001,320,-0.6994583270516471,0.7146733860429609,-0.6631226582407955,0.7485107481711007,0,Spring,0,1,0,0,1,1,0,0,0,319,0,0,0,0,0,1,1,275.0,306.0,325.0,283.0,291.0,614.0,367.0,129.0,302.0,25.23885892824609,325.0,275.0,386.85714285714283,128.67715229911522,644.0,275.0,443.42857142857144,188.898716974799,945.0,275.0,441.8,162.9650692421643,945.0,272.0,434.55,155.90788512473583,945.0,271.0,370.3222222222222,163.04950842383246,945.0,129.0,374.56390082781195,410.9128409090221,428.74140198121603,395.0,283.0,291.0,614.0,395.75,5.834810737062605
2023-11-17,2023,11,17,4,Friday,46,4,0,0,13.9,4.1,Cloudy,1,0,0,1,20,310.0,348.0,497.0,394.57142857142856,452.57142857142856,433.9,380.9425444596443,418,-0.433883739117558,-0.9009688679024191,-0.8660254037844386,0.5000000000000001,321,-0.6870527672236675,0.726607524768565,-0.6631226582407955,0.7485107481711007,0,Spring,0,1,0,0,1,1,0,0,0,320,0,0,0,0,0,1,2,341.0,275.0,306.0,348.0,309.0,525.0,321.0,313.0,307.3333333333333,33.02019584032236,341.0,275.0,379.14285714285717,129.7220471770689,644.0,275.0,447.57142857142856,185.71885877717006,945.0,275.0,436.53333333333336,163.6045976365458,945.0,272.0,434.1166666666667,156.1347844138353,945.0,271.0,372.6777777777778,161.04300687214567,945.0,162.0,366.17292562085896,401.59112878781923,423.0806663695247,310.0,348.0,309.0,525.0,373.0,6.037870919922137
2023-11-18,2023,11,18,5,Saturday,46,4,0,0,11.5,3.6,Cloudy,1,0,0,0,25,644.0,582.0,614.0,381.2857142857143,450.3571428571428,431.8,380.9425444596443,551,-0.9749279121818236,-0.2225209339563146,-0.8660254037844386,0.5000000000000001,322,-0.6744436188329457,0.7383263540031063,-0.6631226582407955,0.7485107481711007,1,Spring,0,1,0,0,1,1,0,0,0,321,0,0,1,0,0,1,1,418.0,341.0,275.0,582.0,518.0,604.0,313.0,249.0,344.6666666666667,71.57047808512425,418.0,275.0,394.57142857142856,126.51068089672333,644.0,275.0,452.57142857142856,183.7639431803387,945.0,275.0,433.9,163.23314191881997,945.0,272.0,435.73333333333335,155.44434577291125,945.0,271.0,373.84444444444443,160.9861401746733,945.0,162.0,379.12969421564424,403.7789782827767,422.7528814424586,644.0,582.0,518.0,604.0,587.0,6.313548046277095
2023-11-19,2023,11,19,6,Sunday,46,4,0,0,18.2,0.5,Cloudy,1,0,0,0,25,453.0,575.0,525.0,373.0,437.5,427.4666666666666,380.9425444596443,395,-0.7818314824680299,0.6234898018587334,-0.8660254037844386,0.5000000000000001,323,-0.661634618242279,0.749826401204568,-0.6631226582407955,0.7485107481711007,1,Spring,0,1,0,0,1,1,0,0,0,322,0,0,1,0,0,1,1,551.0,418.0,341.0,575.0,333.0,777.0,327.0,164.0,436.6666666666667,106.2371560864337,551.0,341.0,381.2857142857143,97.51019482719876,551.0,275.0,450.35714285714283,182.26506781348664,945.0,275.0,431.8,161.22920074358044,945.0,272.0,439.7,155.29592309141148,945.0,271.0,377.2,161.5012575176282,945.0,162.0,422.0972706617332,423.40844784507317,431.0268890913323,453.0,575.0,333.0,777.0,534.5,5.981414211254481
2023-11-20,2023,11,20,0,Monday,47,4,0,0,19.9,1.0,Cloudy,1,0,1,1,20,325.0,461.0,604.0,386.1428571428572,434.3571428571428,421.23333333333335,380.9425444596443,417,0.0,1.0,-0.8660254037844386,0.5000000000000001,324,-0.6486295610349818,0.7611042586607742,-0.5680647467311559,0.8229838658936564,0,Spring,0,1,0,0,1,1,0,0,0,323,0,0,0,0,1,1,3,395.0,551.0,418.0,461.0,353.0,302.0,323.0,162.0,454.6666666666667,84.21599214717642,551.0,395.0,373.0,92.74876459195289,551.0,275.0,437.5,179.11781683487612,945.0,275.0,427.46666666666664,160.38267455947522,945.0,272.0,440.8333333333333,154.70652004564252,945.0,271.0,379.76666666666665,159.90257216276927,945.0,162.0,415.32295299629993,419.62065479906346,428.7025736660851,325.0,461.0,353.0,302.0,360.25,6.035481432524756
2023-11-21,2023,11,21,1,Tuesday,47,4,0,0,16.1,1.1,Cloudy,1,0,0,0,25,306.0,945.0,777.0,402.0,396.6428571428572,409.23333333333335,380.9425444596443,417,0.7818314824680298,0.6234898018587336,-0.8660254037844386,0.5000000000000001,325,-0.6354323008901775,0.7721565844991641,-0.5680647467311559,0.8229838658936564,0,Spring,0,1,0,0,1,1,0,0,0,324,0,0,0,0,0,1,1,417.0,395.0,551.0,945.0,400.0,272.0,308.0,213.0,454.3333333333333,84.43537963042081,551.0,395.0,386.14285714285717,91.3207325336167,551.0,275.0,434.35714285714283,179.05976962707456,945.0,275.0,421.23333333333335,156.88073294007793,945.0,272.0,442.4,153.9672208125671,945.0,271.0,382.6,158.2512438490619,945.0,173.0,415.7422147472249,419.27123415918834,427.9475689134344,306.0,945.0,400.0,272.0,480.75,6.035481432524756
2023-11-22,2023,11,22,2,Wednesday,47,4,0,0,22.8,7.7,Rainy,1,0,0,0,25,275.0,306.0,302.0,397.0,391.9285714285714,407.1666666666667,380.9425444596443,240,0.9749279121818236,-0.22252093395631434,-0.8660254037844386,0.5000000000000001,326,-0.622046748440868,0.7829801036770625,-0.5680647467311559,0.8229838658936564,0,Spring,0,1,0,0,0,0,0,1,0,325,0,0,0,0,0,1,1,417.0,417.0,395.0,306.0,374.0,378.0,485.0,177.0,409.6666666666667,12.701705922169333,417.0,395.0,402.0,84.46498288245557,551.0,275.0,396.64285714285717,102.4481911413362,644.0,275.0,409.23333333333335,141.7700136898109,945.0,272.0,444.21666666666664,152.99452650746358,945.0,271.0,384.8666666666667,157.2525486119185,945.0,173.0,416.0566610604187,418.9684029379633,427.2412741448257,275.0,306.0,374.0,378.0,333.25,5.484796933490655
2023-11-23,2023,11,23,3,Thursday,47,4,0,0,11.6,0.4,Sunny,1,0,0,0,25,341.0,395.0,272.0,399.4285714285714,389.2857142857143,410.03333333333336,380.9425444596443,358,0.43388373911755823,-0.900968867902419,-0.8660254037844386,0.5000000000000001,327,-0.6084768701151264,0.7935716089521472,-0.5680647467311559,0.8229838658936564,0,Spring,0,1,0,0,3,0,0,0,1,326,0,0,0,0,0,1,1,240.0,417.0,417.0,395.0,283.0,291.0,310.0,203.0,358.0,102.19099764656342,417.0,240.0,397.0,93.76033276391556,551.0,240.0,391.92857142857144,108.2919588503608,644.0,240.0,407.1666666666667,143.8241462949502,945.0,240.0,440.1333333333333,155.14197616493612,945.0,240.0,385.56666666666666,156.45504433822637,945.0,173.0,372.04249579531404,395.1059492129015,415.16119194193374,341.0,395.0,283.0,291.0,327.5,5.883322388488279
2023-11-24,2023,11,24,4,Friday,47,4,0,0,19.8,3.2,Cloudy,1,0,0,0,25,418.0,310.0,378.0,396.8571428571428,395.7142857142857,410.76666666666665,380.9425444596443,400,-0.433883739117558,-0.9009688679024191,-0.8660254037844386,0.5000000000000001,328,-0.594726686960764,0.8039279618328208,-0.5680647467311559,0.8229838658936564,0,Spring,0,1,0,0,1,1,0,0,0,327,0,0,0,0,0,1,1,358.0,240.0,417.0,310.0,348.0,309.0,282.0,279.0,338.3333333333333,90.12398866746445,417.0,240.0,399.42857142857144,92.27649961367499,551.0,240.0,389.2857142857143,108.66209343395899,644.0,240.0,410.03333333333336,141.88107777249587,945.0,240.0,440.93333333333334,154.5823094518912,945.0,240.0,387.2888888888889,155.27143644688687,945.0,173.0,368.5318718464855,390.158489317848,411.4733731069703,418.0,310.0,348.0,309.0,346.25,5.993961427306569
2023-11-25,2023,11,25,5,Saturday,47,4,0,0,14.6,0.8,Cloudy,1,0,0,0,25,551.0,644.0,291.0,369.4285714285714,375.3571428571428,413.03333333333336,380.9425444596443,359,-0.9749279121818236,-0.2225209339563146,-0.8660254037844386,0.5000000000000001,329,-0.5808002734538013,0.8140460935082175,-0.5680647467311559,0.8229838658936564,1,Spring,0,1,0,0,1,1,0,0,0,328,0,0,1,0,0,1,1,400.0,358.0,240.0,644.0,582.0,518.0,292.0,204.0,332.6666666666667,82.95380240430971,400.0,240.0,396.85714285714283,91.92284549452167,551.0,240.0,395.7142857142857,106.24603418584464,644.0,240.0,410.76666666666665,141.76660842514283,945.0,240.0,442.9,153.27107923158104,945.0,240.0,388.6333333333333,154.8465314903977,945.0,173.0,376.3989038848641,391.47069074213493,410.7331554871658,551.0,644.0,582.0,518.0,573.75,5.886104031450156
2023-11-26,2023,11,26,6,Sunday,47,4,0,0,23.9,2.6,Cloudy,1,0,0,0,25,395.0,453.0,309.0,386.4285714285714,379.7142857142857,419.8666666666667,380.9425444596443,514,-0.7818314824680299,0.6234898018587334,-0.8660254037844386,0.5000000000000001,330,-0.5667017562911184,0.8239230057575536,-0.5680647467311559,0.8229838658936564,1,Spring,0,1,0,0,1,1,0,0,0,329,0,0,1,0,0,1,1,359.0,400.0,358.0,453.0,575.0,333.0,381.0,213.0,372.3333333333333,23.9652526240236,400.0,358.0,369.42857142857144,62.05604225981982,417.0,240.0,375.35714285714283,78.76313774940495,551.0,240.0,413.03333333333336,140.32191642749547,945.0,240.0,444.01666666666665,152.3946139520093,945.0,240.0,390.35555555555555,153.62710662554738,945.0,173.0,372.0491779136481,387.14126530985027,407.39553255250996,395.0,453.0,575.0,333.0,439.0,6.244166900663736
2023-11-27,2023,11,27,0,Monday,48,4,0,0,25.0,1.1,Cloudy,1,0,1,0,25,417.0,325.0,518.0,395.2857142857143,390.7142857142857,418.56666666666666,380.9425444596443,479,0.0,1.0,-0.8660254037844386,0.5000000000000001,331,-0.5524353131676203,0.8335557718385695,-0.4647231720437684,0.88545602565321,0,Spring,0,1,0,0,1,1,0,0,0,330,0,0,0,0,1,1,2,514.0,359.0,400.0,325.0,461.0,353.0,327.0,219.0,424.3333333333333,80.31396723692139,514.0,359.0,386.42857142857144,82.99569696246839,514.0,240.0,379.7142857142857,84.84141638413287,551.0,240.0,419.8666666666667,140.07232942756514,945.0,240.0,446.23333333333335,152.42974115539462,945.0,240.0,393.7,152.99779318376164,945.0,173.0,407.53688343523606,404.0557632685369,414.27324012976743,417.0,325.0,461.0,353.0,389.0,6.173786103901937
2023-11-28,2023,11,28,1,Tuesday,48,4,0,0,13.9,1.7,Cloudy,1,0,0,1,20,417.0,306.0,333.0,379.4285714285714,390.7142857142857,417.6666666666667,380.9425444596443,306,0.7818314824680298,0.6234898018587336,-0.8660254037844386,0.5000000000000001,332,-0.5380051715382992,0.8429415373547832,-0.4647231720437684,0.88545602565321,0,Spring,0,1,0,0,1,1,0,0,0,331,0,0,0,0,0,1,2,479.0,514.0,359.0,306.0,945.0,400.0,329.0,173.0,450.6666666666667,81.29165598838105,514.0,359.0,395.2857142857143,89.8289379612064,514.0,240.0,390.7142857142857,87.15364732332279,551.0,240.0,418.56666666666666,139.3090544210179,945.0,240.0,448.76666666666665,151.67576554317233,945.0,240.0,396.5888888888889,152.11415689898365,945.0,173.0,425.402662576427,414.04832816606535,418.4491601213953,417.0,306.0,945.0,400.0,517.0,5.726847747587197
2023-11-29,2023,11,29,2,Wednesday,48,4,0,0,14.8,3.6,Cloudy,1,0,0,0,25,240.0,275.0,353.0,380.4285714285714,388.7142857142857,414.1333333333333,380.9425444596443,247,0.9749279121818236,-0.22252093395631434,-0.8660254037844386,0.5000000000000001,333,-0.5234156073655503,0.8520775211013093,-0.4647231720437684,0.88545602565321,0,Spring,0,1,0,0,1,1,0,0,0,332,0,0,0,0,0,1,1,306.0,479.0,514.0,275.0,306.0,374.0,403.0,212.0,433.0,111.36875683960899,514.0,306.0,379.42857142857144,95.00501239909686,514.0,240.0,390.7142857142857,87.15364732332279,551.0,240.0,417.6666666666667,139.9665805760821,945.0,240.0,448.3833333333333,152.0122755599165,945.0,240.0,398.06666666666666,150.55565994532722,945.0,178.0,395.55199693232026,399.64188441058997,411.1943755974344,240.0,275.0,306.0,374.0,298.75,5.5134287461649825
2023-11-30,2023,11,30,3,Thursday,48,4,0,0,20.4,3.3,Cloudy,1,0,1,0,25,358.0,341.0,400.0,381.7142857142857,390.57142857142856,413.03333333333336,380.9425444596443,367,0.43388373911755823,-0.900968867902419,-0.8660254037844386,0.5000000000000001,334,-0.5086709438521042,0.8609610158889945,-0.4647231720437684,0.88545602565321,0,Spring,0,1,0,0,1,1,0,0,0,333,0,0,0,0,1,1,2,247.0,306.0,479.0,341.0,395.0,283.0,640.0,219.0,344.0,120.57777573002389,479.0,247.0,380.42857142857144,93.3146239751263,514.0,247.0,388.7142857142857,90.27856766818836,551.0,240.0,414.1333333333333,142.96122776360772,945.0,240.0,445.78333333333336,154.12113787940632,945.0,240.0,398.4555555555556,150.1142008052394,945.0,178.0,358.4139976992402,379.2896331558446,400.6011900750193,358.0,341.0,395.0,283.0,344.25,5.908082938168931
2023-12-01,2023,12,1,4,Friday,48,4,0,0,17.6,4.0,Cloudy,1,0,0,0,25,400.0,418.0,374.0,492.0,444.4285714285714,439.6333333333333,380.9425444596443,1172,-0.433883739117558,-0.9009688679024191,-0.5000000000000004,0.8660254037844384,335,-0.49377555015997737,0.8695893893466109,-0.4647231720437684,0.88545602565321,0,Summer,0,0,1,0,1,1,0,0,0,334,0,0,0,0,0,1,1,367.0,247.0,306.0,418.0,310.0,348.0,324.0,296.0,306.6666666666667,60.00277771347977,367.0,247.0,381.7142857142857,93.01561568846884,514.0,247.0,390.57142857142856,89.48546447132203,551.0,240.0,413.03333333333336,143.20048240463265,945.0,240.0,441.23333333333335,152.30938258229168,945.0,240.0,400.1,148.93223328869922,945.0,178.0,360.5604982744302,377.651015401732,398.43337136050195,400.0,418.0,310.0,348.0,369.0,7.067319848653476
2023-12-02,2023,12,2,5,Saturday,48,4,0,0,19.3,0.1,Sunny,1,0,0,0,25,359.0,551.0,283.0,559.1428571428571,464.2857142857143,457.8333333333333,380.9425444596443,829,-0.9749279121818236,-0.2225209339563146,-0.5000000000000004,0.8660254037844384,336,-0.4787338401157883,0.8779600847008883,-0.4647231720437684,0.88545602565321,1,Summer,0,0,1,0,3,0,0,0,1,335,0,0,1,1,0,1,1,1172.0,367.0,247.0,551.0,644.0,582.0,271.0,282.0,595.3333333333334,502.99933730903996,1172.0,247.0,492.0,313.8439102483912,1172.0,247.0,444.42857142857144,227.59096720135514,1172.0,240.0,439.6333333333333,198.9597920449623,1172.0,240.0,455.3666666666667,178.36270099811975,1172.0,240.0,409.8333333333333,169.286622844681,1172.0,178.0,563.4203737058226,483.56421334816775,448.3408957888567,359.0,551.0,644.0,582.0,534.0,6.721425700790643
2023-12-03,2023,12,3,6,Sunday,48,4,0,0,19.6,2.4,Cloudy,1,0,0,0,25,514.0,395.0,348.0,560.2857142857143,473.3571428571428,463.6333333333333,380.9425444596443,522,-0.7818314824680299,0.6234898018587334,-0.5000000000000004,0.8660254037844384,337,-0.4635502709028512,0.8860706215341378,-0.4647231720437684,0.88545602565321,1,Summer,0,0,1,0,1,1,0,0,0,336,0,0,1,0,0,1,1,829.0,1172.0,367.0,395.0,453.0,575.0,379.0,274.0,789.3333333333334,403.96328215981885,1172.0,367.0,559.1428571428571,330.4821874027047,1172.0,247.0,464.2857142857143,248.74869263558364,1172.0,240.0,457.8333333333333,208.86393580070458,1172.0,240.0,464.6666666666667,183.0718731385663,1172.0,240.0,415.9111111111111,174.38795987485295,1172.0,178.0,629.815280279367,529.6223182350788,472.89954767344665,514.0,395.0,453.0,575.0,484.25,6.259581464064923
2023-12-04,2023,12,4,0,Monday,49,4,0,0,9.9,0.3,Sunny,1,0,0,0,25,479.0,417.0,582.0,558.2857142857143,476.7857142857143,459.73333333333335,380.9425444596443,465,0.0,1.0,-0.5000000000000004,0.8660254037844384,338,-0.4482293417404106,0.893918596519257,-0.35460488704253595,0.9350162426854147,0,Summer,0,0,1,0,3,0,0,0,1,337,0,0,0,0,0,1,1,522.0,829.0,1172.0,417.0,325.0,461.0,542.0,180.0,841.0,325.1661113953914,1172.0,522.0,560.2857142857143,330.31384787083687,1172.0,247.0,473.35714285714283,248.34300322889555,1172.0,240.0,463.6333333333333,208.1233857070388,1172.0,240.0,467.05,182.86842774084002,1172.0,240.0,418.6666666666667,174.079473003994,1172.0,178.0,602.8614602095253,528.6060091370682,476.0673187912888,479.0,417.0,325.0,461.0,420.5,6.144185634125646
2023-12-05,2023,12,5,1,Tuesday,49,4,0,0,19.4,1.1,Cloudy,1,0,0,0,25,306.0,417.0,575.0,577.5714285714286,478.5,455.26666666666665,380.9425444596443,441,0.7818314824680298,0.6234898018587336,-0.5000000000000004,0.8660254037844384,339,-0.4327755925504317,0.9015016841318838,-0.35460488704253595,0.9350162426854147,0,Summer,0,0,1,0,1,1,0,0,0,338,0,0,0,0,0,1,1,465.0,522.0,829.0,417.0,306.0,945.0,455.0,257.0,605.3333333333334,195.78644828826458,829.0,465.0,558.2857142857143,330.92985877459245,1172.0,247.0,476.7857142857143,247.83591922306752,1172.0,240.0,459.73333333333335,206.9215965684508,1172.0,240.0,465.76666666666665,182.60352222146116,1172.0,240.0,421.8333333333333,172.27194662946596,1172.0,178.0,568.3960951571439,520.1252079187925,475.3532982241089,306.0,417.0,306.0,945.0,493.5,6.091309882077698
2023-12-06,2023,12,6,2,Wednesday,49,4,0,0,16.1,1.6,Cloudy,1,0,1,0,25,247.0,240.0,461.0,711.1428571428571,545.7857142857143,479.3,380.9425444596443,1182,0.9749279121818236,-0.22252093395631434,-0.5000000000000004,0.8660254037844384,340,-0.41719360261231697,0.9088176373395028,-0.35460488704253595,0.9350162426854147,0,Summer,0,0,1,0,1,1,0,0,0,339,0,0,0,0,1,1,2,441.0,465.0,522.0,240.0,275.0,306.0,868.0,250.0,476.0,41.60528812542819,522.0,441.0,577.5714285714286,317.4354827587584,1172.0,247.0,478.5,247.47330858405408,1172.0,240.0,455.26666666666665,205.79080997766712,1172.0,240.0,465.53333333333336,182.62645645927128,1172.0,240.0,423.8777777777778,171.38332276172292,1172.0,178.0,536.5470713678579,509.57518019628685,473.13695640319867,247.0,240.0,275.0,306.0,267.0,7.075808863978387
2023-12-07,2023,12,7,3,Thursday,49,4,0,0,17.0,1.0,Cloudy,1,0,1,0,25,367.0,358.0,945.0,724.0,552.8571428571429,463.03333333333336,380.9425444596443,457,0.43388373911755823,-0.900968867902419,-0.5000000000000004,0.8660254037844384,341,-0.4014879892059737,0.9158642882672868,-0.35460488704253595,0.9350162426854147,0,Summer,0,0,1,0,1,1,0,0,0,340,0,0,0,0,1,1,2,1182.0,441.0,465.0,358.0,341.0,395.0,770.0,270.0,696.0,421.0593782354218,1182.0,441.0,711.1428571428571,350.1806336599392,1182.0,367.0,545.7857142857143,300.10336131494347,1182.0,247.0,479.3,244.87338741085952,1182.0,240.0,470.76666666666665,198.19074587733022,1182.0,240.0,434.23333333333335,188.10092019917187,1182.0,178.0,697.9103035258935,599.2318228367819,518.8700559900891,367.0,358.0,341.0,395.0,365.25,6.126869184114185
2023-12-08,2023,12,8,4,Friday,49,4,0,0,26.7,1.5,Cloudy,1,0,0,0,25,1172.0,400.0,306.0,602.5714285714286,547.2857142857143,463.56666666666666,380.9425444596443,322,-0.433883739117558,-0.9009688679024191,-0.5000000000000004,0.8660254037844384,342,-0.38566340624360745,0.9226395488404875,-0.35460488704253595,0.9350162426854147,0,Summer,0,0,1,0,1,1,0,0,0,341,0,0,0,0,0,1,1,457.0,1182.0,441.0,400.0,418.0,310.0,467.0,310.0,693.3333333333334,423.2733553312011,1182.0,441.0,724.0,336.8372505132615,1182.0,441.0,552.8571428571429,296.4826774399781,1182.0,247.0,463.03333333333336,228.53423245172436,1182.0,240.0,465.55,194.2613498200256,1182.0,240.0,436.31111111111113,187.29749480585494,1182.0,178.0,637.6827276444201,580.2675797918777,514.8784394745995,1172.0,400.0,418.0,310.0,575.0,5.777652323222656
2023-12-09,2023,12,9,5,Saturday,49,4,0,0,13.2,11.3,Rainy,1,0,0,0,25,829.0,359.0,395.0,539.0,549.0714285714286,463.2,380.9425444596443,384,-0.9749279121818236,-0.2225209339563146,-0.5000000000000004,0.8660254037844384,343,-0.3697245428906732,0.9291414114031743,-0.35460488704253595,0.9350162426854147,1,Summer,0,0,1,0,0,0,0,1,0,342,0,0,1,0,0,1,1,322.0,457.0,1182.0,359.0,551.0,644.0,396.0,329.0,653.6666666666666,462.50225224676825,1182.0,322.0,602.5714285714286,299.56683013024985,1182.0,322.0,547.2857142857143,300.2845902886713,1182.0,247.0,463.56666666666666,228.17350980057384,1182.0,240.0,463.1333333333333,195.14292603607478,1182.0,240.0,436.44444444444446,187.210817361947,1182.0,178.0,558.7620457333151,545.831902486294,502.4346691859157,829.0,359.0,551.0,644.0,595.75,5.953243334287785
2023-12-10,2023,12,10,6,Sunday,49,4,0,0,23.6,0.3,Partly Cloudy,1,0,0,0,25,522.0,514.0,310.0,560.2857142857143,560.2857142857143,475.23333333333335,380.9425444596443,671,-0.7818314824680299,0.6234898018587334,-0.5000000000000004,0.8660254037844384,344,-0.35367612217637207,0.935367949313148,-0.35460488704253595,0.9350162426854147,1,Summer,0,0,1,0,2,0,1,0,0,343,0,0,1,0,0,1,1,384.0,322.0,457.0,514.0,395.0,453.0,477.0,221.0,387.6666666666667,67.57465007925035,457.0,322.0,539.0,290.59020401016085,1182.0,322.0,549.0714285714286,299.1509689066747,1182.0,247.0,463.2,228.29629869973786,1182.0,240.0,462.93333333333334,195.21903097930084,1182.0,240.0,437.05555555555554,186.94572673391028,1182.0,178.0,515.0715342999863,524.2543154881215,494.7937227868244,522.0,514.0,395.0,453.0,471.0,6.51025834052315
2023-12-11,2023,12,11,0,Monday,50,4,0,0,18.1,2.3,Cloudy,1,0,0,0,25,465.0,479.0,644.0,549.2857142857143,553.7857142857143,466.7,380.9425444596443,388,0.0,1.0,-0.5000000000000004,0.8660254037844384,345,-0.33752289959411347,0.941317317512847,-0.2393156642875578,0.970941817426052,0,Summer,0,0,1,0,1,1,0,0,0,344,0,0,0,0,0,1,1,671.0,384.0,322.0,479.0,417.0,325.0,312.0,178.0,459.0,186.1961331499659,671.0,322.0,560.2857142857143,294.56731787811253,1182.0,322.0,560.2857142857143,300.67396821945727,1182.0,247.0,475.23333333333335,229.45387686677978,1182.0,240.0,466.1666666666667,197.05390870990902,1182.0,240.0,442.05555555555554,187.11994357469138,1182.0,178.0,554.0536507249897,543.820406756372,506.1618697038035,465.0,479.0,417.0,325.0,421.5,5.963579343618446
2023-12-12,2023,12,12,1,Tuesday,50,4,0,0,18.1,1.0,Cloudy,1,0,0,0,25,441.0,306.0,453.0,539.1428571428571,558.3571428571429,463.9333333333333,380.9425444596443,370,0.7818314824680298,0.6234898018587336,-0.5000000000000004,0.8660254037844384,346,-0.32126966169236515,0.9469877530760751,-0.2393156642875578,0.970941817426052,0,Summer,0,0,1,0,1,1,0,0,0,345,0,0,0,0,0,1,1,388.0,671.0,384.0,306.0,417.0,306.0,539.0,219.0,481.0,164.55698101265665,671.0,384.0,549.2857142857143,300.1042675947339,1182.0,322.0,553.7857142857143,303.536381945946,1182.0,247.0,466.7,227.7147565372686,1182.0,240.0,467.43333333333334,196.28890560415505,1182.0,240.0,444.3888888888889,185.08854209399846,1182.0,219.0,512.5402380437422,523.0443525221891,498.53852327130005,441.0,306.0,417.0,306.0,367.5,5.916202062607435
2023-12-13,2023,12,13,2,Wednesday,50,4,0,0,23.5,0.3,Sunny,1,0,0,0,25,1182.0,247.0,325.0,462.57142857142856,586.8571428571429,474.6333333333333,380.9425444596443,646,0.9749279121818236,-0.22252093395631434,-0.5000000000000004,0.8660254037844384,347,-0.3049212246562894,0.9523775757303973,-0.2393156642875578,0.970941817426052,0,Summer,0,0,1,0,3,0,0,0,1,346,0,0,0,0,0,1,1,370.0,388.0,671.0,247.0,240.0,275.0,383.0,249.0,476.3333333333333,168.82634075680602,671.0,370.0,539.1428571428571,305.5249190990424,1182.0,322.0,558.3571428571429,299.97861645402395,1182.0,247.0,463.93333333333334,228.39015821137306,1182.0,240.0,464.6166666666667,196.45701575547784,1182.0,240.0,446.06666666666666,183.7016878320923,1182.0,232.0,476.90517853280664,502.6384388525639,490.245715318313,1182.0,247.0,240.0,275.0,486.0,6.472346294500901
2023-12-14,2023,12,14,3,Thursday,50,4,0,0,21.2,0.3,Sunny,1,0,0,0,25,457.0,367.0,306.0,495.2857142857143,609.6428571428571,487.3,380.9425444596443,686,0.43388373911755823,-0.900968867902419,-0.5000000000000004,0.8660254037844384,348,-0.2884824328806098,0.9574851883550389,-0.2393156642875578,0.970941817426052,0,Summer,0,0,1,0,3,0,0,0,1,347,0,0,0,0,0,1,1,646.0,370.0,388.0,367.0,358.0,341.0,677.0,232.0,468.0,154.41502517566045,646.0,370.0,462.57142857142856,139.7519912116433,671.0,322.0,586.8571428571429,286.78586413582514,1182.0,322.0,474.6333333333333,229.17475388029084,1182.0,240.0,469.0,197.5361799085965,1182.0,240.0,450.47777777777776,183.68293564982775,1182.0,232.0,519.178883899605,521.753313672222,500.2943788461638,457.0,367.0,358.0,341.0,380.75,6.532334292222349
2023-12-15,2023,12,15,4,Friday,50,4,0,0,22.4,6.0,Rainy,1,0,0,0,25,322.0,1172.0,275.0,502.1428571428572,552.3571428571429,490.4666666666666,380.9425444596443,370,-0.433883739117558,-0.9009688679024191,-0.5000000000000004,0.8660254037844384,349,-0.27195815753410524,0.9623090774541487,-0.2393156642875578,0.970941817426052,0,Summer,0,0,1,0,0,0,0,1,0,348,0,0,0,0,0,1,1,686.0,646.0,370.0,1172.0,400.0,418.0,551.0,580.0,567.3333333333334,172.06200432789694,686.0,370.0,495.2857142857143,163.08557496573678,686.0,322.0,609.6428571428571,280.5795121482727,1182.0,322.0,487.3,230.03270382183948,1182.0,240.0,469.15,197.70015174501015,1182.0,240.0,455.52222222222224,183.8494882562495,1182.0,240.0,560.8841629247038,543.6528718492591,512.2753866625404,322.0,1172.0,400.0,418.0,578.0,5.916202062607435
2023-12-16,2023,12,16,5,Saturday,50,4,0,0,24.3,4.2,Cloudy,1,0,0,0,25,384.0,829.0,341.0,540.8571428571429,539.9285714285714,500.9333333333333,380.9425444596443,655,-0.9749279121818236,-0.2225209339563146,-0.5000000000000004,0.8660254037844384,350,-0.2553532951161881,0.9668478136052773,-0.2393156642875578,0.970941817426052,1,Summer,0,0,1,0,1,1,0,0,0,349,0,0,1,0,0,1,1,370.0,686.0,646.0,829.0,359.0,551.0,499.0,367.0,567.3333333333334,172.06200432789694,686.0,370.0,502.14285714285717,155.41388673627716,686.0,370.0,552.3571428571429,235.12078962585542,1182.0,322.0,490.46666666666664,227.65093262808455,1182.0,240.0,466.1333333333333,197.81094095520086,1182.0,240.0,453.18888888888887,183.58434331693712,1182.0,240.0,513.1631221935279,520.4991556026912,503.0963294585056,384.0,829.0,359.0,551.0,530.75,6.486160788944089
2023-12-17,2023,12,17,6,Sunday,50,4,0,0,17.8,4.8,Cloudy,1,0,0,0,25,671.0,522.0,418.0,528.0,544.1428571428571,506.3666666666667,380.9425444596443,581,-0.7818314824680299,0.6234898018587334,-0.5000000000000004,0.8660254037844384,351,-0.23867276600594997,0.9711000518829505,-0.2393156642875578,0.970941817426052,1,Summer,0,0,1,0,1,1,0,0,0,350,0,0,1,0,0,1,1,655.0,370.0,686.0,522.0,514.0,395.0,497.0,321.0,570.3333333333334,174.1847677994067,686.0,370.0,540.8571428571429,154.83155209391182,686.0,370.0,539.9285714285714,223.69363124447844,1182.0,322.0,500.93333333333334,227.76029948827434,1182.0,240.0,468.73333333333335,199.27009748432522,1182.0,240.0,456.3888888888889,184.57249082552363,1182.0,240.0,548.622341645146,538.4326015223323,512.8965662676343,671.0,522.0,514.0,395.0,525.5,6.366470447731438
2023-12-18,2023,12,18,0,Monday,51,4,0,1,16.4,9.5,Rainy,1,0,0,0,25,388.0,465.0,551.0,527.8571428571429,538.5714285714286,500.9,380.9425444596443,387,0.0,1.0,-0.5000000000000004,0.8660254037844384,352,-0.22192151300416674,0.9750645322571945,-0.12053668025532363,0.992708874098054,0,Summer,0,0,1,0,0,0,0,1,0,351,0,0,0,0,0,1,2,581.0,655.0,370.0,465.0,479.0,417.0,614.0,313.0,535.3333333333334,147.88621752324727,655.0,370.0,528.0,145.6903108194463,686.0,370.0,544.1428571428571,223.88556731675962,1182.0,322.0,506.3666666666667,227.65786236993986,1182.0,240.0,470.1333333333333,199.76651342756546,1182.0,240.0,459.27777777777777,184.46430352755254,1182.0,240.0,556.7167562338595,544.1082546526881,517.2903361858514,388.0,465.0,479.0,417.0,437.25,5.961005339623274
2023-12-19,2023,12,19,1,Tuesday,51,4,0,1,14.1,0.5,Cloudy,1,0,1,0,25,370.0,441.0,395.0,564.7142857142857,551.9285714285714,508.6666666666667,380.9425444596443,628,0.7818314824680298,0.6234898018587336,-0.5000000000000004,0.8660254037844384,353,-0.20510449986861926,0.9787400799669153,-0.12053668025532363,0.992708874098054,0,Summer,0,0,1,0,1,1,0,0,0,352,0,0,0,0,1,1,3,387.0,581.0,655.0,441.0,306.0,417.0,525.0,327.0,541.0,138.40520221436725,655.0,387.0,527.8571428571429,145.85086969393222,686.0,370.0,538.5714285714286,226.95601548985877,1182.0,322.0,500.9,228.51655791513056,1182.0,240.0,466.35,199.14425612043837,1182.0,240.0,460.1,183.9692237329353,1182.0,240.0,514.2875671753947,523.160487365663,508.88450804482875,370.0,441.0,306.0,417.0,383.5,6.444131256700441
2023-12-20,2023,12,20,2,Wednesday,51,4,0,1,15.4,0.9,Cloudy,1,0,0,0,25,646.0,1182.0,417.0,545.8571428571429,504.2142857142857,511.9,380.9425444596443,514,0.9749279121818236,-0.22252093395631434,-0.5000000000000004,0.8660254037844384,354,-0.1882267098432439,0.9821256058680006,-0.12053668025532363,0.992708874098054,0,Summer,0,0,1,0,1,1,0,0,0,353,0,0,0,0,0,1,2,628.0,387.0,581.0,1182.0,247.0,240.0,604.0,323.0,532.0,127.75366922323556,628.0,387.0,564.7142857142857,131.1712802480215,686.0,370.0,551.9285714285714,226.27364790506164,1182.0,322.0,508.6666666666667,228.75258933274765,1182.0,240.0,468.06666666666666,200.10004842211086,1182.0,240.0,463.44444444444446,184.25813055779682,1182.0,240.0,542.715675381546,537.1390890502413,516.5693784935495,646.0,1182.0,247.0,240.0,578.75,6.244166900663736
2023-12-21,2023,12,21,3,Thursday,51,4,0,1,34.2,2.2,Cloudy,0,0,0,0,25,686.0,457.0,417.0,516.2857142857143,505.7857142857143,513.9666666666667,380.9425444596443,479,0.43388373911755823,-0.900968867902419,-0.5000000000000004,0.8660254037844384,355,-0.1712931441814778,0.9852201067560606,-0.12053668025532363,0.992708874098054,0,Summer,0,0,1,0,1,1,0,0,0,354,0,0,0,0,0,1,1,514.0,628.0,387.0,457.0,367.0,358.0,777.0,308.0,509.6666666666667,120.5584229049684,628.0,387.0,545.8571428571429,126.95856091842097,686.0,370.0,504.2142857142857,135.35490589354552,686.0,322.0,511.9,228.09682608262094,1182.0,240.0,466.56666666666666,199.3998934656795,1182.0,240.0,465.56666666666666,183.72151923281444,1182.0,240.0,535.5367565361595,534.0538771768759,516.403612139127,686.0,457.0,367.0,358.0,467.0,6.173786103901937
2023-12-22,2023,12,22,4,Friday,51,4,0,1,25.7,1.3,Cloudy,0,0,0,0,25,370.0,322.0,240.0,518.2857142857143,510.2142857142857,518.7666666666667,380.9425444596443,384,-0.433883739117558,-0.9009688679024191,-0.5000000000000004,0.8660254037844384,356,-0.154308820664281,0.9880226656636976,-0.12053668025532363,0.992708874098054,0,Summer,0,0,1,0,1,1,0,0,0,355,0,0,0,0,0,1,1,479.0,514.0,628.0,322.0,1172.0,400.0,302.0,485.0,540.3333333333334,77.91234390860808,628.0,479.0,516.2857142857143,112.11558661446213,655.0,370.0,505.7857142857143,134.89151114958938,686.0,322.0,513.9666666666667,227.48739765524138,1182.0,240.0,461.6,195.20369196286282,1182.0,240.0,467.46666666666664,182.9563219195691,1182.0,240.0,521.4025674021196,526.7133602199591,513.9904758720866,370.0,322.0,1172.0,400.0,566.0,5.953243334287785
2023-12-23,2023,12,23,5,Saturday,51,4,0,1,12.7,1.1,Cloudy,0,0,0,0,25,655.0,384.0,358.0,505.4285714285714,523.1428571428571,525.6666666666666,380.9425444596443,565,-0.9749279121818236,-0.2225209339563146,-0.5000000000000004,0.8660254037844384,357,-0.13727877211326517,0.9905324521322227,-0.12053668025532363,0.992708874098054,1,Summer,0,0,1,0,1,1,0,0,0,356,0,1,0,0,0,1,1,384.0,479.0,514.0,384.0,829.0,359.0,272.0,310.0,459.0,67.26812023536756,514.0,384.0,518.2857142857143,109.15694249674775,655.0,384.0,510.2142857142857,129.2952367326742,686.0,370.0,518.7666666666667,222.981935766467,1182.0,247.0,462.96666666666664,194.35255111341814,1182.0,240.0,466.34444444444443,183.15721503186037,1182.0,240.0,487.05192555158976,507.6849121906312,505.60399355775843,655.0,384.0,829.0,359.0,556.75,6.338594078203183
2023-12-24,2023,12,24,6,Sunday,51,4,0,1,12.9,0.9,Cloudy,0,0,1,1,20,581.0,671.0,400.0,535.0,531.5,538.6,380.9425444596443,788,-0.7818314824680299,0.6234898018587334,-0.5000000000000004,0.8660254037844384,358,-0.12020804489935275,0.9927487224577402,-0.12053668025532363,0.992708874098054,1,Summer,0,0,1,0,1,1,0,0,0,357,0,1,0,0,0,1,3,565.0,384.0,479.0,671.0,522.0,514.0,378.0,282.0,476.0,90.53728513711835,565.0,384.0,505.42857142857144,94.71511168209946,628.0,384.0,523.1428571428571,124.67055487462662,686.0,370.0,525.6666666666666,221.02977383045055,1182.0,247.0,467.85,193.1502291402969,1182.0,240.0,469.1777777777778,182.68322049708325,1182.0,240.0,506.53894416369235,515.3269238985471,509.4359939733869,581.0,671.0,522.0,514.0,572.0,6.670766320845874
2023-12-25,2023,12,25,0,Monday,52,4,1,1,21.9,1.8,Cloudy,0,0,0,0,25,387.0,388.0,359.0,588.0,557.9285714285714,551.9,380.9425444596443,758,0.0,1.0,-0.5000000000000004,0.8660254037844384,359,-0.10310169744743544,0.9946708199115211,6.432490598706546e-16,1.0,0,Summer,0,0,1,0,1,1,0,0,0,358,0,0,0,0,0,1,2,788.0,565.0,384.0,388.0,465.0,479.0,291.0,292.0,579.0,202.36353426445166,788.0,384.0,535.0,142.50146198080523,788.0,384.0,531.5,138.4989586186899,788.0,370.0,538.6,224.74347061974188,1182.0,247.0,474.68333333333334,197.1291834603681,1182.0,240.0,474.8,184.63381311076293,1182.0,240.0,576.9042081227692,551.6833340454075,527.4078653299426,387.0,388.0,465.0,479.0,429.75,6.6320017773956295
2023-12-26,2023,12,26,1,Tuesday,52,4,1,1,22.2,1.7,Cloudy,0,0,0,0,25,628.0,370.0,514.0,610.1428571428571,587.4285714285714,560.8666666666667,380.9425444596443,783,0.7818314824680298,0.6234898018587336,-0.5000000000000004,0.8660254037844384,360,-0.0859647987374467,0.9962981749346077,6.432490598706546e-16,1.0,0,Summer,0,0,1,0,1,1,0,0,0,359,0,0,0,0,0,1,2,758.0,788.0,565.0,370.0,441.0,306.0,309.0,381.0,703.6666666666666,121.02203656083996,788.0,565.0,588.0,147.19714671147753,788.0,384.0,557.9285714285714,144.1945610228468,788.0,370.0,551.9,225.55316675782367,1182.0,247.0,482.46666666666664,198.9646477981613,1182.0,240.0,479.97777777777776,185.97909619020427,1182.0,240.0,622.178156092077,579.1922228393532,542.28477724414,628.0,370.0,441.0,306.0,436.25,6.664409020350408
2023-12-27,2023,12,27,2,Wednesday,52,4,0,1,22.2,0.4,Sunny,0,0,0,0,25,514.0,646.0,479.0,621.1428571428571,583.5,564.6,380.9425444596443,591,0.9749279121818236,-0.22252093395631434,-0.5000000000000004,0.8660254037844384,361,-0.06880242680232064,0.9976303053065857,6.432490598706546e-16,1.0,0,Summer,0,0,1,0,3,0,0,0,1,360,0,0,0,0,0,1,1,783.0,758.0,788.0,646.0,1182.0,247.0,518.0,327.0,776.3333333333334,16.072751268321134,788.0,758.0,610.1428571428571,164.82053732411435,788.0,384.0,587.4285714285714,145.0340619333238,788.0,370.0,560.8666666666667,229.3101699074604,1182.0,247.0,490.3666666666667,201.3561619489265,1182.0,240.0,484.44444444444446,188.38706932838366,1182.0,240.0,662.3836170690577,606.3665931274395,557.8147916154858,514.0,646.0,1182.0,247.0,647.25,6.3835066348840055
2023-12-28,2023,12,28,3,Thursday,52,4,0,1,18.2,1.3,Cloudy,0,0,1,0,25,479.0,686.0,306.0,610.8571428571429,563.5714285714286,567.9666666666667,380.9425444596443,407,0.43388373911755823,-0.900968867902419,-0.5000000000000004,0.8660254037844384,362,-0.05161966722325418,0.9986668162884759,6.432490598706546e-16,1.0,0,Summer,0,0,1,0,1,1,0,0,0,361,0,0,0,0,0,1,2,591.0,783.0,758.0,686.0,457.0,367.0,333.0,329.0,710.6666666666666,104.38550346352356,783.0,591.0,621.1428571428571,159.82847949330906,788.0,384.0,583.5,144.0671584846673,788.0,370.0,564.6,228.84260514824228,1182.0,247.0,491.5833333333333,201.7461310965577,1182.0,240.0,487.3777777777778,187.9628565852315,1182.0,240.0,644.5377128017933,604.3177140437808,559.9557728015835,479.0,686.0,457.0,367.0,497.25,6.0112671744041615
2023-12-29,2023,12,29,4,Friday,52,4,0,1,18.9,1.6,Cloudy,0,0,0,1,20,384.0,370.0,247.0,643.5714285714286,580.9285714285714,580.1666666666666,380.9425444596443,613,-0.433883739117558,-0.9009688679024191,-0.5000000000000004,0.8660254037844384,363,-0.034421611622745804,0.9994074007397048,6.432490598706546e-16,1.0,0,Summer,0,0,1,0,1,1,0,0,0,362,0,0,0,0,0,1,2,407.0,591.0,783.0,370.0,322.0,1172.0,353.0,403.0,593.6666666666666,188.0141838621045,783.0,407.0,610.8571428571429,172.32858978458304,788.0,384.0,563.5714285714286,148.03986692037475,788.0,370.0,567.9666666666667,225.6273221614505,1182.0,247.0,492.81666666666666,200.9849890395029,1182.0,240.0,488.24444444444447,187.40338701093677,1182.0,240.0,585.1532846013449,578.0086855046101,550.0876584272878,384.0,370.0,322.0,1172.0,562.0,6.419994928147142
2023-12-30,2023,12,30,5,Saturday,52,4,0,1,21.1,1.7,Cloudy,0,0,0,0,25,565.0,655.0,367.0,670.8571428571429,588.1428571428571,593.1333333333333,380.9425444596443,756,-0.9749279121818236,-0.2225209339563146,-0.5000000000000004,0.8660254037844384,364,-0.01721335615583528,0.9998518392091162,6.432490598706546e-16,1.0,1,Summer,0,0,1,0,1,1,0,0,0,363,0,1,0,0,0,1,1,613.0,407.0,591.0,655.0,384.0,829.0,400.0,640.0,537.0,113.11940593903361,613.0,407.0,643.5714285714286,140.96791259344323,788.0,407.0,580.9285714285714,137.4663395362464,788.0,384.0,580.1666666666666,217.41951873379864,1182.0,322.0,497.15,200.72207153175773,1182.0,240.0,490.5777777777778,187.6372892300805,1182.0,240.0,592.1149634510086,582.6741941039954,554.1465191739144,565.0,655.0,384.0,829.0,608.25,6.6293632534374485
2023-12-31,2023,12,31,6,Sunday,52,4,0,1,19.9,0.5,Cloudy,0,0,0,0,25,788.0,581.0,1172.0,621.8571428571429,578.4285714285714,568.9,380.9425444596443,445,-0.7818314824680299,0.6234898018587334,-0.5000000000000004,0.8660254037844384,365,6.432490598706546e-16,1.0,6.432490598706546e-16,1.0,1,Summer,0,0,1,0,1,1,0,0,0,364,0,1,0,0,0,1,1,756.0,613.0,407.0,581.0,671.0,522.0,374.0,324.0,592.0,175.44514812328066,756.0,407.0,670.8571428571429,141.70794916709207,788.0,407.0,588.1428571428571,144.14088041424435,788.0,384.0,593.1333333333333,215.86230178827694,1182.0,322.0,503.0833333333333,203.0498220289512,1182.0,240.0,491.8666666666667,189.0681584490782,1182.0,240.0,633.0862225882565,605.7843015567961,567.1693243885005,788.0,581.0,671.0,522.0,640.5,6.100318952020064
2024-01-01,2024,1,1,0,Monday,1,1,1,0,9.4,2.7,Cloudy,0,0,0,1,20,758.0,387.0,829.0,581.2857142857143,584.6428571428571,557.0666666666667,931.0,474,0.0,1.0,0.0,1.0,1,0.017213356155834685,0.9998518392091162,0.12053668025532305,0.992708874098054,0,Summer,0,0,1,0,1,1,0,0,0,365,0,0,0,0,0,1,2,445.0,756.0,613.0,387.0,388.0,465.0,283.0,271.0,604.6666666666666,155.66738044090425,756.0,445.0,621.8571428571429,153.28016676599026,783.0,407.0,578.4285714285714,149.15490878005622,788.0,384.0,568.9,187.59261620642818,1182.0,322.0,504.26666666666665,202.49091770104775,1182.0,240.0,493.2111111111111,188.28967012333936,1182.0,240.0,586.0646669411924,584.3463946825567,559.2874324924683,758.0,387.0,388.0,465.0,499.5,6.163314804034641
2024-01-02,2024,1,2,1,Tuesday,1,1,0,0,19.4,0.1,Sunny,0,0,0,0,25,783.0,628.0,522.0,512.1428571428571,561.1428571428571,549.6333333333333,423.0,299,0.7818314824680298,0.6234898018587336,0.0,1.0,2,0.03442161162274574,0.9994074007397048,0.12053668025532305,0.992708874098054,0,Summer,0,0,1,0,3,0,0,0,1,366,0,0,0,0,0,0,0,474.0,445.0,756.0,628.0,370.0,441.0,348.0,379.0,558.3333333333334,171.79736125253262,756.0,445.0,581.2857142857143,148.7578729409136,783.0,407.0,584.6428571428571,142.216848045975,788.0,384.0,557.0666666666667,181.72467491032754,1182.0,322.0,507.45,200.4444574152018,1182.0,240.0,495.46666666666664,186.80791071477105,1182.0,240.0,558.0485002058942,569.6335420582159,553.7850174929542,783.0,628.0,370.0,441.0,555.5,5.703782474656201
2024-01-03,2024,1,3,2,Wednesday,1,1,0,0,16.2,0.9,Cloudy,0,0,0,0,25,591.0,514.0,465.0,467.57142857142856,544.3571428571429,543.4333333333333,216.0,279,0.9749279121818236,-0.22252093395631434,0.0,1.0,3,0.051619667223253764,0.998666816288476,0.12053668025532305,0.992708874098054,0,Summer,0,0,1,0,1,1,0,0,0,367,0,0,0,0,0,0,0,299.0,474.0,445.0,514.0,646.0,1182.0,582.0,542.0,406.0,93.79232377971972,474.0,299.0,512.1428571428571,151.8249305081669,756.0,299.0,561.1428571428571,160.50730016604686,788.0,299.0,549.6333333333333,187.67203295649261,1182.0,299.0,506.6333333333333,201.2034948197563,1182.0,240.0,494.5777777777778,187.55715100705316,1182.0,240.0,493.2863751544207,533.5490697837871,537.3472744288927,591.0,514.0,646.0,1182.0,733.25,5.634789603169249
2024-01-04,2024,1,4,3,Thursday,1,1,0,0,21.4,3.0,Cloudy,0,0,0,0,25,407.0,479.0,441.0,455.8571428571428,533.3571428571429,539.5666666666667,272.0,325,0.43388373911755823,-0.900968867902419,0.0,1.0,4,0.06880242680231986,0.9976303053065857,0.12053668025532305,0.992708874098054,0,Summer,0,0,1,0,1,1,0,0,0,368,0,0,0,0,0,0,0,279.0,299.0,474.0,479.0,686.0,457.0,575.0,455.0,350.6666666666667,107.27690027835949,474.0,279.0,467.57142857142856,169.5758012835337,756.0,279.0,544.3571428571429,177.23326964238942,788.0,279.0,543.4333333333333,193.54491296165133,1182.0,279.0,501.5833333333333,203.0736104050399,1182.0,240.0,491.65555555555557,188.85433189803743,1182.0,240.0,439.7147813658155,499.6091938126155,520.6797083367061,407.0,479.0,686.0,457.0,507.25,5.786897381366708
2024-01-05,2024,1,5,4,Friday,1,1,0,0,35.4,1.7,Cloudy,0,0,0,0,25,613.0,384.0,1182.0,416.8571428571428,530.2142857142857,511.5,246.0,340,-0.433883739117558,-0.9009688679024191,0.0,1.0,5,0.08596479873744647,0.9962981749346078,0.12053668025532305,0.992708874098054,0,Summer,0,0,1,0,1,1,0,0,0,369,0,0,0,0,0,0,0,325.0,279.0,299.0,384.0,370.0,322.0,461.0,868.0,301.0,23.065125189335763,325.0,279.0,455.85714285714283,177.1218305493227,756.0,279.0,533.3571428571429,186.1560995685971,788.0,279.0,539.5666666666667,196.79337725983868,1182.0,279.0,497.4166666666667,204.10385289935525,1182.0,240.0,490.2111111111111,189.6333834003788,1182.0,240.0,411.0360860243616,476.32796797093346,508.0552110246606,613.0,384.0,370.0,322.0,422.25,5.831882477283517
2024-01-06,2024,1,6,5,Saturday,1,1,0,0,22.3,0.6,Cloudy,0,0,1,0,25,756.0,565.0,457.0,394.7142857142857,532.7857142857143,516.3,436.0,601,-0.9749279121818236,-0.2225209339563146,0.0,1.0,6,0.10310169744743485,0.9946708199115211,0.12053668025532305,0.992708874098054,1,Summer,0,0,1,0,1,1,0,0,0,370,0,0,0,0,0,1,1,340.0,325.0,279.0,565.0,655.0,384.0,945.0,770.0,314.6666666666667,31.785741037972837,340.0,279.0,416.85714285714283,166.49066897920417,756.0,279.0,530.2142857142857,189.21789579189416,788.0,279.0,511.5,158.28558868768428,788.0,279.0,495.4,205.06528104856142,1182.0,240.0,484.34444444444443,185.94593639260782,1182.0,240.0,393.27706451827123,458.150905574809,497.2129393456503,756.0,565.0,655.0,384.0,590.0,6.400257445308821
2024-01-07,2024,1,7,6,Sunday,1,1,0,0,18.9,2.4,Cloudy,0,0,1,0,25,445.0,788.0,322.0,391.0,506.4285714285714,519.5333333333333,459.0,419,-0.7818314824680299,0.6234898018587334,0.0,1.0,7,0.1202080448993527,0.9927487224577402,0.12053668025532305,0.992708874098054,1,Summer,0,0,1,0,1,1,0,0,0,371,0,0,0,0,0,1,1,601.0,340.0,325.0,788.0,581.0,671.0,306.0,467.0,422.0,155.19987113396644,601.0,325.0,394.7142857142857,116.74290026337717,601.0,279.0,532.7857142857143,189.9701104309383,788.0,279.0,516.3,158.75857837262345,788.0,279.0,489.6666666666667,196.92953800243671,1182.0,240.0,482.46666666666664,183.87057001285942,1182.0,240.0,445.2077983887034,477.19745149816777,503.9088787427051,445.0,788.0,581.0,671.0,621.25,6.040254711277414
2024-01-08,2024,1,8,0,Monday,2,1,0,0,25.1,1.7,Cloudy,0,0,1,0,25,474.0,758.0,384.0,379.7142857142857,480.5,519.9,315.0,395,0.0,1.0,0.0,1.0,8,0.13727877211326478,0.9905324521322229,0.23931566428755774,0.970941817426052,0,Summer,0,0,1,0,1,1,0,0,0,372,0,0,0,0,0,1,1,419.0,601.0,340.0,758.0,387.0,388.0,395.0,396.0,453.3333333333333,133.84443706532272,601.0,340.0,391.0,115.2808165596806,601.0,279.0,506.42857142857144,176.991835659473,783.0,279.0,519.5333333333333,155.62171937178226,788.0,279.0,491.55,195.67964350273124,1182.0,240.0,481.93333333333334,183.9855148182086,1182.0,240.0,438.65584879152755,469.4377912984121,498.4308865657564,474.0,758.0,387.0,388.0,501.75,5.981414211254481
2024-01-09,2024,1,9,1,Tuesday,2,1,0,0,22.9,3.2,Cloudy,0,0,0,0,25,299.0,783.0,671.0,376.8571428571428,444.5,506.8333333333333,248.0,279,0.7818314824680298,0.6234898018587336,0.0,1.0,9,0.15430882066428117,0.9880226656636976,0.23931566428755774,0.970941817426052,0,Summer,0,0,1,0,1,1,0,0,0,373,0,0,0,0,0,0,0,395.0,419.0,601.0,783.0,628.0,370.0,310.0,477.0,471.6666666666667,112.64694107401738,601.0,395.0,379.7142857142857,109.52429606517212,601.0,279.0,480.5,163.36733031847155,783.0,279.0,519.9,155.30400665391247,788.0,279.0,491.55,195.67964350273124,1182.0,240.0,481.9222222222222,183.99079286794404,1182.0,240.0,427.74188659364563,459.5127524586238,491.75792614215925,299.0,783.0,628.0,370.0,520.0,5.634789603169249
2024-01-10,2024,1,10,2,Wednesday,2,1,0,0,22.6,2.7,Cloudy,0,0,0,0,25,279.0,591.0,388.0,388.8571428571428,428.2142857142857,506.0,414.0,363,0.9749279121818236,-0.22252093395631434,0.0,1.0,10,0.1712931441814776,0.9852201067560606,0.23931566428755774,0.970941817426052,0,Summer,0,0,1,0,1,1,0,0,0,374,0,0,0,0,0,0,0,279.0,395.0,419.0,591.0,514.0,646.0,644.0,312.0,364.3333333333333,74.86877408728618,419.0,279.0,376.85714285714283,112.20877650081374,601.0,279.0,444.5,146.21046474175486,756.0,279.0,506.8333333333333,158.60818853786915,788.0,279.0,491.03333333333336,196.20734161583977,1182.0,240.0,479.72222222222223,185.22989225222315,1182.0,240.0,390.5564149452342,435.4443854641406,478.0316083265361,279.0,591.0,514.0,646.0,507.5,5.8971538676367405
2024-01-11,2024,1,11,3,Thursday,2,1,0,0,23.5,1.9,Cloudy,0,0,0,0,25,325.0,407.0,370.0,389.4285714285714,422.6428571428572,504.6333333333333,372.0,329,0.43388373911755823,-0.900968867902419,0.0,1.0,11,0.1882267098432442,0.9821256058680006,0.23931566428755774,0.970941817426052,0,Summer,0,0,1,0,1,1,0,0,0,375,0,0,0,0,0,0,0,363.0,279.0,395.0,407.0,479.0,686.0,453.0,539.0,345.6666666666667,59.911045169760534,395.0,279.0,388.85714285714283,104.20561176735916,601.0,279.0,428.2142857142857,141.2511013280022,756.0,279.0,506.0,159.31815923512562,788.0,279.0,486.35,195.84755616100327,1182.0,240.0,480.2888888888889,184.7885061630929,1182.0,240.0,383.66731120892564,425.7851340689219,470.6102142409532,325.0,407.0,479.0,686.0,474.25,5.799092654460526
2024-01-12,2024,1,12,4,Friday,2,1,0,0,30.8,1.3,Cloudy,0,0,0,0,25,340.0,613.0,646.0,388.0,402.4285714285714,494.1,244.0,330,-0.433883739117558,-0.9009688679024191,0.0,1.0,12,0.2051044998686192,0.9787400799669153,0.23931566428755774,0.970941817426052,0,Summer,0,0,1,0,1,1,0,0,0,376,0,0,0,0,0,0,0,329.0,363.0,279.0,613.0,384.0,370.0,325.0,383.0,323.6666666666667,42.25320500663916,363.0,279.0,389.42857142857144,103.80728481639639,601.0,279.0,422.64285714285717,143.66981758015982,756.0,279.0,504.6333333333333,160.6949312191897,788.0,279.0,484.28333333333336,196.8570927646537,1182.0,240.0,477.9555555555556,185.36377299670895,1182.0,240.0,370.00048340669423,412.880449526399,461.4740713866982,340.0,613.0,384.0,370.0,426.75,5.802118375377063
2024-01-13,2024,1,13,5,Saturday,2,1,0,0,14.8,0.3,Sunny,0,0,0,0,25,601.0,756.0,686.0,388.0,391.3571428571428,491.26666666666665,366.0,601,-0.9749279121818236,-0.2225209339563146,0.0,1.0,13,0.2219215130041655,0.9750645322571948,0.23931566428755774,0.970941817426052,1,Summer,0,0,1,0,3,0,0,0,1,377,0,0,0,1,0,0,0,330.0,329.0,363.0,756.0,565.0,655.0,306.0,677.0,340.6666666666667,19.34769581456884,363.0,329.0,388.0,104.66613587975844,601.0,279.0,402.42857142857144,134.43884184937806,756.0,279.0,494.1,161.46385311291456,788.0,279.0,484.3666666666667,196.78956899001759,1182.0,240.0,477.3666666666667,185.75261124482094,1182.0,240.0,360.0003625550207,401.8297229228791,452.9918732327177,601.0,756.0,565.0,655.0,644.25,6.400257445308821
2024-01-14,2024,1,14,6,Sunday,2,1,0,0,22.9,0.6,Cloudy,0,0,0,0,25,419.0,445.0,370.0,403.4285714285714,397.2142857142857,496.5,570.0,527,-0.7818314824680299,0.6234898018587334,0.0,1.0,14,0.2386727660059501,0.9711000518829505,0.23931566428755774,0.970941817426052,1,Summer,0,0,1,0,1,1,0,0,0,378,0,0,0,0,0,0,0,601.0,330.0,329.0,445.0,788.0,581.0,275.0,551.0,420.0,156.7513955280775,601.0,329.0,388.0,104.66613587975844,601.0,279.0,391.35714285714283,106.57652154698437,601.0,279.0,491.26666666666665,158.7024831592733,788.0,279.0,489.28333333333336,195.94102292086998,1182.0,240.0,476.52222222222224,185.0061175895758,1182.0,240.0,420.2502719162655,428.3857598664952,462.5407846370585,419.0,445.0,788.0,581.0,558.25,6.269096283706261
2024-01-15,2024,1,15,0,Monday,3,1,0,0,15.9,1.1,Cloudy,1,0,0,0,25,395.0,474.0,655.0,411.4285714285714,395.57142857142856,489.7,464.0,451,0.0,1.0,0.0,1.0,15,0.255353295116187,0.9668478136052775,0.3546048870425356,0.9350162426854148,0,Summer,0,0,1,0,1,1,0,0,0,379,0,0,0,0,0,1,1,527.0,601.0,330.0,474.0,758.0,387.0,341.0,499.0,486.0,140.07497992146855,601.0,330.0,403.42857142857144,117.20616756078064,601.0,279.0,397.2142857142857,111.8729901900625,601.0,279.0,496.5,157.1467028190424,788.0,279.0,493.48333333333335,193.96081131940977,1182.0,240.0,476.25555555555553,184.91483378924954,1182.0,240.0,446.9377039371991,441.5343252176292,466.6994436927322,395.0,474.0,758.0,387.0,503.5,6.113682179832232
2024-01-16,2024,1,16,1,Tuesday,3,1,0,0,23.3,1.8,Cloudy,1,0,0,0,25,279.0,299.0,581.0,431.2857142857143,404.07142857142856,484.26666666666665,380.0,418,0.7818314824680298,0.6234898018587336,0.0,1.0,16,0.2719581575341055,0.9623090774541486,0.3546048870425356,0.9350162426854148,0,Summer,0,0,1,0,1,1,0,0,0,380,0,0,0,0,0,1,1,451.0,527.0,601.0,299.0,783.0,628.0,418.0,497.0,526.3333333333334,75.00222218930031,601.0,451.0,411.42857142857144,118.43965712949553,601.0,279.0,395.57142857142856,110.82259856025861,601.0,279.0,489.7,154.44207707879895,788.0,279.0,495.31666666666666,193.012644853767,1182.0,240.0,475.72222222222223,184.91771797740864,1182.0,240.0,447.9532779528993,442.796415188612,465.6865763577173,279.0,299.0,783.0,628.0,497.25,6.037870919922137
2024-01-17,2024,1,17,2,Wednesday,3,1,0,0,15.9,1.4,Cloudy,1,0,0,1,20,363.0,279.0,387.0,446.8571428571428,417.8571428571428,487.1,358.0,472,0.9749279121818236,-0.22252093395631434,0.0,1.0,17,0.288482432880609,0.9574851883550393,0.3546048870425356,0.9350162426854148,0,Summer,0,0,1,0,1,1,0,0,0,381,0,0,0,0,0,1,2,418.0,451.0,527.0,279.0,591.0,514.0,551.0,614.0,465.3333333333333,55.8957362715005,527.0,418.0,431.2857142857143,103.20968023997649,601.0,329.0,404.07142857142856,107.3552437082057,601.0,279.0,484.26666666666665,153.985877841809,788.0,279.0,495.31666666666666,193.012644853767,1182.0,240.0,474.84444444444443,185.00306168806358,1182.0,240.0,440.4649584646745,439.4902264967971,462.6100230443162,363.0,279.0,591.0,514.0,436.75,6.159095388491933
2024-01-18,2024,1,18,3,Thursday,3,1,0,0,18.4,0.7,Cloudy,1,0,0,0,25,329.0,325.0,628.0,453.57142857142856,421.5,478.7,387.0,376,0.43388373911755823,-0.900968867902419,0.0,1.0,18,0.30492122465628907,0.9523775757303974,0.3546048870425356,0.9350162426854148,0,Summer,0,0,1,0,1,1,0,0,0,382,0,0,0,0,0,1,1,472.0,418.0,451.0,325.0,407.0,479.0,395.0,525.0,447.0,27.221315177628597,472.0,418.0,446.85714285714283,99.3402043005565,601.0,329.0,417.85714285714283,102.33343475195083,601.0,279.0,487.1,152.91272020338886,788.0,279.0,494.0,192.89577408802145,1182.0,240.0,473.26666666666665,184.40751160698025,1182.0,240.0,448.3487188485059,443.82486296389084,463.2158280091991,329.0,325.0,407.0,479.0,385.0,5.932245187448011
2024-01-19,2024,1,19,4,Friday,3,1,0,0,19.0,0.0,Partly Cloudy,1,0,1,0,25,330.0,340.0,514.0,486.4285714285714,437.2142857142857,480.23333333333335,357.0,560,-0.433883739117558,-0.9009688679024191,0.0,1.0,19,0.3212696616923644,0.9469877530760753,0.3546048870425356,0.9350162426854148,0,Summer,0,0,1,0,2,0,1,0,0,383,0,0,0,0,1,1,2,376.0,472.0,418.0,340.0,613.0,384.0,417.0,604.0,422.0,48.12483766206158,472.0,376.0,453.57142857142856,91.31056372413417,601.0,330.0,421.5,99.64610455931565,601.0,279.0,478.7,151.82343420043455,788.0,279.0,493.68333333333334,193.07656263655636,1182.0,240.0,471.6111111111111,184.60657799547909,1182.0,240.0,430.2615391363794,434.7815479020387,457.5890003957024,330.0,340.0,613.0,384.0,416.75,6.329720905522696
2024-01-20,2024,1,20,5,Saturday,3,1,0,0,25.4,1.4,Cloudy,1,0,0,0,25,601.0,601.0,479.0,485.0,436.5,483.9666666666666,364.0,591,-0.9749279121818236,-0.2225209339563146,0.0,1.0,20,0.3375228995941133,0.9413173175128471,0.3546048870425356,0.9350162426854148,1,Summer,0,0,1,0,1,1,0,0,0,384,0,0,1,0,0,1,1,560.0,376.0,472.0,601.0,756.0,565.0,417.0,777.0,469.3333333333333,92.02898094259838,560.0,376.0,486.42857142857144,80.13084537774785,601.0,376.0,437.2142857142857,103.0923249933156,601.0,279.0,480.23333333333335,152.42334044575838,788.0,279.0,496.06666666666666,192.99651939134858,1182.0,240.0,471.1222222222222,184.3100604335765,1182.0,240.0,462.69615435228457,451.47734151510025,464.1961616604958,601.0,601.0,756.0,565.0,630.75,6.3835066348840055
2024-01-21,2024,1,21,6,Sunday,3,1,0,0,25.1,0.7,Cloudy,1,0,0,1,20,527.0,419.0,384.0,501.1428571428572,452.2857142857143,492.5,433.0,640,-0.7818314824680299,0.6234898018587334,0.0,1.0,21,0.3536761221763716,0.9353679493131483,0.3546048870425356,0.9350162426854148,1,Summer,0,0,1,0,1,1,0,0,0,385,0,0,1,0,0,1,2,591.0,560.0,376.0,419.0,445.0,788.0,240.0,302.0,509.0,116.21961968617786,591.0,376.0,485.0,77.8031704581085,591.0,376.0,436.5,101.89795045874199,601.0,279.0,483.96666666666664,153.75786682051518,788.0,279.0,498.96666666666664,193.0955648769316,1182.0,240.0,469.05555555555554,181.86835349366527,1182.0,240.0,494.7721157642134,470.08036264642027,472.3770544565929,527.0,419.0,445.0,788.0,544.75,6.46302945692067
2024-01-22,2024,1,22,0,Monday,4,1,0,0,14.3,2.7,Cloudy,1,0,0,0,25,451.0,395.0,565.0,480.1428571428572,445.7857142857143,483.8,716.0,304,0.0,1.0,0.0,1.0,22,0.3697245428906731,0.9291414114031743,0.4647231720437685,0.8854560256532099,0,Summer,0,0,1,0,1,1,0,0,0,386,0,0,0,0,0,1,1,640.0,591.0,560.0,395.0,474.0,758.0,358.0,272.0,597.0,40.33608806019571,640.0,560.0,501.14285714285717,97.25983852791634,640.0,376.0,452.2857142857143,115.22514987985528,640.0,279.0,492.5,155.11636344014912,788.0,279.0,505.6333333333333,190.8956558238805,1182.0,247.0,472.81111111111113,181.86974561355163,1182.0,240.0,531.0790868231601,492.73631429356425,483.1914380400385,451.0,395.0,474.0,758.0,519.5,5.720311776607412
2024-01-23,2024,1,23,1,Tuesday,4,1,0,0,20.8,0.0,Sunny,1,0,0,0,25,418.0,279.0,788.0,499.57142857142856,465.4285714285714,476.0,318.0,554,0.7818314824680298,0.6234898018587336,0.0,1.0,23,0.38566340624360707,0.9226395488404876,0.4647231720437685,0.8854560256532099,0,Summer,0,0,1,0,3,0,0,0,1,387,0,0,0,0,0,1,1,304.0,640.0,591.0,279.0,299.0,783.0,400.0,378.0,511.6666666666667,181.5057391195473,640.0,304.0,480.14285714285717,122.4886778052418,640.0,304.0,445.7857142857143,121.12115903026648,640.0,279.0,483.8,158.19856575486529,788.0,279.0,504.73333333333335,191.7289635924266,1182.0,247.0,473.1666666666667,181.50366016057444,1182.0,240.0,474.30931511737003,467.57147238775565,471.63070010197157,418.0,279.0,299.0,783.0,444.75,6.318968113746434
2024-01-24,2024,1,24,2,Wednesday,4,1,0,0,17.0,1.8,Cloudy,1,0,0,0,25,472.0,363.0,758.0,488.8571428571428,467.8571428571428,463.9666666666666,254.0,397,0.9749279121818236,-0.22252093395631434,0.0,1.0,24,0.401487989205973,0.9158642882672872,0.4647231720437685,0.8854560256532099,0,Summer,0,0,1,0,1,1,0,0,0,388,0,0,0,0,0,1,1,554.0,304.0,640.0,363.0,279.0,591.0,359.0,291.0,499.3333333333333,174.54321336944943,640.0,304.0,499.57142857142856,121.77281735929088,640.0,304.0,465.42857142857144,114.0868186856052,640.0,304.0,476.0,148.1311161984773,783.0,279.0,507.3,191.33352723468997,1182.0,247.0,475.1222222222222,181.4149026854036,1182.0,240.0,494.2319863380275,479.09527606938826,476.9448484824896,472.0,363.0,279.0,591.0,426.25,5.986452005284438
2024-01-25,2024,1,25,3,Thursday,4,1,0,0,14.2,5.7,Rainy,1,0,0,0,25,376.0,329.0,783.0,473.57142857142856,463.57142857142856,446.8333333333333,252.0,269,0.43388373911755823,-0.900968867902419,0.0,1.0,25,0.4171936026123168,0.9088176373395029,0.4647231720437685,0.8854560256532099,0,Summer,0,0,1,0,0,0,0,1,0,389,0,0,0,0,0,1,1,397.0,554.0,304.0,329.0,325.0,407.0,514.0,309.0,418.3333333333333,126.35795714292438,554.0,304.0,488.85714285714283,127.75553291531583,640.0,304.0,467.85714285714283,112.08297554309203,640.0,304.0,463.96666666666664,138.80213735145875,783.0,279.0,507.93333333333334,190.89671239248713,1182.0,247.0,476.3,180.54813233563937,1182.0,240.0,469.92398975352063,468.14923926013654,471.787116322329,376.0,329.0,325.0,407.0,359.25,5.598421958998375
2024-01-26,2024,1,26,4,Friday,4,1,1,0,19.4,0.4,Partly Cloudy,1,0,0,0,25,560.0,330.0,591.0,480.1428571428572,483.2857142857143,447.3333333333333,594.0,606,-0.433883739117558,-0.9009688679024191,0.0,1.0,26,0.4327755925504312,0.901501684131884,0.4647231720437685,0.8854560256532099,0,Summer,0,0,1,0,2,0,1,0,0,390,0,0,0,0,0,1,2,269.0,397.0,554.0,330.0,340.0,613.0,479.0,518.0,406.6666666666667,142.74569462275596,554.0,269.0,473.57142857142856,148.2642428715901,640.0,269.0,463.57142857142856,118.749713707,640.0,269.0,446.8333333333333,129.47349171730545,756.0,269.0,503.85,193.36904428614125,1182.0,247.0,475.85555555555555,181.0132257326443,1182.0,240.0,419.6929923151405,441.596007358785,458.70407655959815,560.0,330.0,340.0,613.0,460.75,6.408528791059498
2024-01-27,2024,1,27,5,Saturday,4,1,0,0,19.0,1.3,Cloudy,1,0,0,1,20,591.0,601.0,407.0,509.0,497.0,460.2,403.0,793,-0.9749279121818236,-0.2225209339563146,0.0,1.0,27,0.4482293417404106,0.893918596519257,0.4647231720437685,0.8854560256532099,1,Summer,0,0,1,0,1,1,0,0,0,391,0,0,1,0,0,1,2,606.0,269.0,397.0,601.0,601.0,756.0,306.0,333.0,424.0,170.11466721009032,606.0,269.0,480.14285714285717,153.65483892090634,640.0,269.0,483.2857142857143,117.77516296311794,640.0,269.0,447.3333333333333,130.07698869710063,756.0,269.0,505.96666666666664,193.78705477629333,1182.0,247.0,476.8333333333333,181.48050627354795,1182.0,240.0,466.26974423635534,463.51653971094703,468.2070393622048,591.0,601.0,601.0,756.0,637.25,6.677083461247136
2024-01-28,2024,1,28,6,Sunday,4,1,0,0,32.6,0.2,Partly Cloudy,1,0,0,0,25,640.0,527.0,613.0,498.8571428571428,500.0,458.73333333333335,550.0,569,-0.7818314824680299,0.6234898018587334,0.0,1.0,28,0.4635502709028509,0.886070621534138,0.4647231720437685,0.8854560256532099,1,Summer,0,0,1,0,2,0,1,0,0,392,0,0,1,0,0,1,1,793.0,606.0,269.0,527.0,419.0,445.0,247.0,353.0,556.0,265.5541376066278,793.0,269.0,509.0,192.1024032471575,793.0,269.0,497.0,141.3549814093255,793.0,269.0,460.2,144.26661142625375,793.0,269.0,514.0833333333334,195.46123562683326,1182.0,247.0,481.94444444444446,183.8463183994002,1182.0,240.0,547.9523081772666,507.44766774948744,489.1614239194819,640.0,527.0,419.0,445.0,507.75,6.345636360828596
2024-01-29,2024,1,29,0,Monday,5,1,0,0,22.7,2.0,Cloudy,1,0,0,0,25,304.0,451.0,756.0,517.5714285714286,498.8571428571428,448.03333333333336,499.0,435,0.0,1.0,0.0,1.0,29,0.47873384011578846,0.8779600847008882,0.5680647467311558,0.8229838658936564,0,Summer,0,0,1,0,1,1,0,0,0,393,0,0,0,0,0,1,1,569.0,793.0,606.0,451.0,395.0,474.0,367.0,400.0,656.0,120.07914056987528,793.0,569.0,498.85714285714283,185.80404424323768,793.0,269.0,500.0,142.48184769673966,793.0,269.0,458.73333333333335,142.87658849591062,793.0,269.0,519.45,192.40030876679847,1182.0,269.0,484.34444444444443,183.55375547387797,1182.0,240.0,553.2142311329499,515.6546453828892,494.3122997956443,304.0,451.0,395.0,474.0,406.0,6.077642243349034
2024-01-30,2024,1,30,1,Tuesday,5,1,0,0,13.6,1.6,Cloudy,1,0,0,0,25,554.0,418.0,445.0,483.7142857142857,491.6428571428572,443.76666666666665,354.0,317,0.7818314824680298,0.6234898018587336,0.0,1.0,30,0.4937755501599772,0.869589389346611,0.5680647467311558,0.8229838658936564,0,Summer,0,0,1,0,1,1,0,0,0,394,0,0,0,0,0,1,1,435.0,569.0,793.0,418.0,279.0,299.0,1172.0,374.0,599.0,180.87564789102993,793.0,435.0,517.5714285714286,168.71855968135978,793.0,269.0,498.85714285714283,142.96845114212442,793.0,269.0,448.03333333333336,131.4060522758086,793.0,269.0,520.5833333333334,191.68603316552444,1182.0,269.0,484.73333333333335,183.41007042303912,1182.0,240.0,523.6606733497124,504.9006926651706,490.4856998088286,554.0,418.0,279.0,299.0,387.5,5.762051382780177
2024-01-31,2024,1,31,2,Wednesday,5,1,0,0,17.7,1.0,Cloudy,1,0,0,0,25,397.0,472.0,474.0,476.0,482.4285714285714,439.4,415.0,343,0.9749279121818236,-0.22252093395631434,0.0,1.0,31,0.5086709438521044,0.8609610158889943,0.5680647467311558,0.8229838658936564,0,Summer,0,0,1,0,1,1,0,0,0,395,0,0,0,0,0,1,1,317.0,435.0,569.0,472.0,363.0,279.0,829.0,283.0,440.3333333333333,126.08462766464879,569.0,317.0,483.7142857142857,183.33640690064328,793.0,269.0,491.64285714285717,149.74984635556882,793.0,269.0,443.76666666666665,133.56818827677543,793.0,269.0,506.3333333333333,173.34140572250234,1182.0,269.0,484.1,183.89451360720733,1182.0,240.0,471.9955050122843,479.8472669764812,479.2930740147106,397.0,472.0,363.0,279.0,377.75,5.840641657373398
2024-02-01,2024,2,1,3,Thursday,5,1,0,0,25.6,1.5,Cloudy,1,0,0,0,25,269.0,376.0,299.0,500.8571428571428,487.2142857142857,444.2,602.0,443,0.43388373911755823,-0.900968867902419,0.49999999999999994,0.8660254037844387,32,0.5234156073655503,0.8520775211013093,0.5680647467311558,0.8229838658936564,0,Summer,0,0,1,0,1,1,0,0,0,396,0,0,0,0,0,1,1,343.0,317.0,435.0,376.0,329.0,325.0,522.0,348.0,365.0,61.99999999999802,435.0,317.0,476.0,188.6522373751947,793.0,269.0,482.42857142857144,154.93061190576407,793.0,269.0,439.4,134.68241059669904,793.0,269.0,498.23333333333335,169.31640891444536,1182.0,269.0,484.76666666666665,183.26496137400525,1182.0,240.0,439.7466287592132,461.6009647129504,470.49997246537447,269.0,376.0,329.0,325.0,324.75,6.095824562432225
2024-02-02,2024,2,2,4,Friday,5,1,0,0,30.9,4.5,Cloudy,1,0,1,0,25,606.0,560.0,279.0,483.8571428571428,482.0,451.1333333333333,1104.0,487,-0.433883739117558,-0.9009688679024191,0.49999999999999994,0.8660254037844387,33,0.5380051715382996,0.8429415373547828,0.5680647467311558,0.8229838658936564,0,Summer,0,0,1,0,1,1,0,0,0,397,0,0,0,0,1,1,2,443.0,343.0,317.0,560.0,330.0,340.0,465.0,582.0,367.6666666666667,66.52317891782599,443.0,317.0,500.85714285714283,167.0592994233176,793.0,317.0,487.2142857142857,152.40441068290764,793.0,269.0,444.2,132.0463346055411,793.0,269.0,496.9166666666667,169.4355826462279,1182.0,269.0,485.8222222222222,182.7412106297369,1182.0,240.0,440.55997156940987,459.120836084557,468.72578069341483,606.0,560.0,330.0,340.0,459.0,6.1903154058531475
2024-02-03,2024,2,3,5,Saturday,5,1,0,0,12.6,0.4,Sunny,1,0,1,0,25,793.0,591.0,325.0,475.57142857142856,492.2857142857143,464.8,431.0,735,-0.9749279121818236,-0.2225209339563146,0.49999999999999994,0.8660254037844387,34,0.5524353131676196,0.8335557718385699,0.5680647467311558,0.8229838658936564,1,Summer,0,0,1,0,3,0,0,0,1,398,0,0,1,1,1,1,2,487.0,443.0,343.0,591.0,601.0,601.0,441.0,575.0,424.3333333333333,73.79250187744763,487.0,343.0,483.85714285714283,160.50278146232546,793.0,317.0,482.0,150.96459085596086,793.0,269.0,451.1333333333333,128.4858058263654,793.0,269.0,497.28333333333336,169.38914095492186,1182.0,269.0,484.76666666666665,182.45356805056437,1182.0,240.0,452.16997867705743,462.83805793994946,469.9047625841623,793.0,591.0,601.0,601.0,646.5,6.601230118728877
2024-02-04,2024,2,4,6,Sunday,5,1,0,0,11.1,0.0,Sunny,1,0,1,0,25,569.0,640.0,340.0,509.0,503.9285714285714,480.23333333333335,631.0,803,-0.7818314824680299,0.6234898018587334,0.49999999999999994,0.8660254037844387,35,0.5667017562911176,0.8239230057575542,0.5680647467311558,0.8229838658936564,1,Summer,0,0,1,0,3,0,0,0,1,399,0,0,1,1,1,1,2,735.0,487.0,443.0,640.0,527.0,419.0,1182.0,461.0,555.0,157.4293492332349,735.0,443.0,475.57142857142856,142.35502232430198,735.0,317.0,492.2857142857143,163.3591741538251,793.0,269.0,464.8,136.18152186163738,793.0,269.0,502.18333333333334,171.96614681302123,1182.0,269.0,486.5444444444444,184.11459310916993,1182.0,240.0,522.8774840077931,499.12631688128954,487.0076811271196,569.0,640.0,527.0,419.0,538.75,6.6895992691789665
2024-02-05,2024,2,5,0,Monday,6,1,0,0,29.9,4.0,Cloudy,1,0,0,0,25,435.0,304.0,601.0,495.1428571428572,506.3571428571428,471.4666666666666,690.0,338,0.0,1.0,0.49999999999999994,0.8660254037844387,36,0.5808002734538009,0.8140460935082178,0.6631226582407952,0.7485107481711011,0,Summer,0,0,1,0,1,1,0,0,0,400,0,0,0,0,0,1,1,803.0,735.0,487.0,304.0,451.0,395.0,457.0,945.0,675.0,166.32498309033397,803.0,487.0,509.0,188.08154259965767,803.0,317.0,503.92857142857144,179.68924640814006,803.0,269.0,480.23333333333335,147.32972248136718,803.0,269.0,495.8666666666667,152.42196855169925,803.0,269.0,490.34444444444443,187.08678278978343,1182.0,240.0,592.9081130058448,539.6428079637842,507.39428234472484,435.0,304.0,451.0,395.0,396.25,5.82600010738045
2024-02-06,2024,2,6,1,Tuesday,6,1,0,0,22.4,1.7,Cloudy,1,0,0,0,25,317.0,554.0,419.0,518.5714285714286,501.1428571428572,473.53333333333336,346.0,481,0.7818314824680298,0.6234898018587336,0.49999999999999994,0.8660254037844387,37,0.5947266869607634,0.8039279618328213,0.6631226582407952,0.7485107481711011,0,Summer,0,0,1,0,1,1,0,0,0,401,0,0,0,0,0,1,1,338.0,803.0,735.0,554.0,418.0,279.0,322.0,306.0,625.3333333333334,251.15002156745516,803.0,338.0,495.14285714285717,197.7662159987806,803.0,317.0,506.35714285714283,176.98874677085118,803.0,269.0,471.46666666666664,147.72008322670834,803.0,269.0,493.8833333333333,153.7050986292674,803.0,269.0,483.6,181.36602756595866,1182.0,240.0,529.1810847543836,512.7571002352797,496.46561896764587,317.0,554.0,418.0,279.0,392.0,6.1779441140506
2024-02-07,2024,2,7,2,Wednesday,6,1,0,0,16.2,4.4,Cloudy,1,0,0,0,25,343.0,397.0,395.0,530.4285714285714,503.2142857142857,474.56666666666666,506.0,426,0.9749279121818236,-0.22252093395631434,0.49999999999999994,0.8660254037844387,38,0.6084768701151261,0.7935716089521474,0.6631226582407952,0.7485107481711011,0,Summer,0,0,1,0,1,1,0,0,0,402,0,0,0,0,0,1,1,481.0,338.0,803.0,397.0,472.0,363.0,384.0,395.0,540.6666666666666,238.1729063796576,803.0,338.0,518.5714285714286,182.2506123838433,803.0,338.0,501.14285714285717,176.55195667732883,803.0,269.0,473.53333333333336,147.39408431804145,803.0,269.0,496.53333333333336,152.05323183258722,803.0,269.0,485.5444444444444,180.3759595027611,1182.0,240.0,517.1358135657877,508.5228202039091,495.4678370987655,343.0,397.0,472.0,363.0,393.75,6.056784013228625
2024-02-08,2024,2,8,3,Thursday,6,1,0,0,23.2,1.8,Cloudy,1,0,0,1,20,443.0,269.0,279.0,538.5714285714286,519.7142857142857,481.9333333333333,266.0,500,0.43388373911755823,-0.900968867902419,0.49999999999999994,0.8660254037844387,39,0.6220467484408675,0.7829801036770628,0.6631226582407952,0.7485107481711011,0,Summer,0,0,1,0,1,1,0,0,0,403,0,0,0,0,0,1,2,426.0,481.0,338.0,269.0,376.0,329.0,671.0,310.0,415.0,72.13182376732031,481.0,338.0,530.4285714285714,171.2949280654643,803.0,338.0,503.2142857142857,175.40247282329707,803.0,269.0,474.56666666666666,146.93246943651542,803.0,269.0,497.23333333333335,151.62245335563586,803.0,269.0,485.8888888888889,180.23065399426616,1182.0,240.0,494.35186017434074,497.51977751005455,490.98604115690966,443.0,269.0,376.0,329.0,354.25,6.2166061010848646
2024-02-09,2024,2,9,4,Friday,6,1,0,0,7.3,3.3,Cloudy,1,0,0,0,25,487.0,606.0,363.0,515.8571428571429,499.8571428571428,480.76666666666665,412.0,328,-0.433883739117558,-0.9009688679024191,0.49999999999999994,0.8660254037844387,40,0.6354323008901774,0.7721565844991642,0.6631226582407952,0.7485107481711011,0,Summer,0,0,1,0,1,1,0,0,0,404,0,0,0,0,0,1,1,500.0,426.0,481.0,606.0,560.0,330.0,388.0,644.0,469.0,38.43175770114842,500.0,426.0,538.5714285714286,167.76457427285592,803.0,338.0,519.7142857142857,162.0305899758194,803.0,317.0,481.93333333333334,142.25497587402498,803.0,269.0,494.3833333333333,149.8981678822771,803.0,269.0,488.0,179.2573945006062,1182.0,240.0,495.76389513075554,497.85047384204734,491.56758688872196,487.0,606.0,560.0,330.0,495.75,5.796057750765372
2024-02-10,2024,2,10,5,Saturday,6,1,0,0,20.5,1.1,Cloudy,1,0,0,0,25,735.0,793.0,329.0,472.0,473.7857142857143,484.06666666666666,362.0,428,-0.9749279121818236,-0.2225209339563146,0.49999999999999994,0.8660254037844387,41,0.6486295610349814,0.7611042586607747,0.6631226582407952,0.7485107481711011,1,Summer,0,0,1,0,1,1,0,0,0,405,0,0,1,0,0,1,1,328.0,500.0,426.0,793.0,591.0,601.0,370.0,453.0,418.0,86.27861844049055,500.0,328.0,515.8571428571429,185.7143223443192,803.0,328.0,499.85714285714283,167.58229075837392,803.0,317.0,480.76666666666665,143.40290078663986,803.0,269.0,493.3833333333333,150.81721922850608,803.0,269.0,484.4888888888889,179.2622361607659,1182.0,240.0,453.82292134806664,475.20374399644106,481.01483934751417,735.0,793.0,591.0,601.0,680.0,6.061456918928017
2024-02-11,2024,2,11,6,Sunday,6,1,0,0,22.1,2.8,Cloudy,1,0,0,0,25,803.0,569.0,330.0,427.7142857142857,468.3571428571428,489.5,748.0,493,-0.7818314824680299,0.6234898018587334,0.49999999999999994,0.8660254037844387,42,0.6616346182422783,0.7498264012045686,0.6631226582407952,0.7485107481711011,1,Summer,0,0,1,0,1,1,0,0,0,406,0,0,1,0,0,1,1,428.0,328.0,500.0,569.0,640.0,527.0,646.0,325.0,418.6666666666667,86.37900979597468,500.0,328.0,472.0,159.77588470521277,803.0,328.0,473.7857142857143,145.39187289287068,803.0,317.0,484.06666666666666,140.90738786175436,803.0,269.0,494.35,150.1975901993603,803.0,269.0,484.2111111111111,179.33093471238828,1182.0,240.0,447.36719101104995,468.90991146358226,477.59452713154553,803.0,569.0,640.0,527.0,634.75,6.202535517187923
2024-02-12,2024,2,12,0,Monday,7,1,0,0,25.1,4.9,Cloudy,1,0,0,0,25,338.0,435.0,601.0,424.4285714285714,459.7857142857143,479.9666666666666,639.0,315,0.0,1.0,0.49999999999999994,0.8660254037844387,43,0.6744436188329455,0.7383263540031065,0.7485107481711011,0.6631226582407953,0,Summer,0,0,1,0,1,1,0,0,0,407,0,0,0,0,0,1,1,493.0,428.0,328.0,435.0,304.0,451.0,686.0,306.0,416.3333333333333,83.11638426527641,493.0,328.0,427.7142857142857,71.08847606026926,500.0,328.0,468.35714285714283,142.96185997178887,803.0,317.0,489.5,137.8716919758213,803.0,269.0,491.8,148.8722350637667,803.0,269.0,486.0777777777778,178.52763785518533,1182.0,240.0,458.77539325828747,472.12192326843797,478.5884286069297,338.0,435.0,304.0,451.0,382.0,5.755742213586912
2024-02-13,2024,2,13,1,Tuesday,7,1,0,0,15.4,1.7,Cloudy,1,0,0,0,25,481.0,317.0,527.0,407.1428571428572,462.8571428571428,474.4,409.0,360,0.7818314824680298,0.6234898018587336,0.49999999999999994,0.8660254037844387,44,0.6870527672236669,0.7266075247685656,0.7485107481711011,0.6631226582407953,0,Summer,0,0,1,0,1,1,0,0,0,408,0,0,0,0,0,1,1,315.0,493.0,428.0,317.0,554.0,418.0,370.0,275.0,412.0,90.0721932673994,493.0,315.0,424.42857142857144,76.26894768483713,500.0,315.0,459.7857142857143,148.60177997247865,803.0,315.0,479.96666666666664,139.77086750213272,803.0,269.0,485.6166666666667,148.37333714364348,803.0,269.0,486.1777777777778,178.42812909805758,1182.0,240.0,422.8315449437156,451.1723334993129,468.0343364387407,481.0,317.0,554.0,418.0,442.5,5.8888779583328805
2024-02-14,2024,2,14,2,Wednesday,7,1,0,0,20.9,0.4,Sunny,1,0,0,1,20,426.0,343.0,451.0,434.1428571428572,482.2857142857143,479.8666666666667,421.0,615,0.9749279121818236,-0.22252093395631434,0.49999999999999994,0.8660254037844387,45,0.6994583270516471,0.7146733860429609,0.7485107481711011,0.6631226582407953,0,Summer,0,0,1,0,3,0,0,0,1,409,0,0,0,0,0,1,2,360.0,315.0,493.0,343.0,397.0,472.0,655.0,341.0,389.3333333333333,92.55448845589862,493.0,315.0,407.14285714285717,75.012062522034,500.0,315.0,462.85714285714283,145.84230532317423,803.0,315.0,474.4,141.1518136006708,803.0,269.0,485.45,148.5109623300699,803.0,269.0,487.1222222222222,177.52042628332978,1182.0,240.0,407.1236587077867,439.0160223660712,461.06437924914457,426.0,343.0,397.0,472.0,409.5,6.423246963533519
2024-02-15,2024,2,15,3,Thursday,7,1,0,0,15.9,0.6,Cloudy,1,0,0,0,25,500.0,443.0,418.0,408.7142857142857,473.6428571428572,476.6666666666667,334.0,322,0.43388373911755823,-0.900968867902419,0.49999999999999994,0.8660254037844387,46,0.7116566222817746,0.7025274741691571,0.7485107481711011,0.6631226582407953,0,Summer,0,0,1,0,1,1,0,0,0,410,0,0,0,0,0,1,1,615.0,360.0,315.0,443.0,269.0,376.0,581.0,418.0,430.0,161.78689687363362,615.0,315.0,434.14285714285717,109.16872044596647,615.0,315.0,482.2857142857143,146.7616741897863,803.0,315.0,479.8666666666667,143.37261156555087,803.0,269.0,484.78333333333336,147.82514770425686,803.0,269.0,490.1666666666667,177.3357287016838,1182.0,240.0,459.09274403084004,462.48055271726173,470.99570962016753,500.0,443.0,269.0,376.0,397.0,5.777652323222656
2024-02-16,2024,2,16,4,Friday,7,1,0,0,21.8,0.4,Sunny,1,0,0,0,25,328.0,487.0,472.0,445.57142857142856,480.7142857142857,480.4666666666666,379.0,586,-0.433883739117558,-0.9009688679024191,0.49999999999999994,0.8660254037844387,47,0.7236440382959124,0.6901733882429719,0.7485107481711011,0.6631226582407953,0,Summer,0,0,1,0,3,0,0,0,1,411,0,0,0,0,0,1,1,322.0,615.0,360.0,487.0,606.0,560.0,387.0,551.0,432.3333333333333,159.33089258939427,615.0,322.0,408.7142857142857,111.96683182340853,615.0,315.0,473.64285714285717,152.69608183117657,803.0,315.0,476.6666666666667,145.85097101879828,803.0,269.0,480.46666666666664,148.7465671635413,803.0,269.0,489.1,178.06191638701304,1182.0,240.0,424.81955802313,443.74981235496017,461.38308319306,328.0,487.0,606.0,560.0,495.25,6.375024819828097
2024-02-17,2024,2,17,5,Saturday,7,1,0,0,16.0,0.6,Cloudy,1,0,1,0,25,428.0,735.0,376.0,479.0,475.5,490.0,740.0,662,-0.9749279121818236,-0.2225209339563146,0.49999999999999994,0.8660254037844387,48,0.7354170229639855,0.6776147890466889,0.7485107481711011,0.6631226582407953,1,Summer,0,0,1,0,1,1,0,0,0,412,0,0,1,0,1,1,2,586.0,322.0,615.0,735.0,793.0,591.0,628.0,395.0,507.6666666666667,161.44452091456412,615.0,322.0,445.57142857142856,122.89949436139186,615.0,315.0,480.7142857142857,155.6264900189051,803.0,315.0,480.46666666666664,147.2039948233536,803.0,269.0,483.78333333333336,148.84573878617525,803.0,269.0,489.4888888888889,178.2367598779364,1182.0,240.0,465.1146685173475,462.7165040409655,469.4228842773787,428.0,735.0,793.0,591.0,636.75,6.4967749901858625
2024-02-18,2024,2,18,6,Sunday,7,1,0,0,18.5,0.7,Cloudy,1,0,1,1,20,493.0,803.0,560.0,517.8571428571429,472.7857142857143,496.8333333333333,631.0,765,-0.7818314824680299,0.6234898018587334,0.49999999999999994,0.8660254037844387,49,0.7469720876965552,0.6648553979642865,0.7485107481711011,0.6631226582407953,1,Summer,0,0,1,0,1,1,0,0,0,413,0,0,1,0,1,1,3,662.0,586.0,322.0,803.0,569.0,640.0,514.0,417.0,523.3333333333334,178.45260808778653,662.0,322.0,479.0,146.81961721786408,662.0,315.0,475.5,147.45990328534413,803.0,315.0,490.0,149.4491033186834,803.0,269.0,484.35,149.46750964901375,803.0,269.0,492.4555555555556,178.86729504985487,1182.0,240.0,514.3360013880106,489.28763683550346,481.8472143239995,493.0,803.0,569.0,640.0,626.25,6.641182169740591
2024-02-19,2024,2,19,0,Monday,8,1,0,0,15.5,1.6,Cloudy,1,0,1,0,25,315.0,338.0,591.0,520.5714285714286,472.5,488.26666666666665,577.0,334,0.0,1.0,0.49999999999999994,0.8660254037844387,50,0.7583058084785624,0.6518989958787126,0.8229838658936564,0.5680647467311559,0,Summer,0,0,1,0,1,1,0,0,0,414,0,0,0,0,1,1,2,765.0,662.0,586.0,338.0,435.0,304.0,479.0,417.0,671.0,89.83874442577589,765.0,586.0,517.8571428571429,182.74155572960512,765.0,315.0,472.7857142857143,141.18410161718106,765.0,315.0,496.8333333333333,157.24351493306688,803.0,269.0,488.53333333333336,153.76224952351316,803.0,269.0,496.3222222222222,180.96693023230176,1182.0,240.0,577.0020010410079,526.0492852574364,500.1151359805157,315.0,338.0,435.0,304.0,348.0,5.814130531825066
2024-02-20,2024,2,20,1,Tuesday,8,1,0,0,23.8,1.8,Cloudy,1,0,0,0,25,360.0,481.0,640.0,560.0,483.57142857142856,488.1333333333333,339.0,636,0.7818314824680298,0.6234898018587336,0.49999999999999994,0.8660254037844387,51,0.7694148268839378,0.6387494220515272,0.8229838658936564,0.5680647467311559,0,Summer,0,0,1,0,1,1,0,0,0,415,0,0,0,0,0,1,1,334.0,765.0,662.0,481.0,317.0,554.0,384.0,240.0,587.0,225.0755428739423,765.0,334.0,520.5714285714286,179.33567886587963,765.0,322.0,472.5,141.4815834712717,765.0,315.0,488.26666666666665,158.92807597568537,803.0,269.0,486.1166666666667,155.04871751246426,803.0,269.0,495.4,181.58613271807272,1182.0,240.0,516.2515007807559,500.44271388977825,489.39803043338566,360.0,481.0,317.0,554.0,428.0,6.456769655572163
2024-02-21,2024,2,21,2,Wednesday,8,1,0,0,24.8,1.1,Cloudy,1,0,0,0,25,615.0,426.0,304.0,515.8571428571429,475.0,488.2,225.0,306,0.9749279121818236,-0.22252093395631434,0.49999999999999994,0.8660254037844387,52,0.7802958510707755,0.6254105729852463,0.8229838658936564,0.5680647467311559,0,Summer,0,0,1,0,1,1,0,0,0,416,0,0,0,0,0,1,1,636.0,334.0,765.0,426.0,343.0,397.0,565.0,358.0,578.3333333333334,221.2110606035177,765.0,334.0,560.0,168.13982276664933,765.0,322.0,483.57142857142856,148.10740088801157,765.0,315.0,488.1333333333333,158.79801382700663,803.0,269.0,490.31666666666666,155.6476346051945,803.0,269.0,499.8,180.1198227897131,1182.0,247.0,546.1886255855669,518.5170187044745,498.8562220183286,615.0,426.0,343.0,397.0,445.25,5.726847747587197
2024-02-22,2024,2,22,3,Thursday,8,1,0,0,19.3,1.9,Cloudy,1,0,0,0,25,322.0,500.0,554.0,530.7142857142857,469.7142857142857,483.9333333333333,298.0,426,0.43388373911755823,-0.900968867902419,0.49999999999999994,0.8660254037844387,53,0.7909456567567772,0.6118864012687243,0.8229838658936564,0.5680647467311559,0,Summer,0,0,1,0,1,1,0,0,0,417,0,0,0,0,0,1,1,306.0,636.0,334.0,500.0,443.0,269.0,788.0,400.0,425.3333333333333,182.97905162431323,636.0,306.0,515.8571428571429,190.38419802374105,765.0,306.0,475.0,155.0071958627429,765.0,306.0,488.2,158.71844513976973,803.0,269.0,486.0,157.12577278911414,803.0,269.0,499.22222222222223,180.66237539301477,1182.0,247.0,486.14146918917515,490.18141621054457,486.41388511392034,322.0,500.0,443.0,269.0,383.5,6.056784013228625
2024-02-23,2024,2,23,4,Friday,8,1,0,0,20.7,0.2,Partly Cloudy,1,0,1,0,25,586.0,328.0,397.0,542.4285714285714,494.0,492.9666666666666,495.0,668,-0.433883739117558,-0.9009688679024191,0.49999999999999994,0.8660254037844387,54,0.8013610881746766,0.5981809144059164,0.8229838658936564,0.5680647467311559,0,Summer,0,0,1,0,2,0,1,0,0,418,0,0,0,0,1,1,2,426.0,306.0,636.0,328.0,487.0,606.0,758.0,359.0,456.0,167.03293088489997,636.0,306.0,530.7142857142857,176.26940960332558,765.0,306.0,469.7142857142857,155.35043688949895,765.0,306.0,483.93333333333334,158.60902555814923,803.0,269.0,479.96666666666664,152.2060341647408,803.0,269.0,499.5111111111111,180.52266466963536,1182.0,247.0,471.1061018918814,481.62389404913864,482.5162151065707,586.0,328.0,487.0,606.0,501.75,6.505784060128229
2024-02-24,2024,2,24,5,Saturday,8,1,0,0,13.3,0.2,Partly Cloudy,1,0,0,0,25,662.0,428.0,269.0,524.2857142857143,501.6428571428572,501.8333333333333,478.0,535,-0.9749279121818236,-0.2225209339563146,0.49999999999999994,0.8660254037844387,55,0.811539059007361,0.5842981736283684,0.8229838658936564,0.5680647467311559,1,Summer,0,0,1,0,2,0,1,0,0,419,0,0,1,0,0,1,1,668.0,426.0,306.0,428.0,735.0,793.0,783.0,514.0,466.6666666666667,184.394504618042,668.0,306.0,542.4285714285714,183.14644153687306,765.0,306.0,494.0,158.04478430544248,765.0,306.0,492.96666666666664,161.18344300470338,803.0,269.0,478.46666666666664,149.8447181185331,803.0,269.0,502.94444444444446,180.75853662910234,1182.0,247.0,520.3295764189111,506.4740415092535,494.4829109061468,662.0,428.0,735.0,793.0,654.5,6.284134161070802
2024-02-25,2024,2,25,6,Sunday,8,1,0,0,19.0,0.4,Sunny,1,0,0,0,25,765.0,493.0,606.0,500.57142857142856,509.2142857142857,501.6,1143.0,599,-0.7818314824680299,0.6234898018587334,0.49999999999999994,0.8660254037844387,56,0.8214765533024142,0.5702422926917871,0.8229838658936564,0.5680647467311559,1,Summer,0,0,1,0,3,0,0,0,1,420,0,0,1,1,0,1,1,535.0,668.0,426.0,493.0,803.0,569.0,591.0,479.0,543.0,121.19818480488811,668.0,426.0,524.2857142857143,175.45627592624027,765.0,306.0,501.64285714285717,157.19248716773336,765.0,306.0,501.8333333333333,155.6599041086892,803.0,306.0,474.3333333333333,144.63181386514154,803.0,269.0,503.1777777777778,180.78651994205472,1182.0,247.0,523.9971823141833,510.277502641353,497.0969166541373,765.0,493.0,803.0,569.0,657.5,6.396929655216146
2024-02-26,2024,2,26,0,Monday,9,1,0,0,20.2,1.5,Cloudy,1,0,0,0,25,334.0,315.0,793.0,511.1428571428572,515.8571428571429,488.76666666666665,578.0,408,0.0,1.0,0.49999999999999994,0.8660254037844387,57,0.8311706263658079,0.5560174366570446,0.8854560256532099,0.4647231720437686,0,Summer,0,0,1,0,1,1,0,0,0,421,0,0,0,0,0,1,1,599.0,535.0,668.0,315.0,338.0,435.0,407.0,306.0,600.6666666666666,66.51566231597765,668.0,535.0,500.57142857142856,146.29406133180035,668.0,306.0,509.2142857142857,159.28309513443165,765.0,306.0,501.6,155.50354248099242,803.0,306.0,474.46666666666664,144.7448329532585,803.0,269.0,504.5111111111111,181.04852192405852,1182.0,247.0,542.7478867356375,522.1071689558393,503.67130912806397,334.0,315.0,338.0,435.0,355.5,6.013715156042802
2024-02-27,2024,2,27,1,Tuesday,9,1,0,0,33.6,0.5,Cloudy,1,0,0,0,25,636.0,360.0,569.0,453.57142857142856,506.7857142857143,477.56666666666666,487.0,233,0.7818314824680298,0.6234898018587336,0.49999999999999994,0.8660254037844387,58,0.8406184056344782,0.5416278206559814,0.8854560256532099,0.4647231720437686,0,Summer,0,0,1,0,1,1,0,0,0,422,0,0,0,0,0,1,1,408.0,599.0,535.0,360.0,481.0,317.0,613.0,247.0,514.0,97.21625378505284,599.0,408.0,511.14285714285717,134.44506755726064,668.0,306.0,515.8571428571429,152.34871797337806,765.0,306.0,488.76666666666665,146.23615368190605,803.0,306.0,474.48333333333335,144.73699018455392,803.0,269.0,505.64444444444445,180.10872565946536,1182.0,247.0,509.0609150517281,506.89287976172733,497.4989666036728,636.0,360.0,481.0,317.0,448.5,5.455321115357702
2024-02-28,2024,2,28,2,Wednesday,9,1,0,0,14.9,0.7,Cloudy,1,0,0,0,25,306.0,615.0,435.0,464.4285714285714,490.1428571428572,475.8,339.0,382,0.9749279121818236,-0.22252093395631434,0.49999999999999994,0.8660254037844387,59,0.8498170915275278,0.5270777086423722,0.8854560256532099,0.4647231720437686,0,Summer,0,0,1,0,1,1,0,0,0,423,0,0,0,0,0,1,1,233.0,408.0,599.0,615.0,426.0,343.0,756.0,367.0,413.3333333333333,183.05827851625037,599.0,233.0,453.57142857142856,156.53844803844785,668.0,233.0,506.7857142857143,165.55184108886283,765.0,233.0,477.56666666666666,152.60738069856924,803.0,233.0,468.15,146.87130593984185,803.0,233.0,505.4888888888889,180.34051714006748,1182.0,233.0,440.0456862887961,470.37382912683034,480.4345171453714,306.0,615.0,426.0,343.0,422.5,5.948034989180646
2024-02-29,2024,2,29,3,Thursday,9,1,0,0,27.8,1.0,Cloudy,1,0,0,0,25,426.0,322.0,317.0,456.7142857142857,493.7142857142857,477.6333333333333,334.0,372,0.43388373911755823,-0.900968867902419,0.49999999999999994,0.8660254037844387,60,0.8587639582758029,0.5123714121284237,0.8854560256532099,0.4647231720437686,0,Summer,0,0,1,0,1,1,0,0,0,424,0,0,0,0,0,1,1,382.0,233.0,408.0,322.0,500.0,443.0,445.0,1172.0,341.0,94.4298681562128,408.0,233.0,464.42857142857144,146.93860071796152,668.0,233.0,490.14285714285717,165.5479745213811,765.0,233.0,475.8,153.42175361648853,803.0,233.0,461.9166666666667,142.31336772337445,803.0,233.0,505.65555555555557,180.2179804414834,1182.0,233.0,425.5342647165971,458.59065190991964,474.0839031359926,426.0,322.0,500.0,443.0,422.75,5.921578419643816
2024-03-01,2024,3,1,4,Friday,9,1,0,0,22.5,3.3,Cloudy,1,0,0,0,25,668.0,586.0,343.0,426.57142857142856,484.5,481.4333333333333,350.0,457,-0.433883739117558,-0.9009688679024191,0.8660254037844386,0.5000000000000001,61,0.8674563547295968,0.49751328890718066,0.8854560256532099,0.4647231720437686,0,Autumn,1,0,0,0,1,1,0,0,0,425,0,0,0,0,0,1,1,372.0,382.0,233.0,586.0,328.0,487.0,474.0,829.0,329.0,83.2886546895778,382.0,233.0,456.7142857142857,150.6626632422188,668.0,233.0,493.7142857142857,162.14591176868038,765.0,233.0,477.6333333333333,151.77853269980452,803.0,233.0,460.7,142.7717509921202,803.0,233.0,496.76666666666665,166.16379153707774,1182.0,233.0,412.1506985374478,447.0452316552637,467.4978448691544,668.0,586.0,328.0,487.0,517.25,6.126869184114185
2024-03-02,2024,3,2,5,Saturday,9,1,0,0,19.6,0.0,Sunny,1,0,0,0,25,535.0,662.0,443.0,422.57142857142856,473.4285714285714,483.56666666666666,280.0,507,-0.9749279121818236,-0.2225209339563146,0.8660254037844386,0.5000000000000001,62,0.8758917051442429,0.48250774176121847,0.8854560256532099,0.4647231720437686,1,Autumn,1,0,0,0,3,0,0,0,1,426,0,0,1,1,0,1,1,457.0,372.0,382.0,662.0,428.0,735.0,299.0,522.0,403.6666666666667,46.4578662158853,457.0,372.0,426.57142857142856,119.15935708517597,599.0,233.0,484.5,160.15125062553537,765.0,233.0,481.43333333333334,149.70446365015803,803.0,233.0,460.4166666666667,142.7617775920536,803.0,233.0,492.6333333333333,162.39053011078826,1182.0,233.0,423.36302390308583,448.37253410122855,466.82056455501544,535.0,662.0,428.0,735.0,590.0,6.230481447578482
2024-03-03,2024,3,3,6,Sunday,9,1,0,0,25.5,2.1,Cloudy,1,0,0,0,25,599.0,765.0,487.0,395.8571428571428,448.2142857142857,481.06666666666666,461.0,412,-0.7818314824680299,0.6234898018587334,0.8660254037844386,0.5000000000000001,63,0.8840675099433636,0.4673592171580022,0.8854560256532099,0.4647231720437686,1,Autumn,1,0,0,0,1,1,0,0,0,427,0,0,1,0,0,1,1,507.0,457.0,372.0,765.0,493.0,803.0,279.0,465.0,445.3333333333333,68.25198409814264,507.0,372.0,422.57142857142856,115.32108385266102,599.0,233.0,473.42857142857144,152.09142710160276,765.0,233.0,483.56666666666666,149.5938601297046,803.0,233.0,463.8833333333333,141.29355085821976,803.0,233.0,492.46666666666664,162.36774739232644,1182.0,233.0,444.2722679273144,456.18952955439806,469.41278619662734,599.0,765.0,493.0,803.0,665.0,6.023447592961033
2024-03-04,2024,3,4,0,Monday,10,1,0,0,20.0,2.2,Cloudy,1,0,0,0,25,408.0,334.0,735.0,380.7142857142857,445.9285714285714,466.6333333333333,427.0,302,0.0,1.0,0.8660254037844386,0.5000000000000001,64,0.8919813464595485,0.45207220393230435,0.9350162426854148,0.35460488704253557,0,Autumn,1,0,0,0,1,1,0,0,0,428,0,0,0,0,0,1,1,412.0,507.0,457.0,334.0,315.0,338.0,325.0,441.0,458.6666666666667,47.52192476460861,507.0,412.0,395.85714285714283,85.42331565294643,507.0,233.0,448.2142857142857,127.27086715495236,668.0,233.0,481.06666666666666,150.1601290883035,803.0,233.0,466.1,139.37410940659458,803.0,233.0,491.8777777777778,162.5644783247056,1182.0,233.0,436.2042009454858,450.29759228047834,465.7087354742643,408.0,334.0,315.0,338.0,348.75,5.713732805509369
2024-03-05,2024,3,5,1,Tuesday,10,1,0,0,20.1,3.2,Cloudy,1,0,0,0,25,233.0,636.0,803.0,391.1428571428572,422.3571428571428,450.06666666666666,426.0,306,0.7818314824680298,0.6234898018587336,0.8660254037844386,0.5000000000000001,65,0.8996308696522433,0.43665123195606403,0.9350162426854148,0.35460488704253557,0,Autumn,1,0,0,0,1,1,0,0,0,429,0,0,0,0,0,1,1,302.0,412.0,507.0,636.0,360.0,481.0,340.0,1182.0,407.0,102.5914226434148,507.0,302.0,380.7142857142857,92.0501933470981,507.0,233.0,445.92857142857144,129.74321638452662,668.0,233.0,466.6333333333333,145.65274796070838,803.0,233.0,465.71666666666664,139.79974681321704,803.0,233.0,490.3333333333333,163.70952626149756,1182.0,233.0,402.65315070911436,430.52457997641454,455.14688157269893,233.0,636.0,360.0,481.0,427.5,5.726847747587197
2024-03-06,2024,3,6,2,Wednesday,10,1,0,0,18.3,5.4,Rainy,1,0,0,0,25,382.0,306.0,338.0,364.8571428571428,414.6428571428572,445.4,295.0,198,0.9749279121818236,-0.22252093395631434,0.8660254037844386,0.5000000000000001,66,0.9070138128026359,0.4211008707960896,0.9350162426854148,0.35460488704253557,0,Autumn,1,0,0,0,0,0,0,1,0,430,0,0,0,0,0,1,1,306.0,302.0,412.0,306.0,615.0,426.0,601.0,457.0,340.0,62.38589584192673,412.0,302.0,391.14285714285717,75.10088452969723,507.0,302.0,422.35714285714283,122.3196362265408,668.0,233.0,450.06666666666666,133.86223832946544,765.0,233.0,465.15,140.38564620721374,803.0,233.0,480.6,147.34815455812574,803.0,233.0,378.48986303183574,413.92130264622597,445.5245021163958,382.0,306.0,615.0,426.0,432.25,5.293304824724492
2024-03-07,2024,3,7,3,Thursday,10,1,0,0,23.4,0.0,Partly Cloudy,1,0,0,0,25,372.0,426.0,481.0,378.2857142857143,417.5,444.9,431.0,466,0.43388373911755823,-0.900968867902419,0.8660254037844386,0.5000000000000001,67,0.9141279881853337,0.40542572835999735,0.9350162426854148,0.35460488704253557,0,Autumn,1,0,0,0,2,0,1,0,0,431,0,0,0,0,0,1,1,198.0,306.0,302.0,426.0,322.0,500.0,419.0,322.0,268.6666666666667,61.23180001709104,306.0,198.0,364.85714285714283,105.05939363272675,507.0,198.0,414.64285714285717,133.14861976398703,668.0,198.0,445.4,140.19434786186528,765.0,198.0,458.43333333333334,143.3844383995044,803.0,198.0,477.72222222222223,150.31360683418032,803.0,198.0,333.3673972738768,385.1317956267292,429.555179399209,372.0,426.0,322.0,500.0,405.0,6.1463292576688975
2024-03-08,2024,3,8,4,Friday,10,1,0,0,22.9,0.3,Partly Cloudy,1,0,0,1,20,457.0,668.0,426.0,384.1428571428572,405.3571428571428,447.3,283.0,498,-0.433883739117558,-0.9009688679024191,0.8660254037844386,0.5000000000000001,68,0.9209712877166346,0.38963044953078796,0.9350162426854148,0.35460488704253557,0,Autumn,1,0,0,0,2,0,1,0,0,432,0,0,0,0,0,1,2,466.0,198.0,306.0,668.0,586.0,328.0,395.0,384.0,323.3333333333333,134.83817461436155,466.0,198.0,378.2857142857143,111.90876385954532,507.0,198.0,417.5,133.83845026460307,668.0,198.0,444.9,140.08971263517816,765.0,198.0,459.21666666666664,143.2937118407761,803.0,198.0,479.3222222222222,149.401038440638,803.0,198.0,366.5255479554076,395.9142228764986,431.9064581476472,457.0,668.0,586.0,328.0,509.75,6.212606095751519
2024-03-09,2024,3,9,5,Saturday,10,1,0,0,16.0,4.3,Cloudy,1,0,0,0,25,507.0,535.0,500.0,378.8571428571428,400.7142857142857,446.3,347.0,470,-0.9749279121818236,-0.2225209339563146,0.8660254037844386,0.5000000000000001,69,0.9275416835791966,0.37371971479046906,0.9350162426854148,0.35460488704253557,1,Autumn,1,0,0,0,1,1,0,0,0,433,0,0,1,0,0,1,1,498.0,466.0,198.0,535.0,662.0,428.0,279.0,671.0,387.3333333333333,164.74626955816962,498.0,198.0,384.14285714285717,117.64130308049228,507.0,198.0,405.35714285714283,115.86836506129644,599.0,198.0,447.3,140.37121966537416,765.0,198.0,460.93333333333334,143.12823060277194,803.0,198.0,480.5888888888889,149.06667646546407,803.0,198.0,399.3941609665557,409.5256598262988,436.17055762199254,507.0,535.0,662.0,428.0,533.0,6.154858094016418
2024-03-10,2024,3,10,6,Sunday,10,1,0,0,13.2,1.2,Cloudy,1,0,0,0,25,412.0,599.0,328.0,380.7142857142857,388.2857142857143,449.53333333333336,486.0,425,-0.7818314824680299,0.6234898018587334,0.8660254037844386,0.5000000000000001,70,0.9338372288229252,0.35769823883312546,0.9350162426854148,0.35460488704253557,1,Autumn,1,0,0,0,1,1,0,0,0,434,0,0,1,0,0,1,1,470.0,498.0,466.0,599.0,765.0,493.0,363.0,388.0,478.0,17.43559577415659,498.0,466.0,378.85714285714283,111.89195468758946,498.0,198.0,400.7142857142857,111.49365526717203,599.0,198.0,446.3,140.08941725764333,765.0,198.0,464.1166666666667,141.12322919777975,803.0,198.0,478.35555555555555,147.6811255930472,803.0,198.0,417.0456207249168,417.5889051827923,438.3531022915414,412.0,599.0,765.0,493.0,567.25,6.054439346269371
2024-03-11,2024,3,11,0,Monday,11,1,1,0,17.7,1.7,Cloudy,1,0,0,0,25,302.0,408.0,428.0,395.8571428571428,388.2857142857143,448.8666666666667,490.0,408,0.0,1.0,0.8660254037844386,0.5000000000000001,71,0.9398560579418954,0.3415707691678556,0.970941817426052,0.23931566428755804,0,Autumn,1,0,0,0,1,1,0,0,0,435,0,0,0,0,0,1,2,425.0,470.0,498.0,408.0,334.0,315.0,329.0,370.0,464.3333333333333,36.82843104631414,498.0,425.0,380.7142857142857,112.6391203293575,498.0,198.0,388.2857142857143,96.36104269594824,507.0,198.0,449.53333333333336,138.37374011720172,765.0,198.0,465.15,140.59628765260823,803.0,198.0,478.76666666666665,147.47813016310047,803.0,198.0,419.0342155436876,418.57705115842003,437.4916118211194,302.0,408.0,334.0,315.0,339.75,6.013715156042802
2024-03-12,2024,3,12,1,Tuesday,11,1,0,0,15.3,2.2,Cloudy,1,0,0,0,25,306.0,233.0,493.0,394.57142857142856,392.8571428571428,442.3333333333333,469.0,297,0.7818314824680298,0.6234898018587336,0.8660254037844386,0.5000000000000001,72,0.9455963874271426,0.3253420847119801,0.970941817426052,0.23931566428755804,0,Autumn,1,0,0,0,1,1,0,0,0,436,0,0,0,0,0,1,1,408.0,425.0,470.0,233.0,636.0,360.0,330.0,646.0,434.3333333333333,32.036437588051236,470.0,408.0,395.85714285714283,107.29154761898187,498.0,198.0,388.2857142857143,96.36104269594824,507.0,198.0,448.8666666666667,138.52915374310746,765.0,198.0,466.46666666666664,139.666487331843,803.0,198.0,479.18888888888887,147.2174035910829,803.0,198.0,416.2756616577657,417.16677767063067,435.5889271874988,306.0,233.0,636.0,360.0,383.75,5.697093486505405
2024-03-13,2024,3,13,2,Wednesday,11,1,0,0,18.2,2.3,Cloudy,1,0,0,0,25,198.0,382.0,315.0,414.2857142857143,389.57142857142856,443.03333333333336,300.0,336,0.9749279121818236,-0.22252093395631434,0.8660254037844386,0.5000000000000001,73,0.9510565162951535,0.30901699437494745,0.970941817426052,0.23931566428755804,0,Autumn,1,0,0,0,1,1,0,0,0,437,0,0,0,0,0,1,1,297.0,408.0,425.0,382.0,306.0,615.0,601.0,686.0,376.6666666666667,69.51498639382069,425.0,297.0,394.57142857142856,108.59382601059377,498.0,198.0,392.85714285714283,89.71652548474425,507.0,198.0,442.3333333333333,140.97623505603565,765.0,198.0,465.9166666666667,140.27663850668256,803.0,198.0,475.31111111111113,147.37048356342518,803.0,198.0,386.45674624332423,401.1445406478799,426.647706078628,198.0,382.0,306.0,615.0,375.25,5.820082930352362
2024-03-14,2024,3,14,3,Thursday,11,1,0,0,23.4,5.4,Rainy,1,0,0,0,25,466.0,372.0,360.0,381.7142857142857,380.0,438.9666666666666,382.0,238,0.43388373911755823,-0.900968867902419,0.8660254037844386,0.5000000000000001,74,0.9562348265919056,0.29260033563334836,0.970941817426052,0.23931566428755804,0,Autumn,1,0,0,0,0,0,0,1,0,438,0,0,0,0,0,1,1,336.0,297.0,408.0,372.0,426.0,322.0,527.0,370.0,347.0,56.31163290120194,408.0,297.0,414.2857142857143,73.96556470348106,498.0,297.0,389.57142857142856,90.97820050447679,507.0,198.0,443.03333333333336,140.3730211168484,765.0,198.0,461.5,140.12312987306473,803.0,198.0,471.4222222222222,146.36279211724022,803.0,198.0,373.8425596824932,392.4586018948293,420.79946697678105,466.0,372.0,426.0,322.0,396.5,5.476463551931511
2024-03-15,2024,3,15,4,Friday,11,1,0,0,16.7,11.6,Rainy,1,0,0,1,20,498.0,457.0,615.0,360.0,372.07142857142856,430.0,338.0,346,-0.433883739117558,-0.9009688679024191,0.8660254037844386,0.5000000000000001,75,0.9611297838723007,0.27609697309746883,0.970941817426052,0.23931566428755804,0,Autumn,1,0,0,0,0,0,0,1,0,439,0,0,0,0,0,1,2,238.0,336.0,297.0,457.0,668.0,586.0,451.0,655.0,290.3333333333333,49.338963642673285,336.0,238.0,381.7142857142857,94.6937419363329,498.0,238.0,380.0,99.60846426808291,507.0,198.0,438.96666666666664,144.56605299364307,765.0,198.0,456.68333333333334,142.77545386371125,803.0,198.0,469.9555555555556,148.04227388293313,803.0,198.0,339.8819197618699,371.8641216421854,409.0059529782791,498.0,457.0,668.0,586.0,552.25,5.849324779946859
2024-03-16,2024,3,16,5,Saturday,11,1,0,0,18.3,2.5,Cloudy,1,0,0,0,25,470.0,507.0,322.0,352.2857142857143,365.57142857142856,433.1333333333333,447.0,416,-0.9749279121818236,-0.2225209339563146,0.8660254037844386,0.5000000000000001,76,0.9657399376548549,0.2595117970697999,0.970941817426052,0.23931566428755804,1,Autumn,1,0,0,0,1,1,0,0,0,440,0,0,1,0,0,1,1,346.0,238.0,336.0,507.0,535.0,662.0,418.0,581.0,306.6666666666667,59.67690787342323,346.0,238.0,360.0,79.84777183282382,470.0,238.0,372.07142857142856,97.40120381953342,507.0,198.0,430.0,141.58267963424655,765.0,198.0,454.93333333333334,143.488010089861,803.0,198.0,466.52222222222224,147.28373807255213,803.0,198.0,341.4114398214024,368.415572089894,404.94105278613205,470.0,507.0,535.0,662.0,543.5,6.0330862217988015
2024-03-17,2024,3,17,6,Sunday,11,1,0,0,18.7,0.7,Cloudy,1,0,0,0,25,425.0,412.0,586.0,351.57142857142856,366.1428571428572,427.6,488.0,420,-0.7818314824680299,0.6234898018587334,0.8660254037844386,0.5000000000000001,77,0.9700639218515071,0.2428497220959356,0.970941817426052,0.23931566428755804,1,Autumn,1,0,0,0,1,1,0,0,0,441,0,0,1,0,0,1,1,416.0,346.0,238.0,412.0,599.0,765.0,472.0,387.0,333.3333333333333,89.67348177322577,416.0,238.0,352.2857142857143,69.3702969233815,425.0,238.0,365.57142857142856,90.49582590094572,498.0,198.0,433.1333333333333,140.14296477066748,765.0,198.0,454.9,143.49696742794598,803.0,198.0,464.68888888888887,146.86909591820236,803.0,198.0,360.0585798660518,374.7601624779081,405.6545332515429,425.0,412.0,599.0,765.0,550.25,6.042632833682381
2024-03-18,2024,3,18,0,Monday,12,1,0,0,21.9,4.2,Cloudy,1,1,0,0,25,408.0,302.0,662.0,371.7142857142857,383.7857142857143,423.8333333333333,515.0,549,0.0,1.0,0.8660254037844386,0.5000000000000001,78,0.9741004551724205,0.22611568550828828,0.992708874098054,0.120536680255323,0,Autumn,1,0,0,0,1,1,0,0,0,442,0,0,0,0,0,1,2,420.0,416.0,346.0,302.0,408.0,334.0,376.0,628.0,394.0,41.617304093366606,420.0,346.0,351.57142857142856,68.51729013627921,420.0,238.0,366.14285714285717,90.83616455580105,498.0,198.0,427.6,137.14417281799086,765.0,198.0,454.03333333333336,143.54896013138617,803.0,198.0,465.05555555555554,146.7140734585861,803.0,198.0,375.04393489953884,380.79214081418706,406.58004723531434,408.0,302.0,408.0,334.0,363.0,6.309918278226516
2024-03-19,2024,3,19,1,Tuesday,12,1,0,0,9.5,0.1,Sunny,1,1,0,0,25,297.0,306.0,765.0,389.1428571428572,391.8571428571428,412.3,387.0,419,0.7818314824680298,0.6234898018587336,0.8660254037844386,0.5000000000000001,79,0.9778483415056568,0.20931464596304847,0.992708874098054,0.120536680255323,0,Autumn,1,0,0,0,3,0,0,0,1,443,0,0,0,0,0,1,2,549.0,420.0,416.0,306.0,233.0,636.0,560.0,514.0,461.6666666666667,75.65932416651046,549.0,416.0,371.7142857142857,100.93019747283168,549.0,238.0,383.7857142857143,100.8541815398139,549.0,198.0,423.8333333333333,131.93731095860795,765.0,198.0,456.9166666666667,143.69238467096793,803.0,198.0,464.1777777777778,145.96263780658253,803.0,198.0,418.53295117465416,403.21985537229546,415.76843128464895,297.0,306.0,233.0,636.0,368.0,6.040254711277414
2024-03-20,2024,3,20,2,Wednesday,12,1,0,0,16.1,0.5,Cloudy,1,1,0,0,25,336.0,198.0,334.0,404.1428571428572,409.2142857142857,415.8666666666667,531.0,441,0.9749279121818236,-0.22252093395631434,0.8660254037844386,0.5000000000000001,80,0.9813064702716093,0.19245158197082998,0.992708874098054,0.120536680255323,0,Autumn,1,0,0,0,1,1,0,0,0,444,0,0,0,0,0,1,2,419.0,549.0,420.0,198.0,382.0,306.0,591.0,479.0,462.6666666666667,74.76853170507707,549.0,419.0,389.14285714285717,96.30581251310629,549.0,238.0,391.85714285714283,98.6476691937648,549.0,198.0,412.3,115.13924104138482,668.0,198.0,454.56666666666666,143.12982925511687,803.0,198.0,463.1222222222222,145.94179444488367,803.0,198.0,418.64971338099065,405.3238746559894,415.97691958886514,336.0,198.0,382.0,306.0,305.5,6.091309882077698
2024-03-21,2024,3,21,3,Thursday,12,1,0,0,19.3,4.6,Cloudy,1,1,0,0,25,238.0,466.0,636.0,433.2857142857143,407.5,409.4,543.0,442,0.43388373911755823,-0.900968867902419,0.8660254037844386,0.5000000000000001,81,0.9844738167520922,0.1755314904214282,0.992708874098054,0.120536680255323,0,Autumn,1,0,0,0,1,1,0,0,0,445,0,0,0,0,0,1,2,441.0,419.0,549.0,466.0,372.0,426.0,640.0,384.0,469.6666666666667,69.57969052340717,549.0,419.0,404.14285714285717,94.81460606789227,549.0,238.0,409.2142857142857,81.86497191334931,549.0,238.0,415.8666666666667,114.28419908683549,668.0,198.0,452.06666666666666,142.0120389581094,803.0,198.0,462.7,145.9503109226797,803.0,198.0,424.23728503574296,410.0806913685242,417.5913118734545,238.0,466.0,372.0,426.0,375.5,6.093569770045136
2024-03-22,2024,3,22,4,Friday,12,1,0,0,23.3,0.6,Cloudy,1,1,0,0,25,346.0,498.0,306.0,467.1428571428572,413.57142857142856,418.6333333333333,581.0,583,-0.433883739117558,-0.9009688679024191,0.8660254037844386,0.5000000000000001,82,0.9873494423939864,0.15855938510313478,0.992708874098054,0.120536680255323,0,Autumn,1,0,0,0,1,1,0,0,0,446,0,0,0,0,0,1,2,442.0,441.0,419.0,498.0,457.0,668.0,304.0,565.0,434.0,12.999999999991049,442.0,419.0,433.2857142857143,60.309519109657934,549.0,346.0,407.5,80.82911699286338,549.0,238.0,409.4,106.63104290189014,668.0,198.0,448.76666666666665,139.85505410313968,803.0,198.0,463.34444444444443,145.72678461870277,803.0,198.0,428.67796377680725,414.3365991860543,419.1660659461349,346.0,498.0,457.0,668.0,492.25,6.369900982828227
2024-03-23,2024,3,23,5,Saturday,12,1,0,0,16.5,0.5,Cloudy,1,1,0,0,25,416.0,470.0,426.0,474.0,413.1428571428572,419.9,648.0,464,-0.9749279121818236,-0.2225209339563146,0.8660254037844386,0.5000000000000001,83,0.989932495087353,0.141540295217043,0.992708874098054,0.120536680255323,1,Autumn,1,0,0,0,1,1,0,0,0,447,0,0,1,0,0,1,2,583.0,442.0,441.0,470.0,507.0,535.0,554.0,788.0,488.6666666666667,81.69659315622118,583.0,441.0,467.14285714285717,69.03484282454521,583.0,416.0,413.57142857142856,90.73521433753805,583.0,238.0,418.6333333333333,109.32756327639399,668.0,198.0,453.4166666666667,139.5981267984988,803.0,198.0,463.5444444444444,145.88013866331968,803.0,198.0,467.25847283260543,436.82505262791375,429.73599717541657,416.0,470.0,507.0,535.0,482.0,6.142037405587356
2024-03-24,2024,3,24,6,Sunday,12,1,0,0,11.0,0.3,Sunny,1,1,0,0,25,420.0,425.0,668.0,501.8571428571428,426.7142857142857,418.1333333333333,557.0,615,-0.7818314824680299,0.6234898018587334,0.8660254037844386,0.5000000000000001,84,0.9922222094179323,0.12447926388678915,0.992708874098054,0.120536680255323,1,Autumn,1,0,0,0,3,0,0,0,1,448,0,0,1,1,0,1,2,464.0,583.0,442.0,425.0,412.0,599.0,397.0,758.0,496.3333333333333,75.85732221304104,583.0,442.0,474.0,65.39622822966788,583.0,419.0,413.14285714285717,90.46194026972054,583.0,238.0,419.9,109.63555615042823,668.0,198.0,451.9166666666667,138.98119512678718,803.0,198.0,459.94444444444446,141.72186410904192,803.0,198.0,466.44385462445405,440.4483789441919,431.9465780028091,420.0,425.0,412.0,599.0,464.0,6.423246963533519
2024-03-25,2024,3,25,0,Monday,13,1,0,0,21.0,3.9,Cloudy,1,0,0,1,20,549.0,408.0,535.0,491.4285714285714,431.57142857142856,416.1666666666667,856.0,476,0.0,1.0,0.8660254037844386,0.5000000000000001,85,0.994217906893952,0.10738134666416309,1.0,-1.6081226496766364e-16,0,Autumn,1,0,0,0,1,1,0,0,0,449,0,0,0,0,0,1,2,615.0,464.0,583.0,408.0,302.0,408.0,269.0,783.0,554.0,79.56758133812929,615.0,464.0,501.85714285714283,78.73251884583455,615.0,419.0,426.7142857142857,105.39699935257808,615.0,238.0,418.1333333333333,105.86189224591143,615.0,198.0,455.55,140.3638643197732,803.0,198.0,458.35555555555555,139.1204563437143,803.0,198.0,503.5828909683405,463.7219284182997,443.75647619617627,549.0,408.0,302.0,408.0,416.75,6.1675164908883415
2024-03-26,2024,3,26,1,Tuesday,13,1,0,0,16.0,1.4,Cloudy,1,0,0,0,25,419.0,297.0,599.0,480.2857142857143,434.7142857142857,407.56666666666666,263.0,341,0.7818314824680298,0.6234898018587336,0.8660254037844386,0.5000000000000001,86,0.995918996147179,0.09025161003104117,1.0,-1.6081226496766364e-16,0,Autumn,1,0,0,0,1,1,0,0,0,450,0,0,0,0,0,1,1,476.0,615.0,464.0,297.0,306.0,233.0,606.0,591.0,518.3333333333334,83.93052682625755,615.0,464.0,491.42857142857144,76.24272018332334,615.0,419.0,431.57142857142856,106.03316918319875,615.0,238.0,416.1666666666667,104.15011822574515,615.0,198.0,459.0,138.22862417883252,803.0,198.0,454.94444444444446,134.7665781518788,803.0,198.0,496.6871682262554,465.3590046291931,445.83670353835845,419.0,297.0,306.0,233.0,313.75,5.834810737062605
2024-03-27,2024,3,27,2,Wednesday,13,1,0,0,13.7,2.2,Cloudy,1,0,0,0,25,441.0,336.0,408.0,457.2857142857143,430.7142857142857,403.3,310.0,280,0.9749279121818236,-0.22252093395631434,0.8660254037844386,0.5000000000000001,87,0.9973249731081555,0.07309512989807777,1.0,-1.6081226496766364e-16,0,Autumn,1,0,0,0,1,1,0,0,0,451,0,0,0,0,0,1,1,341.0,476.0,615.0,336.0,198.0,382.0,793.0,407.0,477.3333333333333,137.00486609362866,615.0,341.0,480.2857142857143,92.54857154617918,615.0,341.0,434.7142857142857,102.32484364206726,615.0,238.0,407.56666666666666,99.05995514153832,615.0,198.0,454.5833333333333,137.6846423333529,803.0,198.0,452.1666666666667,134.5069439751272,803.0,198.0,457.76537616969154,448.7778040119674,439.07304524556116,441.0,336.0,198.0,382.0,339.25,5.638354669333745
2024-03-28,2024,3,28,3,Thursday,13,1,0,0,16.0,0.5,Cloudy,1,0,0,0,25,442.0,238.0,233.0,439.7142857142857,436.5,406.1666666666667,359.0,319,0.43388373911755823,-0.900968867902419,0.8660254037844386,0.5000000000000001,88,0.9984354211555643,0.055916990100603484,1.0,-1.6081226496766364e-16,0,Autumn,1,0,0,0,1,1,0,0,0,452,0,0,0,0,0,1,1,280.0,341.0,476.0,238.0,466.0,372.0,569.0,613.0,365.6666666666667,100.30121302024754,476.0,280.0,457.2857142857143,119.90234121388771,615.0,280.0,430.7142857142857,107.44689462629921,615.0,238.0,403.3,101.7604184278966,615.0,198.0,446.03333333333336,132.12949050036877,803.0,198.0,450.75555555555553,135.64745375554224,803.0,198.0,413.32403212726865,426.27409681037176,428.8102681329443,442.0,238.0,466.0,372.0,379.5,5.768320995793772
2024-03-29,2024,3,29,4,Friday,13,1,1,0,17.8,2.8,Cloudy,1,0,0,1,20,583.0,346.0,382.0,451.4285714285714,459.2857142857143,415.6,390.0,665,-0.433883739117558,-0.9009688679024191,0.8660254037844386,0.5000000000000001,89,0.9992500112396835,0.03872228089217446,1.0,-1.6081226496766364e-16,0,Autumn,1,0,0,0,1,1,0,0,0,453,0,0,0,0,0,1,3,319.0,280.0,341.0,346.0,498.0,457.0,435.0,756.0,313.3333333333333,30.892285984255885,341.0,280.0,439.7142857142857,131.0136306976169,615.0,280.0,436.5,98.04061167935167,615.0,280.0,406.1666666666667,97.93702527410224,615.0,198.0,441.8666666666667,132.127887030231,803.0,198.0,447.4888888888889,135.2358110644407,803.0,198.0,389.74302409545146,411.97088390232216,421.7257347050124,583.0,346.0,498.0,457.0,471.0,6.501289670540389
2024-03-30,2024,3,30,5,Saturday,13,1,1,0,16.1,2.9,Cloudy,1,0,0,0,25,464.0,416.0,372.0,492.8571428571428,483.4285714285714,428.3333333333333,438.0,754,-0.9749279121818236,-0.2225209339563146,0.8660254037844386,0.5000000000000001,90,0.9997685019798909,0.021516097436222254,1.0,-1.6081226496766364e-16,1,Autumn,1,0,0,0,1,1,0,0,0,454,1,0,1,0,0,1,2,665.0,319.0,280.0,416.0,470.0,507.0,317.0,445.0,421.3333333333333,211.92058260898847,665.0,280.0,451.42857142857144,148.46420123255024,665.0,280.0,459.2857142857143,111.53090539013294,665.0,280.0,415.6,108.58005151134718,665.0,198.0,445.7,135.22539877765678,803.0,198.0,446.47777777777776,133.2285548042569,803.0,198.0,458.5572680715886,445.70809938201256,437.42084859501165,464.0,416.0,470.0,507.0,464.25,6.626717749249025
2024-03-31,2024,3,31,6,Sunday,13,1,1,0,9.7,0.7,Cloudy,1,0,0,0,25,615.0,420.0,457.0,544.2857142857143,523.0714285714286,445.6,848.0,975,-0.7818314824680299,0.6234898018587334,0.8660254037844386,0.5000000000000001,91,0.9999907397361901,0.004303538296244289,1.0,-1.6081226496766364e-16,1,Autumn,1,0,0,0,1,1,0,0,0,455,1,0,1,0,0,1,2,754.0,665.0,319.0,420.0,425.0,412.0,343.0,474.0,579.3333333333334,229.80498979206953,754.0,319.0,492.85714285714283,187.80613104247428,754.0,280.0,483.42857142857144,135.4568987854491,754.0,280.0,428.3333333333333,124.51958254339563,754.0,198.0,452.98333333333335,139.86500654737483,803.0,198.0,449.9111111111111,137.1148656857086,803.0,198.0,532.4179510536915,486.8136861310776,457.84530997597864,615.0,420.0,425.0,412.0,468.0,6.883462586413092
2024-04-01,2024,4,1,0,Monday,14,2,1,1,19.1,1.1,Cloudy,0,0,0,0,25,476.0,549.0,507.0,534.7142857142857,513.0714285714286,442.3333333333333,449.0,409,0.0,1.0,1.0,6.123233995736766e-17,92,0.9999166586547379,-0.01291029607500882,0.992708874098054,-0.12053668025532288,0,Autumn,1,0,0,0,1,1,0,0,0,456,0,0,0,0,0,1,2,975.0,754.0,665.0,549.0,408.0,302.0,443.0,299.0,798.0,159.61516218705523,975.0,665.0,544.2857142857143,261.615311915361,975.0,280.0,523.0714285714286,186.90781943790637,975.0,280.0,445.6,159.60373342794284,975.0,198.0,463.51666666666665,154.47664424054284,975.0,198.0,455.47777777777776,147.85326979226596,975.0,198.0,643.0634632902686,551.905194646934,491.21012868720584,476.0,549.0,408.0,302.0,433.75,6.016157159698354
2024-04-02,2024,4,2,1,Tuesday,14,2,0,1,20.6,0.5,Cloudy,0,0,0,0,25,341.0,419.0,412.0,531.4285714285714,505.8571428571428,439.2,519.0,318,0.7818314824680298,0.6234898018587336,1.0,6.123233995736766e-17,93,0.9995462806873573,-0.030120304846908114,0.992708874098054,-0.12053668025532288,0,Autumn,1,0,0,0,1,1,0,0,0,457,0,0,0,0,0,1,1,409.0,975.0,754.0,419.0,297.0,306.0,487.0,279.0,712.6666666666666,285.25485680936833,975.0,409.0,534.7142857142857,265.72336134014444,975.0,280.0,513.0714285714286,189.1456354996632,975.0,280.0,442.3333333333333,159.3063267642762,975.0,198.0,462.95,154.6154798529873,975.0,198.0,456.7,146.99739736288052,975.0,198.0,584.5475974677015,532.8511686940095,485.9062494170635,341.0,419.0,297.0,306.0,340.75,5.765191102784844
2024-04-03,2024,4,3,2,Wednesday,14,2,0,1,18.1,7.5,Rainy,0,0,1,0,25,280.0,441.0,302.0,530.5714285714286,493.9285714285714,438.26666666666665,333.0,274,0.9749279121818236,-0.22252093395631434,1.0,6.123233995736766e-17,94,0.9988797155850336,-0.04732138832243185,0.992708874098054,-0.12053668025532288,0,Autumn,1,0,0,0,0,0,0,1,0,458,0,0,0,0,0,1,2,318.0,409.0,975.0,441.0,336.0,198.0,735.0,325.0,567.3333333333334,355.96956798767667,975.0,318.0,531.4285714285714,268.64403780396697,975.0,280.0,505.85714285714283,194.8497871706294,975.0,280.0,439.2,160.84055072841736,975.0,198.0,460.1333333333333,155.70544406260976,975.0,198.0,457.1333333333333,146.52439302999656,975.0,198.0,517.9106981007761,504.2043462014749,475.07358816434976,280.0,441.0,336.0,198.0,313.75,5.616771097666572
2024-04-04,2024,4,4,3,Thursday,14,2,0,1,10.9,2.1,Cloudy,0,0,0,0,25,319.0,442.0,306.0,542.8571428571429,491.2857142857143,441.56666666666666,355.0,405,0.43388373911755823,-0.900968867902419,1.0,6.123233995736766e-17,95,0.9979171608653922,-0.06450844944931623,0.992708874098054,-0.12053668025532288,0,Autumn,1,0,0,0,1,1,0,0,0,459,0,0,0,0,0,1,1,274.0,318.0,409.0,442.0,238.0,466.0,803.0,340.0,333.6666666666667,68.8500786733977,409.0,274.0,530.5714285714286,269.5878688806661,975.0,274.0,493.92857142857144,204.02166713204912,975.0,274.0,438.26666666666665,161.74286390128134,975.0,198.0,452.45,153.26717837195844,975.0,198.0,456.56666666666666,147.1384771590153,975.0,198.0,456.93302357558207,473.5104333746116,462.1010986053595,319.0,442.0,238.0,466.0,366.25,6.0063531596017325
2024-04-05,2024,4,5,4,Friday,14,2,0,1,14.7,5.5,Rainy,0,0,1,1,20,665.0,583.0,198.0,495.7142857142857,473.57142857142856,446.1333333333333,383.0,335,-0.433883739117558,-0.9009688679024191,1.0,6.123233995736766e-17,96,0.9966589017541702,-0.08167639533042241,0.992708874098054,-0.12053668025532288,0,Autumn,1,0,0,0,0,0,0,1,0,460,0,0,0,0,0,1,3,405.0,274.0,318.0,583.0,346.0,498.0,338.0,601.0,332.3333333333333,66.66583332812286,405.0,274.0,542.8571428571429,260.13293304989867,975.0,274.0,491.2857142857143,204.98346221151542,975.0,274.0,441.56666666666666,159.9512174196336,975.0,198.0,445.81666666666666,146.29231147083655,975.0,198.0,457.2888888888889,146.71881265712153,975.0,198.0,443.9497676816866,464.3757089246634,458.41715675985245,665.0,583.0,346.0,498.0,523.0,5.817111159963204
2024-04-06,2024,4,6,5,Saturday,14,2,0,1,15.5,0.7,Cloudy,0,0,0,0,25,754.0,464.0,466.0,440.2857142857143,466.57142857142856,442.8,810.0,366,-0.9749279121818236,-0.2225209339563146,1.0,6.123233995736766e-17,97,0.9951053111006976,-0.09882013873287143,0.992708874098054,-0.12053668025532288,1,Autumn,1,0,0,0,1,1,0,0,0,461,0,1,0,0,0,1,1,335.0,405.0,274.0,464.0,416.0,470.0,481.0,419.0,338.0,65.55150646628746,405.0,274.0,495.7142857142857,264.17905183524977,975.0,274.0,473.57142857142856,207.15238325954604,975.0,274.0,446.1333333333333,154.62451367711708,975.0,238.0,445.76666666666665,146.33029352208627,975.0,198.0,454.3333333333333,146.47030607531914,975.0,198.0,416.71232576126494,447.125614401375,450.4547595495394,754.0,464.0,416.0,470.0,526.0,5.905361848054571
2024-04-07,2024,4,7,6,Sunday,14,2,0,1,17.9,3.0,Cloudy,0,0,0,0,25,975.0,615.0,498.0,364.4285714285714,454.3571428571428,441.0,818.0,444,-0.7818314824680299,0.6234898018587334,1.0,6.123233995736766e-17,98,0.9932568492674143,-0.11593459959550041,0.992708874098054,-0.12053668025532288,1,Autumn,1,0,0,0,1,1,0,0,0,462,0,1,0,0,0,1,1,366.0,335.0,405.0,615.0,420.0,425.0,426.0,395.0,368.6666666666667,35.076107727812115,405.0,335.0,440.2857142857143,240.60736639160672,975.0,274.0,466.57142857142856,209.14688040326476,975.0,274.0,442.8,155.25804993289535,975.0,238.0,443.85,146.6138505955038,975.0,198.0,453.74444444444447,146.72029195006576,975.0,198.0,404.0342443209487,436.308865814525,445.00606538505303,975.0,615.0,420.0,425.0,608.75,6.09807428216624
2024-04-08,2024,4,8,0,Monday,15,2,0,1,18.2,2.9,Cloudy,0,0,0,0,25,409.0,476.0,470.0,356.57142857142856,445.6428571428572,437.1333333333333,1090.0,354,0.0,1.0,1.0,6.123233995736766e-17,99,0.9911140639934547,-0.1330147065341959,0.9709418174260521,-0.2393156642875575,0,Autumn,1,0,0,0,1,1,0,0,0,463,0,0,0,0,0,1,1,444.0,366.0,335.0,476.0,549.0,408.0,500.0,279.0,381.6666666666667,56.1634519356947,444.0,335.0,364.42857142857144,59.39376269962278,444.0,274.0,454.35714285714283,204.7589979774935,975.0,274.0,441.0,154.90864938786447,975.0,238.0,444.15,146.59512154576285,975.0,198.0,454.2888888888889,146.5907123722634,975.0,198.0,414.0256832407115,437.33435037258835,444.94115794085604,409.0,476.0,549.0,408.0,460.5,5.872117789475416
2024-04-09,2024,4,9,1,Tuesday,15,2,0,1,12.6,2.4,Cloudy,0,0,0,0,25,318.0,341.0,425.0,352.85714285714283,442.1428571428572,432.7,576.0,292,0.7818314824680298,0.6234898018587336,1.0,6.123233995736766e-17,100,0.9886775902323405,-0.1500553983446526,0.9709418174260521,-0.2393156642875575,0,Autumn,1,0,0,0,1,1,0,0,0,464,0,0,0,0,0,1,1,354.0,444.0,366.0,341.0,419.0,297.0,328.0,363.0,388.0,48.86716689148,444.0,354.0,356.57142857142856,56.05906748795503,444.0,274.0,445.64285714285717,206.35690036843997,975.0,274.0,437.1333333333333,155.60598635176493,975.0,238.0,441.71666666666664,146.86383543334324,975.0,198.0,455.1222222222222,145.79405420728642,975.0,198.0,399.0192624305336,426.2231036562432,439.0739864608008,318.0,341.0,419.0,297.0,343.75,5.680172609017068
2024-04-10,2024,4,10,2,Wednesday,15,2,0,1,15.8,6.7,Rainy,0,0,0,0,25,274.0,280.0,408.0,341.7142857142857,436.1428571428572,425.6333333333333,337.0,196,0.9749279121818236,-0.22252093395631434,1.0,6.123233995736766e-17,101,0.9859481499638304,-0.16705162550211924,0.9709418174260521,-0.2393156642875575,0,Autumn,1,0,0,0,0,0,0,1,0,465,0,0,0,0,0,1,1,292.0,354.0,444.0,280.0,441.0,336.0,428.0,329.0,363.3333333333333,76.4286159323396,444.0,292.0,352.85714285714283,59.778559621960085,444.0,274.0,442.14285714285717,208.67083285288436,975.0,274.0,432.7,157.84216254176823,975.0,238.0,441.1166666666667,147.4088160170485,975.0,198.0,454.3333333333333,146.48856227161357,975.0,198.0,372.2644468229002,408.3266898354108,429.58534217300723,274.0,280.0,441.0,336.0,332.75,5.2832037287379885
2024-04-11,2024,4,11,3,Thursday,15,2,0,1,17.3,1.0,Cloudy,0,0,0,0,25,405.0,319.0,297.0,333.57142857142856,438.2142857142857,427.3333333333333,489.0,348,0.43388373911755823,-0.900968867902419,1.0,6.123233995736766e-17,102,0.9829265519799822,-0.18399835165768005,0.9709418174260521,-0.2393156642875575,0,Autumn,1,0,0,0,1,1,0,0,0,466,0,0,0,0,0,1,1,196.0,292.0,354.0,319.0,442.0,238.0,493.0,330.0,280.6666666666667,79.6073698430806,354.0,196.0,341.7142857142857,80.57856266963812,444.0,196.0,436.14285714285717,214.80898747236117,975.0,196.0,425.6333333333333,163.62583122379567,975.0,196.0,437.25,150.76332613893408,975.0,196.0,452.85555555555555,148.42518344657176,975.0,196.0,328.19833511717513,380.0164645240227,414.5153200973294,405.0,319.0,442.0,238.0,351.0,5.855071922202427
2024-04-12,2024,4,12,4,Friday,15,2,0,1,21.3,0.3,Sunny,0,0,0,1,20,335.0,665.0,336.0,377.0,436.3571428571428,437.4333333333333,975.0,639,-0.433883739117558,-0.9009688679024191,1.0,6.123233995736766e-17,103,0.9796136916454901,-0.20089055513063506,0.9709418174260521,-0.2393156642875575,0,Autumn,1,0,0,0,3,0,0,0,1,467,0,0,0,0,0,1,2,348.0,196.0,292.0,665.0,583.0,346.0,315.0,601.0,278.6666666666667,76.87218829546234,348.0,196.0,333.57142857142856,75.85920542438521,444.0,196.0,438.2142857142857,213.72958420591914,975.0,196.0,427.3333333333333,162.50439428187613,975.0,196.0,434.8333333333333,151.0164618556946,975.0,196.0,453.05555555555554,148.26982396673304,975.0,196.0,333.1487513378813,375.7476025874863,410.2240091233081,335.0,665.0,583.0,346.0,482.25,6.461468176353717
2024-04-13,2024,4,13,5,Saturday,15,2,0,1,18.3,2.2,Cloudy,0,0,0,0,25,366.0,754.0,238.0,380.0,410.1428571428572,442.4,389.0,387,-0.9749279121818236,-0.2225209339563146,1.0,6.123233995736766e-17,104,0.9760105506323683,-0.21772323039653177,0.9709418174260521,-0.2393156642875575,1,Autumn,1,0,0,0,1,1,0,0,0,468,0,1,0,0,0,1,1,639.0,348.0,196.0,754.0,464.0,416.0,360.0,527.0,394.3333333333333,225.10516061017594,639.0,196.0,377.0,138.20877926769606,639.0,196.0,436.35714285714283,211.7108358633963,975.0,196.0,437.43333333333334,166.01032027190814,975.0,196.0,440.23333333333335,152.44486268219117,975.0,196.0,453.47777777777776,148.74918394849513,975.0,196.0,409.611563503411,410.84792224248815,424.9837504701915,366.0,754.0,464.0,416.0,500.0,5.961005339623274
2024-04-14,2024,4,14,6,Sunday,15,2,0,1,18.7,2.6,Cloudy,0,0,0,0,25,444.0,975.0,346.0,380.0,372.2142857142857,445.6666666666667,834.0,444,-0.7818314824680299,0.6234898018587334,1.0,6.123233995736766e-17,105,0.9721181966290613,-0.23449138957040985,0.9709418174260521,-0.2393156642875575,1,Autumn,1,0,0,0,1,1,0,0,0,469,0,1,0,0,0,1,1,387.0,639.0,348.0,975.0,615.0,420.0,615.0,451.0,458.0,157.95885540228448,639.0,348.0,380.0,138.15812197140903,639.0,196.0,410.14285714285717,191.0694022692183,975.0,196.0,442.4,162.01885799136932,975.0,196.0,440.68333333333334,152.24372650420455,975.0,196.0,451.9222222222222,148.70370417530154,975.0,196.0,403.95867262755826,407.6681992768231,422.5331859237276,444.0,975.0,615.0,420.0,613.5,6.09807428216624
2024-04-15,2024,4,15,0,Monday,16,2,0,1,15.8,1.7,Cloudy,0,0,0,0,25,354.0,409.0,416.0,378.2857142857143,367.4285714285714,443.2,550.0,342,0.0,1.0,1.0,6.123233995736766e-17,106,0.9679377830240642,-0.25119006388481935,0.9350162426854148,-0.35460488704253545,0,Autumn,1,0,0,0,1,1,0,0,0,470,0,0,0,0,0,1,1,444.0,387.0,639.0,409.0,476.0,549.0,322.0,418.0,490.0,132.14764470091714,639.0,387.0,380.0,138.15812197140903,639.0,196.0,372.2142857142857,102.48465443959992,639.0,196.0,445.6666666666667,160.99289625222,975.0,196.0,437.8333333333333,150.51596758209797,975.0,196.0,451.84444444444443,148.7060225699155,975.0,196.0,413.96900447066866,412.51243937324665,423.9181416705839,354.0,409.0,476.0,549.0,447.0,5.83773044716594
2024-04-16,2024,4,16,1,Tuesday,16,2,0,1,21.1,0.5,Cloudy,0,0,1,0,25,292.0,318.0,420.0,398.8571428571428,375.8571428571428,443.73333333333335,384.0,436,0.7818314824680298,0.6234898018587336,1.0,6.123233995736766e-17,107,0.9634705485641488,-0.2678143051621742,0.9350162426854148,-0.35460488704253545,0,Autumn,1,0,0,0,1,1,0,0,0,471,0,0,0,0,0,1,2,342.0,444.0,387.0,318.0,341.0,419.0,586.0,472.0,391.0,51.11751167652597,444.0,342.0,378.2857142857143,138.60821799315565,639.0,196.0,367.42857142857144,102.19868604131482,639.0,196.0,443.2,162.02669001081884,975.0,196.0,438.1666666666667,150.27705111025938,975.0,196.0,451.0,149.11559500654926,975.0,196.0,395.9767533530015,403.11078079014715,418.6331002724817,292.0,318.0,341.0,419.0,342.5,6.07993319509559
2024-04-17,2024,4,17,2,Wednesday,16,2,0,1,17.1,1.4,Cloudy,0,0,0,0,25,196.0,274.0,549.0,413.1428571428572,377.4285714285714,435.3,350.0,296,0.9749279121818236,-0.22252093395631434,1.0,6.123233995736766e-17,108,0.9587178169872964,-0.2843591872810034,0.9350162426854148,-0.35460488704253545,0,Autumn,1,0,0,0,1,1,0,0,0,472,0,0,0,0,0,1,1,436.0,342.0,444.0,274.0,280.0,441.0,662.0,376.0,407.3333333333333,56.721542057080164,444.0,342.0,398.85714285714283,134.2862968579058,639.0,196.0,375.85714285714283,102.67338591779271,639.0,196.0,443.73333333333335,161.9740152283548,975.0,196.0,435.6666666666667,149.01844575468257,975.0,196.0,450.6,149.10691436050936,975.0,196.0,405.9825650147511,407.49601001812755,419.7535454161926,196.0,274.0,280.0,441.0,297.75,5.6937321388027
2024-04-18,2024,4,18,3,Thursday,16,2,0,1,12.1,0.7,Cloudy,0,0,0,0,25,348.0,405.0,419.0,406.1428571428572,369.8571428571428,431.3,251.0,299,0.43388373911755823,-0.900968867902419,1.0,6.123233995736766e-17,109,0.9536809966304457,-0.30081980763566735,0.9350162426854148,-0.35460488704253545,0,Autumn,1,0,0,0,1,1,0,0,0,473,0,0,0,0,0,1,1,296.0,436.0,342.0,405.0,319.0,442.0,765.0,560.0,358.0,71.35825109964333,436.0,296.0,413.14285714285717,112.69195264292956,639.0,296.0,377.42857142857144,101.15161072196612,639.0,196.0,435.3,162.88797716052645,975.0,196.0,429.56666666666666,147.07491077179378,975.0,196.0,449.7111111111111,149.793509140997,975.0,196.0,378.48692376106334,392.6298753490439,411.7694457119222,348.0,405.0,319.0,442.0,378.5,5.703782474656201
2024-04-19,2024,4,19,4,Friday,16,2,0,0,21.1,1.1,Cloudy,0,0,0,0,25,639.0,335.0,441.0,364.1428571428572,370.57142857142856,428.1,316.0,345,-0.433883739117558,-0.9009688679024191,1.0,6.123233995736766e-17,110,0.9483615800121715,-0.3171912885891061,0.9350162426854148,-0.35460488704253545,0,Autumn,1,0,0,0,1,1,0,0,0,474,0,0,0,0,0,0,0,299.0,296.0,436.0,335.0,665.0,583.0,334.0,591.0,343.6666666666667,79.97708005005603,436.0,296.0,406.14285714285717,118.77068742108162,639.0,296.0,369.85714285714283,102.88145317108042,639.0,196.0,431.3,164.76464928853014,975.0,196.0,421.8,141.25008474573738,975.0,196.0,446.81111111111113,150.1603558181241,975.0,196.0,358.6151928207975,380.14589196917143,404.4939976014756,639.0,335.0,665.0,583.0,555.5,5.846438775057724
2024-04-20,2024,4,20,5,Saturday,16,2,0,0,18.3,2.1,Cloudy,0,0,0,0,25,387.0,366.0,442.0,350.2857142857143,365.1428571428572,423.03333333333336,492.0,290,-0.9749279121818236,-0.2225209339563146,1.0,6.123233995736766e-17,111,0.9427611433904207,-0.3334687789181868,0.9350162426854148,-0.35460488704253545,1,Autumn,1,0,0,0,1,1,0,0,0,475,0,0,0,0,0,0,0,345.0,299.0,296.0,366.0,754.0,464.0,636.0,640.0,313.3333333333333,27.46512940681423,345.0,296.0,364.14285714285717,60.28661700971656,444.0,296.0,370.57142857142856,102.65529645424877,639.0,196.0,428.1,165.50035941204828,975.0,196.0,421.98333333333335,141.14129135123363,975.0,196.0,444.0777777777778,149.7445936281135,975.0,196.0,355.2113946155981,375.4597730399486,400.65567517557395,387.0,366.0,754.0,464.0,492.75,5.673323267171493
2024-04-21,2024,4,21,6,Sunday,16,2,0,0,13.7,2.7,Cloudy,0,0,1,0,25,444.0,444.0,583.0,343.2857142857143,361.6428571428572,416.76666666666665,382.0,395,-0.7818314824680299,0.6234898018587334,1.0,6.123233995736766e-17,112,0.9368813462954315,-0.3496474552512284,0.9350162426854148,-0.35460488704253545,1,Autumn,1,0,0,0,1,1,0,0,0,476,0,0,0,0,0,1,1,290.0,345.0,299.0,444.0,975.0,615.0,306.0,304.0,311.3333333333333,29.50141239556253,345.0,290.0,350.2857142857143,65.11199143453895,444.0,290.0,365.14285714285717,104.90058087604505,639.0,196.0,423.03333333333336,167.37619888748492,975.0,196.0,416.21666666666664,139.30530933542906,975.0,196.0,440.18888888888887,149.1428614905284,975.0,196.0,338.90854596169856,364.06513663462215,393.516599357795,444.0,444.0,975.0,615.0,619.5,5.981414211254481
2024-04-22,2024,4,22,0,Monday,17,2,0,0,13.6,0.5,Cloudy,0,0,0,1,20,342.0,354.0,464.0,328.1428571428572,353.2142857142857,409.1666666666667,455.0,236,0.0,1.0,1.0,6.123233995736766e-17,113,0.9307239310379795,-0.36572252349726897,0.8854560256532099,-0.4647231720437685,0,Autumn,1,0,0,0,1,1,0,0,0,477,0,0,0,0,0,0,1,395.0,290.0,345.0,354.0,409.0,476.0,426.0,554.0,343.3333333333333,52.51983752195996,395.0,290.0,343.2857142857143,55.24404729837236,436.0,290.0,361.64285714285717,102.86481580049674,639.0,196.0,416.76666666666665,164.67809421001812,975.0,196.0,417.7,138.5837934125423,975.0,196.0,441.2,148.5163479822253,975.0,196.0,352.9314094712739,368.18978508333925,393.61230262503403,342.0,354.0,409.0,476.0,395.25,5.4680601411351315
2024-04-23,2024,4,23,1,Tuesday,17,2,0,0,16.7,1.0,Cloudy,0,0,0,0,25,436.0,292.0,615.0,301.57142857142856,350.2142857142857,397.0,364.0,250,0.7818314824680298,0.6234898018587336,1.0,6.123233995736766e-17,114,0.9242907221930934,-0.3816892202666588,0.8854560256532099,-0.4647231720437685,0,Autumn,1,0,0,0,1,1,0,0,0,478,0,0,0,0,0,0,0,236.0,395.0,290.0,292.0,318.0,341.0,668.0,397.0,307.0,80.85171612278687,395.0,236.0,328.14285714285717,68.5746031011206,436.0,236.0,353.2142857142857,108.23349301851434,639.0,196.0,409.1666666666667,167.65730304513352,975.0,196.0,414.53333333333336,140.54777421275026,975.0,196.0,437.6666666666667,149.58151360874464,975.0,196.0,323.6985571034554,350.5644804055607,383.4437669718061,436.0,292.0,318.0,341.0,346.75,5.5254529391317835
2024-04-24,2024,4,24,2,Wednesday,17,2,0,0,17.4,0.6,Cloudy,0,0,0,0,25,296.0,196.0,476.0,291.1428571428572,352.1428571428572,388.56666666666666,356.0,223,0.9749279121818236,-0.22252093395631434,1.0,6.123233995736766e-17,115,0.9175836260593937,-0.39754281428255595,0.8854560256532099,-0.4647231720437685,0,Autumn,1,0,0,0,1,1,0,0,0,479,0,0,0,0,0,0,0,250.0,236.0,395.0,196.0,274.0,280.0,535.0,269.0,293.6666666666667,88.03597749405091,395.0,236.0,301.57142857142856,54.383996245394265,395.0,236.0,350.2142857142857,110.6165786513362,639.0,196.0,397.0,165.43422487085496,975.0,196.0,407.56666666666666,138.1095569376506,975.0,196.0,436.03333333333336,150.82793604679057,975.0,196.0,305.27391782759156,337.15588301815257,374.8344916833025,296.0,196.0,274.0,280.0,261.5,5.4116460518550396
2024-04-25,2024,4,25,3,Thursday,17,2,1,0,16.3,0.4,Partly Cloudy,0,0,0,0,25,299.0,348.0,341.0,314.0,360.07142857142856,392.5,276.0,459,0.43388373911755823,-0.900968867902419,1.0,6.123233995736766e-17,116,0.9106046300942163,-0.4132786077829042,0.8854560256532099,-0.4647231720437685,0,Autumn,1,0,0,0,2,0,1,0,0,480,0,0,0,0,0,1,1,223.0,250.0,236.0,348.0,405.0,319.0,599.0,606.0,236.33333333333334,13.503086067007182,250.0,223.0,291.14285714285717,62.084427922597406,395.0,223.0,352.14285714285717,107.92366044346467,639.0,223.0,388.56666666666666,167.7012292705408,975.0,196.0,402.3666666666667,139.10025242963698,975.0,196.0,435.52222222222224,151.4768664636876,975.0,196.0,284.7054383706937,321.9350986157323,365.0387180263152,299.0,348.0,405.0,319.0,342.75,6.131226489483141
2024-04-26,2024,4,26,4,Friday,17,2,0,0,16.7,3.1,Cloudy,0,0,0,0,25,345.0,639.0,280.0,304.2857142857143,334.2142857142857,392.4,366.0,277,-0.433883739117558,-0.9009688679024191,1.0,6.123233995736766e-17,117,0.9033558023246845,-0.4288919379124835,0.8854560256532099,-0.4647231720437685,0,Autumn,1,0,0,0,1,1,0,0,0,481,0,0,0,0,0,0,0,459.0,223.0,250.0,639.0,335.0,665.0,408.0,793.0,310.6666666666667,129.16784945694906,459.0,223.0,314.0,89.054290557315,459.0,223.0,360.07142857142856,111.6102175400642,639.0,223.0,392.5,167.9307636477315,975.0,196.0,400.03333333333336,136.90278211713763,975.0,196.0,433.8888888888889,150.4067477302678,975.0,196.0,328.2790787780203,340.2104188003013,371.1007362181659,345.0,639.0,335.0,665.0,496.0,5.627621113690637
2024-04-27,2024,4,27,5,Saturday,17,2,0,0,22.3,4.8,Cloudy,0,0,0,0,25,290.0,387.0,319.0,310.42857142857144,330.35714285714283,392.8666666666667,341.0,333,-0.9749279121818236,-0.2225209339563146,1.0,6.123233995736766e-17,118,0.895839290734909,-0.4443781781046132,0.8854560256532099,-0.4647231720437685,1,Autumn,1,0,0,0,1,1,0,0,0,482,0,0,0,0,0,0,0,277.0,459.0,223.0,387.0,366.0,754.0,233.0,569.0,319.6666666666667,123.65004380643404,459.0,223.0,304.2857142857143,88.81763016750357,459.0,223.0,334.2142857142857,79.26506512613419,459.0,223.0,392.4,168.0009441681184,975.0,196.0,397.85,137.8151334830438,975.0,196.0,428.15555555555557,146.34382411441004,975.0,196.0,315.4593090835152,331.78236296026114,365.0297209782842,290.0,387.0,366.0,754.0,449.25,5.8111409929767
2024-04-28,2024,4,28,6,Sunday,17,2,0,0,19.8,0.9,Cloudy,0,0,0,0,25,395.0,444.0,665.0,308.7142857142857,326.0,383.4666666666666,439.0,383,-0.7818314824680299,0.6234898018587334,1.0,6.123233995736766e-17,119,0.8880573226294932,-0.45973273945210397,0.8854560256532099,-0.4647231720437685,1,Autumn,1,0,0,0,1,1,0,0,0,483,0,0,0,0,0,0,0,333.0,277.0,459.0,444.0,444.0,975.0,382.0,435.0,356.3333333333333,93.21659365871015,459.0,277.0,310.42857142857144,89.15128928373608,459.0,223.0,330.35714285714283,77.79915675126901,459.0,223.0,392.8666666666667,167.80936091051453,975.0,196.0,399.51666666666665,136.38498496643174,975.0,196.0,425.53333333333336,145.90547963926497,975.0,196.0,319.84448181263645,331.94471456555965,362.963287366782,395.0,444.0,444.0,975.0,564.5,5.950642552587727
2024-04-29,2024,4,29,0,Monday,18,2,0,0,16.3,2.8,Cloudy,0,0,0,0,25,236.0,342.0,754.0,314.85714285714283,321.5,367.6333333333333,384.0,279,0.0,1.0,1.0,6.123233995736766e-17,120,0.8800122039735357,-0.47495107206704995,0.8229838658936565,-0.5680647467311557,0,Autumn,1,0,0,0,1,1,0,0,0,484,0,0,0,0,0,0,0,383.0,333.0,277.0,342.0,354.0,409.0,372.0,317.0,331.0,53.028294334248855,383.0,277.0,308.7142857142857,87.35123407965172,459.0,223.0,326.0,72.47068372797187,459.0,223.0,383.46666666666664,159.74435035788994,975.0,196.0,399.53333333333336,136.38286917956282,975.0,196.0,424.9555555555556,145.97051503959202,975.0,196.0,335.63336135947736,338.75208595681835,364.255978504409,236.0,342.0,354.0,409.0,335.25,5.634789603169249
2024-04-30,2024,4,30,1,Tuesday,18,2,0,0,19.3,4.5,Cloudy,0,0,0,0,25,250.0,436.0,975.0,314.2857142857143,307.92857142857144,343.3333333333333,196.0,246,0.7818314824680298,0.6234898018587336,1.0,6.123233995736766e-17,121,0.8717063187093219,-0.49002866642905923,0.8229838658936565,-0.5680647467311557,0,Autumn,1,0,0,0,1,1,0,0,0,485,0,0,0,0,0,0,0,279.0,383.0,333.0,436.0,292.0,318.0,457.0,343.0,331.6666666666667,52.012818932769484,383.0,279.0,314.85714285714283,82.77767124740146,459.0,223.0,321.5,73.35136724644467,459.0,223.0,367.6333333333333,144.57153898695756,975.0,196.0,397.98333333333335,137.22695436994056,975.0,196.0,424.53333333333336,146.34077515139117,975.0,196.0,321.475021019608,330.7851411625759,358.7555927944471,250.0,436.0,292.0,318.0,324.0,5.5093883366279774
2024-05-01,2024,5,1,2,Wednesday,18,2,0,0,8.9,3.7,Cloudy,1,0,1,1,20,223.0,296.0,409.0,320.0,305.57142857142856,338.46666666666664,202.0,263,0.9749279121818236,-0.22252093395631434,0.8660254037844387,-0.4999999999999998,122,0.8631421280499114,-0.5049610547215204,0.8229838658936565,-0.5680647467311557,0,Autumn,1,0,0,0,1,1,0,0,0,486,0,0,0,0,1,1,3,246.0,279.0,383.0,296.0,196.0,274.0,507.0,443.0,302.6666666666667,71.50058274820594,383.0,246.0,314.2857142857143,83.31209253106525,459.0,223.0,307.92857142857144,67.91223327627448,459.0,223.0,343.3333333333333,89.88741361523702,639.0,196.0,394.46666666666664,138.3876239527107,975.0,196.0,423.4555555555556,147.3020409258601,975.0,196.0,302.606265764706,319.4804556742325,351.48103842061187,223.0,296.0,196.0,274.0,247.25,5.575949103146316
2024-05-02,2024,5,2,3,Thursday,18,2,0,0,13.2,0.4,Sunny,1,0,0,0,25,459.0,299.0,318.0,299.2857142857143,306.6428571428572,338.3333333333333,133.0,314,0.43388373911755823,-0.900968867902419,0.8660254037844387,-0.4999999999999998,123,0.854322169749827,-0.5197438121555155,0.8229838658936565,-0.5680647467311557,0,Autumn,1,0,0,0,3,0,0,0,1,487,0,0,0,0,0,1,1,263.0,246.0,279.0,299.0,348.0,405.0,412.0,487.0,262.6666666666667,16.502525059305885,279.0,246.0,320.0,77.15136637372893,459.0,246.0,305.57142857142856,68.92327315513441,459.0,223.0,338.46666666666664,90.1614388609187,639.0,196.0,390.4,138.6095846222496,975.0,196.0,421.4555555555556,148.25260564707955,975.0,196.0,292.7046993235295,311.9497282510015,345.7725843289595,459.0,299.0,348.0,405.0,377.75,5.752572638825633
2024-05-03,2024,5,3,4,Friday,18,2,0,0,17.4,6.3,Rainy,1,0,0,0,25,277.0,345.0,274.0,289.7142857142857,297.0,336.2,174.0,210,-0.433883739117558,-0.9009688679024191,0.8660254037844387,-0.4999999999999998,124,0.8452490573530633,-0.5343725582809786,0.8229838658936565,-0.5680647467311557,0,Autumn,1,0,0,0,0,0,0,1,0,488,0,0,0,0,0,1,1,314.0,263.0,246.0,345.0,639.0,335.0,302.0,735.0,274.3333333333333,35.388321990919906,314.0,246.0,299.2857142857143,47.30297483849656,383.0,246.0,306.64285714285717,68.92984967214035,459.0,223.0,338.3333333333333,90.19570038430882,639.0,196.0,388.76666666666665,138.92777866076983,975.0,196.0,419.53333333333336,148.51453225908483,975.0,196.0,298.02852449264714,312.22309781753466,343.72274017870404,277.0,345.0,639.0,335.0,399.0,5.351858133476067
2024-05-04,2024,5,4,5,Saturday,18,2,0,0,11.3,0.9,Cloudy,1,0,0,0,25,333.0,290.0,405.0,289.85714285714283,300.1428571428572,333.8333333333333,266.0,334,-0.9749279121818236,-0.2225209339563146,0.8660254037844387,-0.4999999999999998,125,0.8359254794186372,-0.548842958284719,0.8229838658936565,-0.5680647467311557,1,Autumn,1,0,0,0,1,1,0,0,0,489,0,0,1,0,0,1,1,210.0,314.0,263.0,290.0,387.0,366.0,306.0,803.0,262.3333333333333,52.003205029430816,314.0,210.0,289.7142857142857,58.108273322922216,383.0,210.0,297.0,72.50145887126143,459.0,210.0,336.2,92.4973065777477,639.0,196.0,387.23333333333335,140.40152670311318,975.0,196.0,413.7,146.27805214496726,975.0,196.0,276.02139336948534,298.5933514418634,335.09546661878767,333.0,290.0,387.0,366.0,344.0,5.814130531825066
2024-05-05,2024,5,5,6,Sunday,18,2,0,0,9.5,0.8,Cloudy,1,0,0,0,25,383.0,395.0,335.0,286.2857142857143,297.5,334.6,158.0,358,-0.7818314824680299,0.6234898018587334,0.8660254037844387,-0.4999999999999998,126,0.8263541987239096,-0.5631507242749186,0.8229838658936565,-0.5680647467311557,1,Autumn,1,0,0,0,1,1,0,0,0,490,0,0,1,0,0,1,1,334.0,210.0,314.0,395.0,444.0,444.0,198.0,338.0,286.0,66.57326790837068,334.0,210.0,289.85714285714283,58.233520047674105,383.0,210.0,300.14285714285717,73.12566332938331,459.0,210.0,333.8333333333333,91.58003220599177,639.0,196.0,387.7,140.1732946833059,975.0,196.0,408.4888888888889,140.49313186015561,975.0,196.0,290.516045027114,303.3142379162816,335.02479135305947,383.0,395.0,444.0,444.0,416.5,5.883322388488279
2024-05-06,2024,5,6,0,Monday,19,2,0,0,10.0,0.1,Sunny,1,0,0,0,25,279.0,236.0,366.0,292.7142857142857,303.7857142857143,333.2,245.0,324,0.0,1.0,0.8660254037844387,-0.4999999999999998,127,0.8165380514459161,-0.5772916165517272,0.7485107481711013,-0.663122658240795,0,Autumn,1,0,0,0,3,0,0,0,1,491,0,0,0,0,0,1,1,358.0,334.0,210.0,236.0,342.0,354.0,466.0,481.0,300.6666666666667,79.43131204589936,358.0,210.0,286.2857142857143,52.00228932689502,358.0,210.0,297.5,70.0370780921933,459.0,210.0,334.6,91.68634689470656,639.0,196.0,390.3666666666667,138.00847022232867,975.0,196.0,408.7111111111111,140.39616855462577,975.0,196.0,307.3870337703355,310.6056728607774,336.5070628786686,279.0,236.0,342.0,354.0,302.75,5.783825182329737
2024-05-07,2024,5,7,1,Tuesday,19,2,0,0,8.7,1.3,Cloudy,1,0,0,0,25,246.0,250.0,444.0,277.1428571428572,295.7142857142857,322.96666666666664,253.0,137,0.7818314824680298,0.6234898018587336,0.8660254037844387,-0.4999999999999998,128,0.8064799463209448,-0.5912614448635781,0.7485107481711013,-0.663122658240795,0,Autumn,1,0,0,0,1,1,0,0,0,492,0,0,0,0,0,1,1,324.0,358.0,334.0,250.0,436.0,292.0,498.0,426.0,338.6666666666667,17.47378989610023,358.0,324.0,292.7142857142857,53.705103065147384,358.0,210.0,303.7857142857143,68.01264426722038,459.0,210.0,333.2,91.51084352555459,639.0,196.0,388.0,137.90699395988182,975.0,196.0,406.96666666666664,140.46323442352812,975.0,196.0,311.5402753277516,312.39158314600706,335.70015559617383,246.0,250.0,436.0,292.0,306.0,4.927253685157205
2024-05-08,2024,5,8,2,Wednesday,19,2,0,0,9.6,0.2,Sunny,1,0,0,0,25,263.0,223.0,354.0,279.0,299.5,320.3666666666667,170.0,276,0.9749279121818236,-0.22252093395631434,0.8660254037844387,-0.4999999999999998,129,0.7961828637826158,-0.6050560696488488,0.7485107481711013,-0.663122658240795,0,Autumn,1,0,0,0,3,0,0,0,1,493,0,0,0,0,0,1,1,137.0,324.0,358.0,223.0,296.0,196.0,470.0,500.0,273.0,118.99999999999869,358.0,137.0,277.14285714285717,79.23893944147362,358.0,137.0,295.7142857142857,80.45393194142122,459.0,137.0,322.96666666666664,95.75993090962422,639.0,137.0,381.98333333333335,140.86963460874844,975.0,137.0,403.75555555555553,143.29801672738677,975.0,137.0,267.9052064958137,289.00603872653943,322.8807907190013,263.0,223.0,296.0,196.0,244.5,5.6240175061873385
2024-05-09,2024,5,9,3,Thursday,19,2,0,0,10.9,0.6,Cloudy,1,0,0,0,25,314.0,459.0,292.0,297.42857142857144,298.35714285714283,325.4,148.0,443,0.43388373911755823,-0.900968867902419,0.8660254037844387,-0.4999999999999998,130,0.7856498550787147,-0.6186714032625031,0.7485107481711013,-0.663122658240795,0,Autumn,1,0,0,0,1,1,0,0,0,494,0,0,0,0,0,1,1,276.0,137.0,324.0,459.0,299.0,348.0,425.0,328.0,245.66666666666666,97.12020043911055,324.0,137.0,279.0,79.00421929660888,358.0,137.0,299.5,77.97805411188844,459.0,137.0,320.3666666666667,95.9469980602912,639.0,137.0,378.75,141.04148025507394,975.0,137.0,401.26666666666665,143.55266034502722,975.0,137.0,269.92890487186025,287.2719002296675,319.85622357584,314.0,459.0,299.0,348.0,355.0,6.095824562432225
2024-05-10,2024,5,10,4,Friday,19,2,0,0,7.8,0.8,Cloudy,1,0,0,0,25,210.0,277.0,196.0,301.1428571428572,295.42857142857144,326.7333333333333,195.0,236,-0.433883739117558,-0.9009688679024191,0.8660254037844387,-0.4999999999999998,131,0.7748840413670407,-0.6321034111873487,0.7485107481711013,-0.663122658240795,0,Autumn,1,0,0,0,1,1,0,0,0,495,0,0,0,0,0,1,1,443.0,276.0,137.0,277.0,345.0,639.0,408.0,428.0,285.3333333333333,153.21335886055442,443.0,137.0,297.42857142857144,100.61785319192806,443.0,137.0,298.35714285714283,75.53970646452717,443.0,137.0,325.4,98.33847249379923,639.0,137.0,379.05,141.16061593633495,975.0,137.0,402.5444444444444,143.40491592901952,975.0,137.0,313.1966786538952,308.03564686571184,327.80098334514065,210.0,277.0,345.0,639.0,367.75,5.4680601411351315
2024-05-11,2024,5,11,5,Saturday,19,2,0,0,12.0,3.3,Cloudy,1,0,0,0,25,334.0,333.0,348.0,303.1428571428572,296.5,326.7333333333333,208.0,348,-0.9749279121818236,-0.2225209339563146,0.8660254037844387,-0.4999999999999998,132,0.7638886127905428,-0.6453481132295501,0.7485107481711013,-0.663122658240795,1,Autumn,1,0,0,0,1,1,0,0,0,496,0,0,1,0,0,1,1,236.0,443.0,276.0,333.0,290.0,387.0,297.0,493.0,318.3333333333333,109.80133575386527,443.0,236.0,301.14285714285717,97.27697324551959,443.0,137.0,295.42857142857144,77.20772608381002,443.0,137.0,326.73333333333335,96.78234853786955,639.0,137.0,376.18333333333334,142.30457806357862,975.0,137.0,400.4111111111111,144.4463194442789,975.0,137.0,293.89750899042144,298.4308939502836,321.8783392583574,334.0,333.0,290.0,387.0,336.0,5.855071922202427
2024-05-12,2024,5,12,6,Sunday,19,2,0,0,14.7,4.2,Cloudy,1,0,0,0,25,358.0,383.0,639.0,307.0,296.6428571428572,318.26666666666665,285.0,385,-0.7818314824680299,0.6234898018587334,0.8660254037844387,-0.4999999999999998,133,0.7526668275320084,-0.6584015846980488,0.7485107481711013,-0.663122658240795,1,Autumn,1,0,0,0,1,1,0,0,0,497,0,0,1,0,0,1,1,348.0,236.0,443.0,383.0,395.0,444.0,336.0,315.0,342.3333333333333,103.61627928724842,443.0,236.0,303.14285714285717,98.20459692470037,443.0,137.0,296.5,77.87045455310611,443.0,137.0,326.73333333333335,96.78234853786955,639.0,137.0,377.03333333333336,141.97552506511173,975.0,137.0,398.8,144.21045794177064,975.0,137.0,307.42313174281605,305.0401080902457,323.5636076933021,358.0,383.0,395.0,444.0,395.0,5.955837369464831
2024-05-13,2024,5,13,0,Monday,20,2,0,0,9.3,0.7,Cloudy,1,0,1,0,25,324.0,279.0,387.0,300.7142857142857,296.7142857142857,314.7,264.0,280,0.0,1.0,0.8660254037844387,-0.4999999999999998,134,0.741222010848596,-0.6712599575675313,0.6631226582407952,-0.7485107481711012,0,Autumn,1,0,0,0,1,1,0,0,0,498,0,0,0,0,1,1,2,385.0,348.0,236.0,279.0,236.0,342.0,238.0,360.0,323.0,77.58221445666346,385.0,236.0,307.0,101.20276676059807,443.0,137.0,296.64285714285717,78.04299322302076,443.0,137.0,318.26666666666665,77.76442468845472,459.0,137.0,377.85,141.8763874717493,975.0,137.0,399.5777777777778,143.94193412449528,975.0,137.0,326.817348807112,315.7014270115463,327.52724590663746,324.0,279.0,236.0,342.0,295.25,5.638354669333745
2024-05-14,2024,5,14,1,Tuesday,20,2,0,0,16.6,3.9,Cloudy,1,0,0,0,25,137.0,246.0,444.0,316.42857142857144,296.7857142857143,308.1333333333333,219.0,247,0.7818314824680298,0.6234898018587336,0.8660254037844387,-0.4999999999999998,135,0.7295575540864875,-0.6839194216246106,0.6631226582407952,-0.7485107481711012,0,Autumn,1,0,0,0,1,1,0,0,0,499,0,0,0,0,0,1,1,280.0,385.0,348.0,246.0,250.0,436.0,346.0,615.0,337.6666666666667,53.25723737984409,385.0,280.0,300.7142857142857,101.33724929776862,443.0,137.0,296.7142857142857,78.02605932677626,443.0,137.0,314.7,76.95280685432164,459.0,137.0,378.55,141.27703581069952,975.0,137.0,398.68888888888887,144.43525390909653,975.0,137.0,315.113011605334,310.9412367433401,324.460971977177,137.0,246.0,250.0,436.0,267.25,5.5134287461649825
2024-05-15,2024,5,15,2,Wednesday,20,2,0,0,13.5,3.9,Cloudy,1,0,0,0,25,276.0,263.0,342.0,310.85714285714283,294.92857142857144,304.6333333333333,203.0,237,0.9749279121818236,-0.22252093395631434,0.8660254037844387,-0.4999999999999998,136,0.717676913675962,-0.6963762255968722,0.6631226582407952,-0.7485107481711012,0,Autumn,1,0,0,0,1,1,0,0,0,500,0,0,0,0,0,1,1,247.0,280.0,385.0,263.0,223.0,296.0,416.0,322.0,304.0,72.0624728967839,385.0,247.0,316.42857142857144,77.42707782780128,443.0,236.0,296.7857142857143,77.97650392800924,443.0,137.0,308.1333333333333,73.88282117223004,459.0,137.0,376.9,142.2384843868846,975.0,137.0,394.6,143.4483659992859,975.0,137.0,298.0847587040005,302.41573851089476,319.46348991413333,276.0,263.0,223.0,296.0,264.5,5.472270673671475
2024-05-16,2024,5,16,3,Thursday,20,2,0,0,15.1,2.9,Cloudy,1,0,0,0,25,443.0,314.0,436.0,284.2857142857143,290.85714285714283,298.6666666666667,137.0,257,0.43388373911755823,-0.900968867902419,0.8660254037844387,-0.4999999999999998,137,0.705583610107178,-0.7086266782644596,0.6631226582407952,-0.7485107481711012,0,Autumn,1,0,0,0,1,1,0,0,0,501,0,0,0,0,0,1,1,237.0,247.0,280.0,314.0,459.0,299.0,420.0,586.0,254.66666666666666,22.501851775643328,280.0,237.0,310.85714285714283,82.084161223768,443.0,236.0,294.92857142857144,79.14394314325897,443.0,137.0,304.6333333333333,74.70562150907641,459.0,137.0,373.9166666666667,143.27788475506975,975.0,137.0,393.65555555555557,144.20951994562023,975.0,137.0,282.81356902800036,293.6936400427755,314.1432647583828,443.0,314.0,459.0,299.0,378.75,5.552959584921617
2024-05-17,2024,5,17,4,Friday,20,2,0,0,10.0,0.3,Sunny,1,0,0,0,25,236.0,210.0,296.0,301.2857142857143,301.2142857142857,300.6333333333333,163.0,355,-0.433883739117558,-0.9009688679024191,0.8660254037844387,-0.4999999999999998,138,0.6932812268869777,-0.7206671495538609,0.6631226582407952,-0.7485107481711012,0,Autumn,1,0,0,0,3,0,0,0,1,502,0,0,0,0,0,1,1,257.0,237.0,247.0,210.0,277.0,345.0,549.0,662.0,247.0,9.999999999984293,257.0,237.0,284.2857142857143,59.05284155092031,385.0,236.0,290.85714285714283,79.55245694881503,443.0,137.0,298.6666666666667,70.90320421402687,459.0,137.0,371.2,143.9331059313697,975.0,137.0,390.0,143.4468934343124,975.0,137.0,276.3601767710003,288.80115470373875,310.4566025159065,236.0,210.0,277.0,345.0,267.0,5.87493073085203
2024-05-18,2024,5,18,5,Saturday,20,2,0,0,14.6,2.3,Cloudy,1,0,1,0,25,348.0,334.0,299.0,305.7142857142857,304.42857142857144,303.3,258.0,379,-0.9749279121818236,-0.2225209339563146,0.8660254037844387,-0.4999999999999998,139,0.6807734094770161,-0.7324940716135789,0.6631226582407952,-0.7485107481711012,1,Autumn,1,0,0,0,1,1,0,0,0,503,0,0,1,0,1,1,2,355.0,257.0,237.0,334.0,333.0,290.0,419.0,765.0,283.0,63.150613615385424,355.0,237.0,301.2857142857143,59.95752464791032,385.0,237.0,301.2142857142857,77.63145533314791,443.0,137.0,300.6333333333333,71.64109942230569,459.0,137.0,367.96666666666664,142.03782817534352,975.0,137.0,386.5888888888889,140.5266094554466,975.0,137.0,296.02013257825024,297.6276674099069,313.33037009552544,348.0,334.0,333.0,290.0,326.25,5.940171252720432
2024-05-19,2024,5,19,6,Sunday,20,2,0,0,8.7,5.8,Rainy,1,0,0,0,25,385.0,358.0,345.0,284.2857142857143,295.6428571428572,299.6333333333333,261.0,235,-0.7818314824680299,0.6234898018587334,0.8660254037844387,-0.4999999999999998,140,0.6680638642135335,-0.7441039398713607,0.6631226582407952,-0.7485107481711012,1,Autumn,1,0,0,0,0,0,0,1,0,504,0,0,1,0,0,1,1,379.0,355.0,257.0,358.0,383.0,395.0,441.0,334.0,330.3333333333333,64.63229326995182,379.0,257.0,305.7142857142857,64.92229787911683,385.0,237.0,304.42857142857144,79.98914761555737,443.0,137.0,303.3,73.05319271268813,459.0,137.0,367.3,141.88803176914564,975.0,137.0,382.3,134.6136752823933,975.0,137.0,316.7650994336877,308.4773117552527,317.56712041194316,385.0,358.0,383.0,395.0,380.25,5.4638318050256105
2024-05-20,2024,5,20,0,Monday,21,2,0,0,14.7,2.3,Cloudy,1,0,0,0,25,280.0,324.0,290.0,282.42857142857144,291.57142857142856,298.8666666666667,389.0,267,0.0,1.0,0.8660254037844387,-0.4999999999999998,141,0.6551563572090853,-0.7554933140726803,0.5680647467311558,-0.8229838658936564,0,Autumn,1,0,0,0,1,1,0,0,0,505,0,0,0,0,0,1,1,235.0,379.0,355.0,324.0,279.0,236.0,442.0,636.0,323.0,77.14920608794182,379.0,235.0,284.2857142857143,58.86344164169104,379.0,235.0,295.64285714285717,80.40628289922375,443.0,137.0,299.6333333333333,73.6461639955828,459.0,137.0,363.8666666666667,142.56517589695994,975.0,137.0,381.2,135.41490134256972,975.0,137.0,296.32382457526575,298.6803368545523,312.24020941762427,280.0,324.0,279.0,236.0,279.75,5.5909869805108565
2024-05-21,2024,5,21,1,Tuesday,21,2,0,0,12.5,0.8,Cloudy,1,0,1,0,25,247.0,137.0,395.0,293.57142857142856,305.0,296.53333333333336,187.0,325,0.7818314824680298,0.6234898018587336,0.8660254037844387,-0.4999999999999998,142,0.6420547132365637,-0.766658819300159,0.5680647467311558,-0.8229838658936564,0,Autumn,1,0,0,0,1,1,0,0,0,506,0,0,0,0,1,1,2,267.0,235.0,379.0,137.0,246.0,250.0,583.0,306.0,293.6666666666667,75.6130500200398,379.0,235.0,282.42857142857144,59.22515553056025,379.0,235.0,291.57142857142856,80.3029976312908,443.0,137.0,298.8666666666667,73.86928498616813,459.0,137.0,360.95,142.729615778713,975.0,137.0,377.1,133.18130330703974,975.0,137.0,288.9928684314493,294.456291940612,309.3214862293905,247.0,137.0,246.0,250.0,220.0,5.786897381366708
2024-05-22,2024,5,22,2,Wednesday,21,2,0,0,13.7,1.4,Cloudy,1,0,0,1,20,237.0,276.0,236.0,308.42857142857144,309.6428571428572,300.03333333333336,154.0,341,0.9749279121818236,-0.22252093395631434,0.8660254037844387,-0.4999999999999998,143,0.6287628145958344,-0.777597146973627,0.5680647467311558,-0.8229838658936564,0,Autumn,1,0,0,0,1,1,0,0,0,507,0,0,0,0,0,1,2,325.0,267.0,235.0,276.0,263.0,223.0,464.0,426.0,275.6666666666667,45.62163229579836,325.0,235.0,293.57142857142856,58.78451367170658,379.0,235.0,305.0,67.10038404108602,443.0,235.0,296.53333333333336,71.80468399539176,459.0,137.0,356.65,139.78249751013016,975.0,137.0,377.31111111111113,133.08235554836725,975.0,137.0,297.994651323587,298.5287863485304,310.3330032468492,237.0,276.0,263.0,223.0,249.75,5.834810737062605
2024-05-23,2024,5,23,3,Thursday,21,2,0,0,8.5,2.1,Cloudy,1,0,0,0,25,257.0,443.0,250.0,300.42857142857144,292.35714285714283,298.4,201.0,201,0.43388373911755823,-0.900968867902419,0.8660254037844387,-0.4999999999999998,144,0.6152845999633276,-0.7883050558305255,0.5680647467311558,-0.8229838658936564,0,Autumn,1,0,0,0,1,1,0,0,0,508,0,0,0,0,0,1,1,341.0,325.0,267.0,443.0,314.0,459.0,615.0,668.0,311.0,38.93584466785991,341.0,267.0,308.42857142857144,55.13274025131586,379.0,235.0,309.64285714285717,67.18814815685096,443.0,235.0,300.03333333333336,71.30966144984748,459.0,137.0,354.6,139.08163679981377,975.0,137.0,376.3666666666667,133.03454396374033,975.0,137.0,308.74598849269023,304.191614835393,312.3115191664073,257.0,443.0,314.0,459.0,368.25,5.308267697401205
2024-05-24,2024,5,24,4,Friday,21,2,0,0,9.3,1.4,Cloudy,1,0,0,0,25,355.0,236.0,223.0,287.1428571428572,294.2142857142857,299.7,178.0,262,-0.433883739117558,-0.9009688679024191,0.8660254037844387,-0.4999999999999998,145,0.6016240632249226,-0.7987793728863649,0.5680647467311558,-0.8229838658936564,0,Autumn,1,0,0,0,1,1,0,0,0,509,0,0,0,0,0,1,1,201.0,341.0,325.0,236.0,210.0,277.0,476.0,535.0,289.0,76.62897624267015,341.0,201.0,300.42857142857144,66.69047194029339,379.0,201.0,292.35714285714283,61.093380156124674,385.0,201.0,298.4,73.03546611301071,459.0,137.0,347.7,136.18323896967365,975.0,137.0,371.1777777777778,130.61733953906955,975.0,137.0,281.8094913695177,290.4327328573406,305.13013083309073,355.0,236.0,210.0,277.0,269.5,5.572154032177765
2024-05-25,2024,5,25,5,Saturday,21,2,0,0,13.8,0.3,Sunny,1,0,1,0,25,379.0,348.0,459.0,300.1428571428572,302.92857142857144,300.06666666666666,264.0,470,-0.9749279121818236,-0.2225209339563146,0.8660254037844387,-0.4999999999999998,146,0.5877852522924732,-0.8090169943749473,0.5680647467311558,-0.8229838658936564,1,Autumn,1,0,0,0,3,0,0,0,1,510,0,0,1,1,1,1,2,262.0,201.0,341.0,348.0,334.0,333.0,341.0,599.0,268.0,70.19259220173946,341.0,201.0,287.14285714285717,63.17813063454946,379.0,201.0,294.2142857142857,59.62598629589212,385.0,201.0,299.7,71.98666064171012,459.0,137.0,344.1333333333333,135.5670409755635,975.0,137.0,368.14444444444445,129.93832254349806,975.0,137.0,276.85711852713825,286.64170180969523,302.34754174708485,379.0,348.0,334.0,333.0,348.5,6.154858094016418
2024-05-26,2024,5,26,6,Sunday,21,2,0,0,9.2,0.7,Cloudy,1,0,0,0,25,235.0,385.0,277.0,312.7142857142857,298.5,301.6,269.0,323,-0.7818314824680299,0.6234898018587334,0.8660254037844387,-0.4999999999999998,147,0.5737722679043246,-0.8190148866680801,0.5680647467311558,-0.8229838658936564,1,Autumn,1,0,0,0,1,1,0,0,0,511,0,0,1,0,0,1,1,470.0,262.0,201.0,385.0,358.0,383.0,280.0,408.0,311.0,141.0354565348718,470.0,201.0,300.14285714285717,89.22336870915342,470.0,201.0,302.92857142857144,75.0194480279432,470.0,201.0,300.06666666666666,72.848890997325,470.0,137.0,346.28333333333336,136.53596926800958,975.0,137.0,366.7111111111111,128.0611023791834,975.0,137.0,325.1428388953537,311.08947490173585,313.16382937630516,235.0,385.0,358.0,383.0,340.25,5.780743515792329
2024-05-27,2024,5,27,0,Monday,22,2,0,0,13.4,3.2,Cloudy,1,0,0,0,25,267.0,280.0,333.0,308.42857142857144,295.42857142857144,298.4,214.0,237,0.0,1.0,0.8660254037844387,-0.4999999999999998,148,0.5595892624101765,-0.8287700871745038,0.46472317204376906,-0.8854560256532096,0,Autumn,1,0,0,0,1,1,0,0,0,512,0,0,0,0,0,1,1,323.0,470.0,262.0,280.0,324.0,279.0,319.0,233.0,351.6666666666667,106.92209001573562,470.0,262.0,312.7142857142857,84.59455121482775,470.0,201.0,298.5,71.55175641557325,470.0,201.0,301.6,72.83074379257168,470.0,137.0,347.0,136.294795155357,975.0,137.0,365.76666666666665,128.06661275824663,975.0,137.0,324.6071291715153,312.67754491483777,313.79842102944673,267.0,280.0,324.0,279.0,287.5,5.472270673671475
2024-05-28,2024,5,28,1,Tuesday,22,2,0,0,7.9,4.0,Cloudy,1,0,0,0,25,325.0,247.0,383.0,287.42857142857144,290.5,291.56666666666666,234.0,178,0.7818314824680298,0.6234898018587336,0.8660254037844387,-0.4999999999999998,149,0.545240438540651,-0.8382797052177744,0.46472317204376906,-0.8854560256532096,0,Autumn,1,0,0,0,1,1,0,0,0,513,0,0,0,0,0,1,1,237.0,323.0,470.0,247.0,137.0,246.0,665.0,382.0,343.3333333333333,117.82331404833708,470.0,237.0,308.42857142857144,87.98836503170403,470.0,201.0,295.42857142857144,73.30832074266581,470.0,201.0,298.4,73.50937073738834,470.0,137.0,345.6333333333333,136.98966516340556,975.0,137.0,365.81111111111113,128.02070535171828,975.0,137.0,302.7053468786365,302.58720559285945,308.8436841888373,325.0,247.0,137.0,246.0,238.75,5.187385805840755
2024-05-29,2024,5,29,2,Wednesday,22,2,0,0,14.5,0.3,Partly Cloudy,1,0,0,0,25,341.0,237.0,279.0,279.0,293.7142857142857,291.6666666666667,134.0,282,0.9749279121818236,-0.22252093395631434,0.8660254037844387,-0.4999999999999998,150,0.5307300481619334,-0.8475409228928311,0.46472317204376906,-0.8854560256532096,0,Autumn,1,0,0,0,2,0,1,0,0,514,0,0,0,0,0,1,1,178.0,237.0,323.0,237.0,276.0,263.0,754.0,372.0,246.0,72.91776189653444,323.0,178.0,287.42857142857144,100.08472601227615,470.0,178.0,290.5,78.91938437905416,470.0,178.0,291.56666666666666,74.88919784603715,470.0,137.0,337.51666666666665,132.0860648633061,975.0,137.0,363.5444444444444,129.5279381698857,975.0,137.0,271.52901015897737,285.97557818047824,300.4021561766543,341.0,237.0,276.0,263.0,279.25,5.645446897643238
2024-05-30,2024,5,30,3,Thursday,22,2,0,0,8.3,6.1,Rainy,1,0,0,0,25,201.0,257.0,246.0,266.0,283.2142857142857,287.1333333333333,187.0,110,0.43388373911755823,-0.900968867902419,0.8660254037844387,-0.4999999999999998,151,0.5160623910158528,-0.8565509959010036,0.46472317204376906,-0.8854560256532096,0,Autumn,1,0,0,0,0,0,0,1,0,515,0,0,0,0,0,1,1,282.0,178.0,237.0,257.0,443.0,314.0,975.0,457.0,232.33333333333334,52.15681483117061,282.0,178.0,279.0,97.26595841642988,470.0,178.0,293.7142857142857,77.47597997138949,470.0,178.0,291.6666666666667,74.8738402516052,470.0,137.0,329.65,120.39959245947153,975.0,137.0,362.5444444444444,129.80903529009922,975.0,137.0,274.14675761923303,285.44550108974784,299.21492029428947,201.0,257.0,443.0,314.0,303.75,4.709530201312334
2024-05-31,2024,5,31,4,Friday,22,2,0,0,13.7,0.8,Cloudy,1,0,0,0,25,262.0,355.0,263.0,260.2857142857143,273.7142857142857,285.76666666666665,140.0,222,-0.433883739117558,-0.9009688679024191,0.8660254037844387,-0.4999999999999998,152,0.5012418134457758,-0.865307254363206,0.46472317204376906,-0.8854560256532096,0,Autumn,1,0,0,0,1,1,0,0,0,516,0,0,0,0,0,1,1,110.0,282.0,178.0,355.0,236.0,210.0,409.0,507.0,190.0,86.62563131082894,282.0,110.0,266.0,114.05992577003836,470.0,110.0,283.2142857142857,91.52232058265798,470.0,110.0,287.1333333333333,81.55333914952034,470.0,110.0,315.23333333333335,89.68558387389982,639.0,110.0,358.68888888888887,132.10496715516067,975.0,110.0,233.11006821442476,262.0527676111148,287.0075060817547,262.0,355.0,236.0,210.0,265.75,5.407171771460119
2024-06-01,2024,6,1,5,Saturday,22,2,0,0,11.9,2.2,Cloudy,1,0,0,0,25,470.0,379.0,314.0,238.57142857142856,269.35714285714283,285.9,317.0,318,-0.9749279121818236,-0.2225209339563146,0.49999999999999994,-0.8660254037844387,153,0.48627270710869,-0.8738071036110808,0.46472317204376906,-0.8854560256532096,1,Winter,0,0,0,1,1,1,0,0,0,517,0,0,1,0,0,1,1,222.0,110.0,282.0,379.0,348.0,334.0,318.0,412.0,204.66666666666666,87.300248185976,282.0,110.0,260.2857142857143,115.28907766380742,470.0,110.0,273.7142857142857,90.39352305883787,470.0,110.0,285.76666666666665,82.31172176688926,470.0,110.0,312.1166666666667,89.62106510600353,639.0,110.0,355.52222222222224,131.92560278112606,975.0,110.0,230.33255116081858,256.7123985962995,282.8134734313189,470.0,379.0,348.0,334.0,382.75,5.765191102784844
2024-06-02,2024,6,2,6,Sunday,22,2,0,0,7.9,2.8,Cloudy,1,0,0,0,25,323.0,235.0,210.0,230.7142857142857,271.7142857142857,287.8333333333333,346.0,268,-0.7818314824680299,0.6234898018587334,0.49999999999999994,-0.8660254037844387,154,0.4711595076738638,-0.8820480249558537,0.46472317204376906,-0.8854560256532096,1,Winter,0,0,0,1,1,1,0,0,0,518,0,0,1,0,0,1,1,318.0,222.0,110.0,235.0,385.0,358.0,274.0,302.0,216.66666666666666,104.10251357836184,318.0,110.0,238.57142857142858,77.2438932707242,323.0,110.0,269.35714285714283,86.30590241234042,470.0,110.0,285.9,82.36225700714041,470.0,110.0,312.1166666666667,89.62106510600353,639.0,110.0,354.47777777777776,131.84551973297326,975.0,110.0,252.24941337061392,264.8840787834596,285.0835719196209,323.0,235.0,385.0,358.0,325.25,5.594711379601839
2024-06-03,2024,6,3,0,Monday,23,2,0,0,11.7,3.3,Cloudy,1,0,0,0,25,237.0,267.0,334.0,227.57142857142856,268.0,283.8666666666667,336.0,215,0.0,1.0,0.49999999999999994,-0.8660254037844387,155,0.4559066935084588,-0.8900275764346767,0.35460488704253584,-0.9350162426854147,0,Winter,0,0,0,1,1,1,0,0,0,519,0,0,0,0,0,1,1,268.0,318.0,222.0,267.0,280.0,324.0,405.0,306.0,269.3333333333333,48.01388688007915,318.0,222.0,230.71428571428572,69.64843689491346,318.0,110.0,271.7142857142857,85.74418892301433,470.0,110.0,287.8333333333333,81.19159262290391,470.0,110.0,312.01666666666665,89.6676522114157,639.0,110.0,354.1,132.04613170735564,975.0,110.0,256.18706002796046,265.29953494566496,283.9814059893228,237.0,267.0,280.0,324.0,277.0,5.375278407684165
2024-06-04,2024,6,4,1,Tuesday,23,2,0,0,10.8,5.8,Rainy,1,0,0,0,25,178.0,325.0,358.0,220.28571428571428,253.8571428571429,276.1666666666667,178.0,127,0.7818314824680298,0.6234898018587336,0.49999999999999994,-0.8660254037844387,156,0.440518784350495,-0.8977433935342337,0.35460488704253584,-0.9350162426854147,0,Winter,0,0,0,1,0,0,0,1,0,520,0,0,0,0,0,1,1,215.0,268.0,318.0,325.0,247.0,137.0,335.0,198.0,267.0,51.50728103870074,318.0,215.0,227.57142857142858,69.81369765993175,318.0,110.0,268.0,87.07998091939795,470.0,110.0,283.8666666666667,81.76321292919972,470.0,110.0,308.85,89.68321366654622,639.0,110.0,353.0888888888889,132.76503232304896,975.0,110.0,245.89029502097034,258.59293028624296,279.5309926996891,178.0,325.0,247.0,137.0,221.75,4.852030263919617
2024-06-05,2024,6,5,2,Wednesday,23,2,0,0,8.4,0.8,Cloudy,1,0,0,0,25,282.0,341.0,324.0,204.14285714285717,241.57142857142856,271.0,162.0,169,0.9749279121818236,-0.22252093395631434,0.49999999999999994,-0.8660254037844387,157,0.42500033996955416,-0.9051931898913974,0.35460488704253584,-0.9350162426854147,0,Winter,0,0,0,1,1,1,0,0,0,521,0,0,0,0,0,1,1,127.0,215.0,268.0,341.0,237.0,276.0,366.0,466.0,203.33333333333334,71.22031545375941,268.0,127.0,220.28571428571428,78.02716254765433,318.0,110.0,253.85714285714286,92.98871490079165,470.0,110.0,276.1666666666667,85.33992206962974,470.0,110.0,305.3833333333333,92.62702531771761,639.0,110.0,352.3,133.90298769019108,975.0,110.0,216.16772126572775,241.04720624807723,269.69028349325754,282.0,341.0,237.0,276.0,284.0,5.135798437050262
2024-06-06,2024,6,6,3,Thursday,23,2,0,0,7.0,3.9,Cloudy,1,0,0,0,25,110.0,201.0,137.0,217.7142857142857,241.8571428571429,273.26666666666665,262.0,205,0.43388373911755823,-0.900968867902419,0.49999999999999994,-0.8660254037844387,158,0.4093559588156213,-0.9123747579707273,0.35460488704253584,-0.9350162426854147,0,Winter,0,0,0,1,1,1,0,0,0,522,0,0,0,0,0,1,1,169.0,127.0,215.0,201.0,257.0,443.0,444.0,498.0,170.33333333333334,44.015148907313566,215.0,127.0,204.14285714285714,74.75165231491204,318.0,110.0,241.57142857142858,91.94623369181299,470.0,110.0,271.0,87.01961728888118,470.0,110.0,302.1,93.92436553247526,639.0,110.0,349.0,134.72660623264508,975.0,110.0,204.3757909492958,231.44091208166694,263.1941361711119,110.0,201.0,257.0,443.0,252.75,5.327876168789581
2024-06-07,2024,6,7,4,Friday,23,2,0,0,4.1,0.3,Sunny,1,0,1,0,25,222.0,262.0,276.0,233.14285714285717,246.7142857142857,275.06666666666666,272.0,330,-0.433883739117558,-0.9009688679024191,0.49999999999999994,-0.8660254037844387,159,0.39359027665646673,-0.9192859697186104,0.35460488704253584,-0.9350162426854147,0,Winter,0,0,0,1,3,0,0,0,1,523,0,0,0,0,1,1,2,205.0,169.0,127.0,262.0,355.0,236.0,354.0,470.0,167.0,39.038442591881804,205.0,127.0,217.71428571428572,62.41718322629383,318.0,127.0,241.85714285714286,91.81658735917661,470.0,110.0,273.26666666666665,84.25042037481614,470.0,110.0,298.1166666666667,92.86642342025517,639.0,110.0,345.74444444444447,134.62570343351487,975.0,110.0,204.53184321197185,227.9154571374447,259.43967577297565,222.0,262.0,355.0,236.0,268.75,5.802118375377063
2024-06-08,2024,6,8,5,Saturday,23,2,0,0,11.0,2.4,Cloudy,1,0,0,0,25,318.0,470.0,443.0,234.0,236.28571428571428,271.1,220.0,324,-0.9749279121818236,-0.2225209339563146,0.49999999999999994,-0.8660254037844387,160,0.3777079652039649,-0.9259247771938498,0.35460488704253584,-0.9350162426854147,1,Winter,0,0,0,1,1,1,0,0,0,524,0,0,1,0,0,1,1,330.0,205.0,169.0,470.0,379.0,348.0,292.0,425.0,234.66666666666666,84.50049309520634,330.0,169.0,233.14285714285714,75.60738185174891,330.0,127.0,246.71428571428572,94.71692933840447,470.0,110.0,275.06666666666666,84.88529109143741,470.0,110.0,297.71666666666664,92.67312551160913,639.0,110.0,344.18888888888887,133.981123477114,975.0,110.0,235.8988824089789,241.52672951911873,263.99195475536436,318.0,470.0,379.0,348.0,378.75,5.783825182329737
2024-06-09,2024,6,9,6,Sunday,23,2,0,0,5.3,2.7,Cloudy,1,0,0,0,25,268.0,323.0,236.0,238.8571428571429,234.78571428571428,273.3,478.0,302,-0.7818314824680299,0.6234898018587334,0.49999999999999994,-0.8660254037844387,161,0.36171373072976765,-0.9322892131745133,0.35460488704253584,-0.9350162426854147,1,Winter,0,0,0,1,1,1,0,0,0,525,0,0,1,0,0,1,1,324.0,330.0,205.0,323.0,235.0,385.0,196.0,408.0,286.3333333333333,70.50059101406907,330.0,205.0,234.0,76.75502155125301,330.0,127.0,236.28571428571428,74.01707554697808,330.0,110.0,271.1,79.36834685665642,470.0,110.0,298.25,92.73172989227378,639.0,110.0,343.06666666666666,133.71937746681397,975.0,110.0,257.92416180673416,252.52316558323622,267.86344154534083,268.0,323.0,235.0,385.0,302.75,5.713732805509369
2024-06-10,2024,6,10,0,Monday,24,2,1,0,10.3,2.3,Cloudy,1,0,0,1,20,215.0,237.0,348.0,268.7142857142857,248.14285714285717,275.8333333333333,344.0,424,0.0,1.0,0.49999999999999994,-0.8660254037844387,162,0.3456123126707335,-0.9383773917408641,0.23931566428755768,-0.970941817426052,0,Winter,0,0,0,1,1,1,0,0,0,526,0,0,0,0,0,1,3,302.0,324.0,330.0,237.0,267.0,280.0,348.0,297.0,318.6666666666667,14.74222959165442,330.0,302.0,238.85714285714286,80.26088414545099,330.0,127.0,234.78571428571428,72.3178651950762,330.0,110.0,273.3,79.27653477238485,470.0,110.0,300.01666666666665,91.75529203168213,639.0,110.0,341.8888888888889,133.60779803357545,975.0,110.0,268.9431213550506,259.1200768388047,270.06580015531887,215.0,237.0,267.0,280.0,249.75,6.052089168924417
2024-06-11,2024,6,11,1,Tuesday,24,2,0,0,9.2,0.6,Cloudy,1,0,0,0,25,127.0,178.0,385.0,274.0,247.14285714285717,268.46666666666664,325.0,164,0.7818314824680298,0.6234898018587336,0.49999999999999994,-0.8660254037844387,163,0.3294084822245304,-0.9441875088341993,0.23931566428755768,-0.970941817426052,0,Winter,0,0,0,1,1,1,0,0,0,527,0,0,0,0,0,1,1,424.0,302.0,324.0,178.0,325.0,247.0,639.0,336.0,350.0,65.02307282803339,424.0,302.0,268.7142857142857,104.97573415749353,424.0,127.0,248.14285714285714,88.26869568177749,424.0,110.0,275.8333333333333,82.87842501720962,470.0,110.0,301.28333333333336,92.94578183856426,639.0,110.0,343.3,133.79889739388787,975.0,110.0,307.70734101628796,281.10406659363076,279.99703885497576,127.0,178.0,325.0,247.0,219.25,5.10594547390058
2024-06-12,2024,6,12,2,Wednesday,24,2,0,0,12.0,4.1,Cloudy,1,0,0,0,25,169.0,282.0,280.0,280.2857142857143,242.2142857142857,266.2333333333333,299.0,213,0.9749279121818236,-0.22252093395631434,0.49999999999999994,-0.8660254037844387,164,0.3131070409358269,-0.9497178427914316,0.23931566428755768,-0.970941817426052,0,Winter,0,0,0,1,1,1,0,0,0,528,0,0,0,0,0,1,1,164.0,424.0,302.0,282.0,341.0,237.0,387.0,238.0,296.6666666666667,130.08202540448485,424.0,164.0,274.0,97.30193557512955,424.0,164.0,247.14285714285714,89.19887645278477,424.0,110.0,268.46666666666664,82.66205956757867,470.0,110.0,293.3666666666667,83.43574949495793,470.0,110.0,341.3888888888889,135.1261328732097,975.0,110.0,271.78050576221597,265.4901910478133,272.5133589288483,169.0,282.0,341.0,237.0,257.25,5.365976015021851
2024-06-13,2024,6,13,3,Thursday,24,2,0,0,9.1,0.4,Sunny,1,0,0,0,25,205.0,110.0,247.0,280.2857142857143,249.0,264.8333333333333,240.0,205,0.43388373911755823,-0.900968867902419,0.49999999999999994,-0.8660254037844387,165,0.29671281927349075,-0.9549667548552551,0.23931566428755768,-0.970941817426052,0,Winter,0,0,0,1,3,0,0,0,1,529,0,0,0,0,0,1,1,213.0,164.0,424.0,110.0,201.0,257.0,444.0,346.0,267.0,138.15570925589608,424.0,164.0,280.2857142857143,90.57724932475094,424.0,164.0,242.21428571428572,89.03083179993664,424.0,110.0,266.23333333333335,83.24276227555322,470.0,110.0,290.46666666666664,83.14954195714898,470.0,110.0,341.1111111111111,135.3665389790105,975.0,110.0,257.085379321662,258.49149890810486,268.67378738505164,205.0,110.0,201.0,257.0,193.25,5.327876168789581
2024-06-14,2024,6,14,4,Friday,24,2,0,0,9.0,0.1,Sunny,1,0,0,0,25,330.0,222.0,237.0,271.0,252.07142857142856,265.76666666666665,164.0,265,-0.433883739117558,-0.9009688679024191,0.49999999999999994,-0.8660254037844387,166,0.2802306751992159,-0.9599326896597447,0.23931566428755768,-0.970941817426052,0,Winter,0,0,0,1,3,0,0,0,1,530,0,0,0,0,0,1,1,205.0,213.0,164.0,222.0,262.0,355.0,342.0,416.0,194.0,26.28687885618331,213.0,164.0,280.2857142857143,90.57724932475094,424.0,164.0,249.0,81.47864278919253,424.0,127.0,264.8333333333333,83.92775355084784,470.0,110.0,286.48333333333335,81.37556616307899,470.0,110.0,339.5444444444444,136.1231399816058,975.0,110.0,244.0640344912465,251.3592990536909,264.5658011021451,330.0,222.0,262.0,355.0,292.25,5.583496308781699
2024-06-15,2024,6,15,5,Saturday,24,2,0,0,12.2,2.5,Cloudy,1,0,0,0,25,324.0,318.0,257.0,277.42857142857144,255.7142857142857,269.5,217.0,369,-0.9749279121818236,-0.2225209339563146,0.49999999999999994,-0.8660254037844387,167,0.26366549272800704,-0.9646141756912435,0.23931566428755768,-0.970941817426052,1,Winter,0,0,0,1,1,1,0,0,0,531,0,0,1,0,0,1,1,265.0,205.0,213.0,318.0,470.0,379.0,436.0,420.0,227.66666666666666,32.57811126098332,265.0,205.0,271.0,87.92420978699019,424.0,164.0,252.07142857142858,81.19251982002336,424.0,127.0,265.76666666666665,83.76308269750108,470.0,110.0,285.2,81.09187089606327,470.0,110.0,337.8666666666667,136.10077231492485,975.0,110.0,249.29802586843488,253.17805917986547,264.5938139342648,324.0,318.0,470.0,379.0,372.75,5.91350300563827
2024-06-16,2024,6,16,6,Sunday,24,2,0,0,11.0,1.3,Cloudy,1,0,1,0,25,302.0,268.0,355.0,289.85714285714283,264.35714285714283,270.6333333333333,297.0,389,-0.7818314824680299,0.6234898018587334,0.49999999999999994,-0.8660254037844387,168,0.24702218048093552,-0.9690098257244062,0.23931566428755768,-0.970941817426052,1,Winter,0,0,0,1,1,1,0,0,0,532,0,0,1,0,1,1,2,369.0,265.0,205.0,268.0,323.0,235.0,296.0,549.0,279.6666666666667,82.97790870667349,369.0,205.0,277.42857142857144,93.88797782971139,424.0,164.0,255.71428571428572,85.4125090563222,424.0,127.0,269.5,85.82932141053548,470.0,110.0,284.0833333333333,79.42426126087811,470.0,110.0,337.3,135.86092112024104,975.0,110.0,279.22351940132614,268.6209846225501,271.3296969062477,302.0,268.0,323.0,235.0,282.0,5.966146739123692
2024-06-17,2024,6,17,0,Monday,25,2,0,0,10.9,3.8,Cloudy,1,0,1,1,20,424.0,215.0,379.0,281.1428571428572,274.92857142857144,270.1,204.0,363,0.0,1.0,0.49999999999999994,-0.8660254037844387,169,0.23030567023061221,-0.9731183372332619,0.12053668025532308,-0.992708874098054,0,Winter,0,0,0,1,1,1,0,0,0,533,0,0,0,0,1,1,3,389.0,369.0,265.0,215.0,237.0,267.0,299.0,419.0,341.0,66.57326790837105,389.0,265.0,289.85714285714283,102.99907535414832,424.0,164.0,264.35714285714283,92.5731371094517,424.0,127.0,270.6333333333333,87.21059858610666,470.0,110.0,285.6333333333333,80.56010844981772,470.0,110.0,335.52222222222224,134.09498794794294,975.0,110.0,306.66763955099464,284.6715200062101,278.9213293639092,424.0,215.0,237.0,267.0,285.75,5.8971538676367405
2024-06-18,2024,6,18,1,Tuesday,25,2,0,0,11.4,1.0,Cloudy,1,0,0,0,25,164.0,127.0,235.0,287.0,280.5,269.1,213.0,205,0.7818314824680298,0.6234898018587336,0.49999999999999994,-0.8660254037844387,170,0.21352091543979612,-0.9769384927771817,0.12053668025532308,-0.992708874098054,0,Winter,0,0,0,1,1,1,0,0,0,534,0,0,0,0,0,1,1,363.0,389.0,369.0,127.0,178.0,325.0,345.0,441.0,373.6666666666667,13.613718571099579,389.0,363.0,281.14285714285717,91.72136895952612,389.0,164.0,274.92857142857144,94.92382718281334,424.0,127.0,270.1,86.57161675506649,470.0,110.0,286.7,81.16154637615992,470.0,110.0,334.9,133.83295390359473,975.0,110.0,320.750729663246,295.1153173387154,284.345759727528,164.0,127.0,178.0,325.0,198.5,5.327876168789581
2024-06-19,2024,6,19,2,Wednesday,25,2,0,0,5.4,0.4,Sunny,1,0,0,0,25,213.0,169.0,267.0,295.85714285714283,288.07142857142856,269.3666666666667,204.0,275,0.9749279121818236,-0.22252093395631434,0.49999999999999994,-0.8660254037844387,171,0.19667288979357647,-0.980469160361632,0.12053668025532308,-0.992708874098054,0,Winter,0,0,0,1,3,0,0,0,1,535,0,0,0,0,0,1,1,205.0,363.0,389.0,169.0,282.0,341.0,290.0,442.0,319.0,99.57911427603547,389.0,205.0,287.0,83.97618710086806,389.0,205.0,280.5,87.57831659983647,424.0,164.0,269.1,87.16229412562109,470.0,110.0,284.3666666666667,81.46892236144117,470.0,110.0,332.27777777777777,134.04259156908566,975.0,110.0,291.8130472474345,283.0999416935533,279.2266784547843,213.0,169.0,282.0,341.0,251.25,5.62040086571715
2024-06-20,2024,6,20,3,Thursday,25,2,0,0,12.3,3.6,Cloudy,1,0,0,0,25,205.0,205.0,325.0,298.7142857142857,289.5,266.03333333333336,222.0,225,0.43388373911755823,-0.900968867902419,0.49999999999999994,-0.8660254037844387,172,0.1797665857255624,-0.9837092937736097,0.12053668025532308,-0.992708874098054,0,Winter,0,0,0,1,1,1,0,0,0,536,0,0,0,0,0,1,1,275.0,205.0,363.0,205.0,110.0,201.0,395.0,583.0,281.0,79.17070165155609,363.0,205.0,295.85714285714283,77.92181673837902,389.0,205.0,288.07142857142856,81.57343485918035,424.0,164.0,269.3666666666667,87.16788531268244,470.0,110.0,284.1166666666667,81.4743573399316,470.0,110.0,330.4222222222222,133.66199007388664,975.0,110.0,287.6097854355759,282.01994946774624,278.95398952221757,205.0,205.0,110.0,201.0,180.25,5.420534999272286
2024-06-21,2024,6,21,4,Friday,25,2,0,0,11.8,1.6,Cloudy,1,0,1,0,25,265.0,330.0,341.0,309.2857142857143,290.1428571428572,265.96666666666664,214.0,339,-0.433883739117558,-0.9009688679024191,0.49999999999999994,-0.8660254037844387,173,0.16280701293851715,-0.986657932891657,0.12053668025532308,-0.992708874098054,0,Winter,0,0,0,1,1,1,0,0,0,537,0,0,0,0,1,1,2,225.0,275.0,205.0,330.0,222.0,262.0,236.0,464.0,235.0,36.055512754635366,275.0,205.0,298.7142857142857,74.31849093757285,389.0,205.0,289.5,80.16977178271105,424.0,164.0,266.03333333333336,86.87862454193639,470.0,110.0,281.28333333333336,80.50309851214774,470.0,110.0,326.44444444444446,131.3681772823875,975.0,110.0,271.95733907668193,274.4172895387134,275.4730869723971,265.0,330.0,222.0,262.0,269.75,5.8289456176102075
2024-06-22,2024,6,22,5,Saturday,25,2,0,0,6.9,0.4,Sunny,1,0,0,0,25,369.0,324.0,201.0,306.2857142857143,291.85714285714283,270.8666666666667,231.0,348,-0.9749279121818236,-0.2225209339563146,0.49999999999999994,-0.8660254037844387,174,0.1457991969198751,-0.9893142039703663,0.12053668025532308,-0.992708874098054,1,Winter,0,0,0,1,3,0,0,0,1,538,0,0,1,1,0,1,1,339.0,225.0,275.0,324.0,318.0,470.0,250.0,615.0,279.6666666666667,57.14309523759661,339.0,225.0,309.2857142857143,73.98584163138761,389.0,205.0,290.14285714285717,80.55467053532409,424.0,164.0,265.96666666666664,86.81986239189179,470.0,110.0,283.0,80.61921375899612,470.0,110.0,325.05555555555554,130.55580072758312,975.0,110.0,288.7180043075115,283.0283176002183,279.57159749030694,369.0,324.0,318.0,470.0,370.25,5.855071922202427
2024-06-23,2024,6,23,6,Sunday,25,2,0,0,9.3,2.5,Cloudy,1,0,1,0,25,389.0,302.0,262.0,298.1428571428572,294.0,273.2,324.0,332,-0.7818314824680299,0.6234898018587334,0.49999999999999994,-0.8660254037844387,175,0.12874817745258132,-0.99167731989929,0.12053668025532308,-0.992708874098054,1,Winter,0,0,0,1,1,1,0,0,0,539,0,0,1,0,1,1,2,348.0,339.0,225.0,302.0,268.0,323.0,223.0,476.0,304.0,68.56383886568575,348.0,225.0,306.2857142857143,71.54652166181643,389.0,205.0,291.85714285714283,81.57946304805186,424.0,164.0,270.8666666666667,87.17431341593768,470.0,110.0,284.6333333333333,80.9314350246016,470.0,110.0,322.0888888888889,126.8749401456163,975.0,110.0,303.53850323063364,291.69120858685585,283.9863331360936,389.0,302.0,268.0,323.0,320.5,5.808142489980444
2024-06-24,2024,6,24,0,Monday,26,2,0,1,9.9,1.4,Cloudy,1,0,1,0,25,363.0,424.0,470.0,294.42857142857144,287.7857142857143,268.76666666666665,290.0,337,0.0,1.0,0.49999999999999994,-0.8660254037844387,176,0.11165900712169512,-0.993746580436178,-3.216245299353273e-16,-1.0,0,Winter,0,0,0,1,1,1,0,0,0,540,0,0,0,0,1,1,3,332.0,348.0,339.0,424.0,215.0,237.0,459.0,341.0,339.6666666666667,8.020806276994726,348.0,332.0,298.14285714285717,63.33621547326768,363.0,205.0,294.0,82.25756920981415,424.0,164.0,273.2,87.86290261067134,470.0,110.0,286.45,80.74765568302989,470.0,110.0,320.4888888888889,125.81574225331055,975.0,110.0,310.65387742297526,297.0657141086084,287.0839890627973,363.0,424.0,215.0,237.0,309.75,5.823045895483019
2024-06-25,2024,6,25,1,Tuesday,26,2,0,1,9.6,1.9,Cloudy,1,0,1,0,25,205.0,164.0,323.0,302.85714285714283,294.92857142857144,266.8,628.0,264,0.7818314824680298,0.6234898018587336,0.49999999999999994,-0.8660254037844387,177,0.09453674981719912,-0.9955213724144752,-3.216245299353273e-16,-1.0,0,Winter,0,0,0,1,1,1,0,0,0,541,0,0,0,0,1,1,3,337.0,332.0,348.0,164.0,127.0,178.0,277.0,280.0,339.0,8.185352771856824,348.0,332.0,294.42857142857144,59.547899887001726,348.0,205.0,287.7857142857143,74.6120000365237,389.0,164.0,268.76666666666665,80.649810626082,424.0,110.0,284.4166666666667,77.81165693392171,470.0,110.0,320.44444444444446,125.80912161345248,975.0,110.0,317.24040806723144,302.390285560794,290.30437686519747,205.0,164.0,127.0,178.0,168.5,5.579729825986222
2024-06-26,2024,6,26,2,Wednesday,26,2,0,1,11.0,1.2,Cloudy,1,0,0,0,25,275.0,213.0,237.0,305.57142857142856,300.7142857142857,268.7,413.0,294,0.9749279121818236,-0.22252093395631434,0.49999999999999994,-0.8660254037844387,178,0.07738647923346301,-0.9970011699250151,-3.216245299353273e-16,-1.0,0,Winter,0,0,0,1,1,1,0,0,0,542,0,0,0,0,0,1,2,264.0,337.0,332.0,213.0,169.0,282.0,333.0,319.0,311.0,40.779897008203996,337.0,264.0,302.85714285714283,47.796194309549314,348.0,225.0,294.92857142857144,66.1576953901837,389.0,205.0,266.8,79.9984482608121,424.0,110.0,284.2,77.85074812133094,470.0,110.0,320.26666666666665,125.87820044914258,975.0,110.0,303.9303060504236,297.27158081935477,288.60732029324924,275.0,213.0,169.0,282.0,234.75,5.68697535633982
2024-06-27,2024,6,27,3,Thursday,26,2,0,1,14.3,3.5,Cloudy,1,0,0,0,25,225.0,205.0,178.0,322.85714285714283,310.7857142857143,274.3,202.0,346,0.43388373911755823,-0.900968867902419,0.49999999999999994,-0.8660254037844387,179,0.06021327736579302,-0.9981855344718586,-3.216245299353273e-16,-1.0,0,Winter,0,0,0,1,1,1,0,0,0,543,0,0,0,0,0,1,2,294.0,264.0,337.0,205.0,205.0,110.0,383.0,665.0,298.3333333333333,36.6924152016878,337.0,264.0,305.57142857142856,46.47170157869252,348.0,225.0,300.7142857142857,61.842764108076175,389.0,205.0,268.7,79.94314790244142,424.0,110.0,283.55,77.59879978977526,470.0,110.0,319.9888888888889,125.90860734376285,975.0,110.0,301.44772953781774,296.8353700434408,288.95523511303963,225.0,205.0,205.0,110.0,186.25,5.849324779946859
2024-06-28,2024,6,28,4,Friday,26,2,0,1,13.2,3.5,Cloudy,1,0,0,0,25,339.0,265.0,282.0,320.1428571428572,314.7142857142857,275.56666666666666,292.0,320,-0.433883739117558,-0.9009688679024191,0.49999999999999994,-0.8660254037844387,180,0.04302223300453059,-0.99907411510223,-3.216245299353273e-16,-1.0,0,Winter,0,0,0,1,1,1,0,0,0,544,0,0,0,0,0,1,2,346.0,294.0,264.0,265.0,330.0,222.0,279.0,754.0,301.3333333333333,41.488954353334236,346.0,264.0,322.85714285714283,31.64610861506045,348.0,264.0,310.7857142857143,56.28796643008931,389.0,205.0,274.3,79.25173771618125,424.0,110.0,282.93333333333334,76.93930398161403,470.0,110.0,316.44444444444446,120.45924399219408,975.0,110.0,312.5857971533633,303.3906540376487,292.6355425251016,339.0,265.0,330.0,222.0,289.0,5.771441123130016
2024-06-29,2024,6,29,5,Saturday,26,2,0,1,6.1,2.5,Cloudy,1,0,0,1,20,348.0,369.0,110.0,322.2857142857143,314.2857142857143,284.0,323.0,363,-0.9749279121818236,-0.2225209339563146,0.49999999999999994,-0.8660254037844387,181,0.02581844022713308,-0.9996666485105112,-3.216245299353273e-16,-1.0,1,Winter,0,0,0,1,1,1,0,0,0,545,0,1,1,0,0,1,3,320.0,346.0,294.0,369.0,324.0,318.0,246.0,975.0,320.0,25.999999999994845,346.0,294.0,320.14285714285717,30.835199428729744,348.0,264.0,314.7142857142857,54.74476240690714,389.0,205.0,275.56666666666666,79.68155730601998,424.0,110.0,283.6166666666667,77.08570877390444,470.0,110.0,311.6222222222222,111.0669984842911,975.0,110.0,314.43934786502246,305.60523349929554,294.4009913944499,348.0,369.0,324.0,318.0,339.75,5.8971538676367405
2024-06-30,2024,6,30,6,Sunday,26,2,0,1,11.9,0.2,Sunny,1,0,1,0,25,332.0,389.0,222.0,381.0,339.57142857142856,301.3666666666667,519.0,743,-0.7818314824680299,0.6234898018587334,0.49999999999999994,-0.8660254037844387,182,0.008606996888688698,-0.9999629591162655,-3.216245299353273e-16,-1.0,1,Winter,0,0,0,1,3,0,0,0,1,546,0,1,1,1,1,1,3,363.0,320.0,346.0,389.0,302.0,268.0,263.0,409.0,343.0,21.656407827701887,363.0,320.0,322.2857142857143,33.49982231651546,363.0,264.0,314.2857142857143,54.30884411815677,389.0,205.0,284.0,74.79258676154119,424.0,127.0,285.56666666666666,77.59616596038414,470.0,110.0,304.8222222222222,85.87298927567959,639.0,110.0,326.57951089876684,313.2578690327228,298.8267338851306,332.0,389.0,302.0,268.0,322.75,6.612041034833092
2024-07-01,2024,7,1,0,Monday,27,3,0,1,13.5,3.7,Cloudy,1,0,0,0,25,337.0,363.0,318.0,369.8571428571428,332.1428571428572,299.4,366.0,259,0.0,1.0,1.2246467991473532e-16,-1.0,183,-0.008606996888688009,-0.9999629591162655,-0.12053668025532283,-0.992708874098054,0,Winter,0,0,0,1,1,1,0,0,0,547,0,0,0,0,0,1,2,743.0,363.0,320.0,363.0,424.0,215.0,314.0,318.0,475.3333333333333,232.80105956230776,743.0,320.0,381.0,163.04805017744525,743.0,264.0,339.57142857142856,126.3710740306028,743.0,205.0,301.3666666666667,111.41920942945599,743.0,127.0,293.56666666666666,97.43704906796752,743.0,110.0,308.53333333333336,96.93090322492569,743.0,110.0,430.68463317407515,370.5568198283598,327.483073634477,337.0,363.0,424.0,215.0,334.75,5.560681631015528
2024-07-02,2024,7,2,1,Tuesday,27,3,0,1,10.7,2.2,Cloudy,1,0,0,0,25,264.0,205.0,268.0,369.8571428571428,336.35714285714283,299.26666666666665,244.0,264,0.7818314824680298,0.6234898018587336,1.2246467991473532e-16,-1.0,184,-0.02581844022713239,-0.9996666485105112,-0.12053668025532283,-0.992708874098054,0,Winter,0,0,0,1,1,1,0,0,0,548,0,0,0,0,0,1,2,259.0,743.0,363.0,205.0,164.0,127.0,210.0,274.0,455.0,254.77833502870652,743.0,259.0,369.85714285714283,169.10886885024556,743.0,259.0,332.14285714285717,127.93499379513943,743.0,205.0,299.4,111.6359848052956,743.0,127.0,292.65,97.50025206399437,743.0,110.0,307.8777777777778,97.06557817741707,743.0,110.0,387.7634748805564,355.68257718457846,323.0648108193495,264.0,205.0,164.0,127.0,190.0,5.579729825986222
2024-07-03,2024,7,3,2,Wednesday,27,3,0,1,12.8,2.4,Cloudy,1,0,0,1,20,294.0,275.0,215.0,380.2857142857143,342.92857142857144,304.3333333333333,280.0,367,0.9749279121818236,-0.22252093395631434,1.2246467991473532e-16,-1.0,185,-0.04302223300453034,-0.99907411510223,-0.12053668025532283,-0.992708874098054,0,Winter,0,0,0,1,1,1,0,0,0,549,0,0,0,0,0,1,3,264.0,259.0,743.0,275.0,213.0,169.0,334.0,405.0,422.0,278.0053956310917,743.0,259.0,369.85714285714283,169.10886885024556,743.0,259.0,336.35714285714283,124.34604762693222,743.0,225.0,299.26666666666665,111.67716197032875,743.0,127.0,293.55,96.97220027986737,743.0,110.0,307.76666666666665,97.11050695881296,743.0,110.0,356.8226061604173,343.458233559968,319.2541778632624,294.0,275.0,213.0,169.0,237.75,5.908082938168931
2024-07-04,2024,7,4,3,Thursday,27,3,0,1,15.5,0.9,Cloudy,1,0,1,1,20,346.0,225.0,127.0,382.1428571428572,352.5,312.06666666666666,390.0,359,0.43388373911755823,-0.900968867902419,1.2246467991473532e-16,-1.0,186,-0.060213277365792774,-0.9981855344718586,-0.12053668025532283,-0.992708874098054,0,Winter,0,0,0,1,1,1,0,0,0,550,0,0,0,0,1,1,4,367.0,264.0,259.0,225.0,205.0,205.0,358.0,335.0,296.6666666666667,60.96173663317907,367.0,259.0,380.2857142857143,165.87114907432854,743.0,259.0,342.92857142857144,123.28045842132148,743.0,225.0,304.3333333333333,111.16912661635692,743.0,127.0,294.1,97.29854459168996,743.0,110.0,307.34444444444443,96.76499519263987,743.0,110.0,359.366954620313,346.5971357519723,322.3345534849874,346.0,225.0,205.0,205.0,245.25,5.886104031450156
2024-07-05,2024,7,5,4,Friday,27,3,0,1,12.6,4.2,Cloudy,1,0,0,0,25,320.0,339.0,169.0,374.7142857142857,347.42857142857144,315.3666666666667,217.0,268,-0.433883739117558,-0.9009688679024191,1.2246467991473532e-16,-1.0,187,-0.07738647923346322,-0.9970011699250151,-0.12053668025532283,-0.992708874098054,0,Winter,0,0,0,1,1,1,0,0,0,551,0,0,0,0,0,1,2,359.0,367.0,264.0,339.0,265.0,330.0,324.0,366.0,330.0,57.29746940310514,367.0,264.0,382.14285714285717,165.49564805096705,743.0,259.0,352.5,118.53058676982815,743.0,259.0,312.06666666666666,106.37375011084079,743.0,164.0,294.1166666666667,97.30976080549506,743.0,110.0,307.6111111111111,96.8750723893245,743.0,110.0,359.27521596523474,348.2508509850427,324.70006616337537,320.0,339.0,265.0,330.0,313.5,5.594711379601839
2024-07-06,2024,7,6,5,Saturday,27,3,0,1,10.2,2.6,Cloudy,1,0,0,0,25,363.0,348.0,205.0,381.2857142857143,351.7857142857143,322.1666666666667,254.0,409,-0.9749279121818236,-0.2225209339563146,1.2246467991473532e-16,-1.0,188,-0.09453674981719933,-0.9955213724144752,-0.12053668025532283,-0.992708874098054,1,Winter,0,0,0,1,1,1,0,0,0,552,0,1,1,0,0,1,2,268.0,359.0,367.0,348.0,369.0,324.0,137.0,444.0,331.3333333333333,54.993939059982836,367.0,268.0,374.7142857142857,169.85946572163155,743.0,259.0,347.42857142857144,120.65252988243851,743.0,259.0,315.3666666666667,103.27281691056753,743.0,164.0,293.18333333333334,97.28683637097832,743.0,110.0,306.52222222222224,96.76209999274586,743.0,110.0,336.45641197392604,337.5507375203704,321.0419973786415,363.0,348.0,369.0,324.0,351.0,6.016157159698354
2024-07-07,2024,7,7,6,Sunday,27,3,0,1,12.6,0.2,Sunny,1,0,0,0,25,743.0,332.0,330.0,329.2857142857143,355.1428571428572,323.8,342.0,379,-0.7818314824680299,0.6234898018587334,1.2246467991473532e-16,-1.0,189,-0.11165900712169444,-0.9937465804361781,-0.12053668025532283,-0.992708874098054,1,Winter,0,0,0,1,3,0,0,0,1,553,0,1,1,1,0,1,2,409.0,268.0,359.0,332.0,389.0,302.0,276.0,354.0,345.3333333333333,71.48659548008362,409.0,268.0,381.2857142857143,170.2201655559787,743.0,259.0,351.7857142857143,121.77102002808827,743.0,259.0,322.1666666666667,102.46818962515829,743.0,164.0,297.71666666666664,96.21710825473825,743.0,110.0,306.1333333333333,96.27245980473252,743.0,110.0,354.5923089804445,347.0773058509876,326.71670722518076,743.0,332.0,389.0,302.0,441.5,5.940171252720432
2024-07-08,2024,7,8,0,Monday,28,3,0,1,9.9,1.0,Cloudy,1,0,0,0,25,259.0,337.0,324.0,324.57142857142856,347.2142857142857,320.53333333333336,296.0,226,0.0,1.0,1.2246467991473532e-16,-1.0,190,-0.12874817745258066,-0.99167731989929,-0.23931566428755743,-0.9709418174260521,0,Winter,0,0,0,1,1,1,0,0,0,554,0,0,0,0,0,1,2,379.0,409.0,268.0,337.0,363.0,424.0,443.0,292.0,352.0,74.27651041883821,409.0,268.0,329.2857142857143,63.36327612982758,409.0,259.0,355.14285714285717,121.83144544369841,743.0,259.0,323.8,102.9865742840228,743.0,164.0,299.43333333333334,96.74049975984917,743.0,110.0,306.4111111111111,96.44802925444395,743.0,110.0,360.69423173533335,351.3336650708559,330.0898228880723,259.0,337.0,363.0,424.0,345.75,5.424950017481403
2024-07-09,2024,7,9,1,Tuesday,28,3,0,1,9.6,4.3,Cloudy,1,0,1,0,25,264.0,264.0,302.0,324.1428571428572,347.0,319.1666666666667,266.0,261,0.7818314824680298,0.6234898018587336,1.2246467991473532e-16,-1.0,191,-0.14579919691987442,-0.9893142039703664,-0.23931566428755743,-0.9709418174260521,0,Winter,0,0,0,1,1,1,0,0,0,555,0,0,0,0,1,1,3,226.0,379.0,409.0,264.0,205.0,164.0,236.0,196.0,338.0,98.1478476585186,409.0,226.0,324.57142857142856,70.31087431983096,409.0,226.0,347.2142857142857,126.62068039343517,743.0,226.0,320.53333333333336,104.52280178006112,743.0,164.0,295.81666666666666,95.32824499478305,743.0,110.0,305.6777777777778,96.80907049361444,743.0,110.0,327.02067380150004,334.6225097280751,323.37435044368056,264.0,264.0,205.0,164.0,224.25,5.568344503761097
2024-07-10,2024,7,10,2,Wednesday,28,3,0,1,8.4,0.1,Sunny,1,0,0,0,25,367.0,294.0,424.0,311.57142857142856,345.92857142857144,314.3333333333333,235.0,279,0.9749279121818236,-0.22252093395631434,1.2246467991473532e-16,-1.0,192,-0.16280701293851646,-0.9866579328916572,-0.23931566428755743,-0.9709418174260521,0,Winter,0,0,0,1,3,0,0,0,1,556,0,0,0,0,0,1,2,261.0,226.0,379.0,294.0,275.0,213.0,348.0,348.0,288.6666666666667,80.16441438277388,379.0,226.0,324.14285714285717,70.74939003607174,409.0,226.0,347.0,126.77478516584402,743.0,226.0,319.1666666666667,105.04024953791965,743.0,164.0,296.23333333333335,95.11676440069104,743.0,110.0,306.4,96.22233149665203,743.0,110.0,310.51550535112506,324.8061750976651,319.35019880215276,367.0,294.0,275.0,213.0,287.25,5.634789603169249
2024-07-11,2024,7,11,3,Thursday,28,3,0,0,14.2,6.5,Rainy,1,0,0,1,20,359.0,346.0,164.0,282.57142857142856,332.35714285714283,314.06666666666666,208.0,156,0.43388373911755823,-0.900968867902419,1.2246467991473532e-16,-1.0,193,-0.17976658572556214,-0.9837092937736098,-0.23931566428755743,-0.9709418174260521,0,Winter,0,0,0,1,0,0,0,1,0,557,0,0,0,0,0,1,2,279.0,261.0,226.0,346.0,225.0,205.0,385.0,639.0,255.33333333333334,26.950572040924637,279.0,226.0,311.57142857142856,69.67509632299809,409.0,226.0,345.92857142857144,127.3193829498283,743.0,226.0,314.3333333333333,103.37288823955934,743.0,164.0,295.0833333333333,94.89714175950908,743.0,110.0,305.6333333333333,96.16201801056943,743.0,110.0,302.6366290133438,318.6986850846431,316.7469601697558,359.0,346.0,225.0,205.0,283.75,5.056245805348308
2024-07-12,2024,7,12,4,Friday,28,3,0,0,7.0,2.3,Cloudy,1,0,0,0,25,268.0,320.0,213.0,278.2857142857143,326.5,314.9,243.0,238,-0.433883739117558,-0.9009688679024191,1.2246467991473532e-16,-1.0,194,-0.19667288979357622,-0.9804691603616321,-0.23931566428755743,-0.9709418174260521,0,Winter,0,0,0,1,1,1,0,0,0,558,0,0,0,0,0,1,1,156.0,279.0,261.0,320.0,339.0,265.0,280.0,387.0,232.0,66.43041472096743,279.0,156.0,282.57142857142856,86.78874186371019,409.0,156.0,332.35714285714283,137.06461538708132,743.0,156.0,314.06666666666666,103.78357232749985,743.0,156.0,291.26666666666665,95.82007621396356,743.0,110.0,300.26666666666665,90.66914790612284,743.0,110.0,265.97747176000786,297.00552707335737,306.3761885459006,268.0,320.0,339.0,265.0,298.0,5.476463551931511
2024-07-13,2024,7,13,5,Saturday,28,3,0,0,14.1,2.0,Cloudy,1,0,0,0,25,409.0,363.0,205.0,264.0,322.6428571428572,318.3666666666667,187.0,309,-0.9749279121818236,-0.2225209339563146,1.2246467991473532e-16,-1.0,195,-0.2135209154397959,-0.9769384927771817,-0.23931566428755743,-0.9709418174260521,1,Winter,0,0,0,1,1,1,0,0,0,559,0,0,1,0,0,1,1,238.0,156.0,279.0,363.0,348.0,369.0,247.0,444.0,224.33333333333334,62.62853449772761,279.0,156.0,278.2857142857143,88.35480421896386,409.0,156.0,326.5,139.36600954100805,743.0,156.0,314.9,103.04178931301372,743.0,156.0,290.56666666666666,96.05689815737279,743.0,110.0,298.6111111111111,90.42765988849193,743.0,110.0,258.9831038200059,289.1381234635764,301.9648215429393,409.0,363.0,348.0,369.0,372.25,5.736572297479192
2024-07-14,2024,7,14,6,Sunday,28,3,0,0,11.0,0.6,Cloudy,1,0,0,1,20,379.0,743.0,265.0,268.85714285714283,299.07142857142856,323.3,363.0,413,-0.7818314824680299,0.6234898018587334,1.2246467991473532e-16,-1.0,196,-0.23030567023061196,-0.973118337233262,-0.23931566428755743,-0.9709418174260521,1,Winter,0,0,0,1,1,1,0,0,0,560,0,0,1,0,0,1,2,309.0,238.0,156.0,743.0,332.0,389.0,237.0,342.0,234.33333333333334,76.5658757759164,309.0,156.0,264.0,69.84268036093691,379.0,156.0,322.64285714285717,139.02496020657327,743.0,156.0,318.3666666666667,100.94501177521738,743.0,156.0,291.6,95.9136617405187,743.0,110.0,297.1111111111111,89.0987893137636,743.0,110.0,271.48732786500443,291.7863736684329,302.41870402404004,379.0,743.0,332.0,389.0,460.75,6.025865973825314
2024-07-15,2024,7,15,0,Monday,29,3,0,0,5.3,0.6,Cloudy,1,0,0,0,25,226.0,259.0,369.0,283.85714285714283,304.2142857142857,322.03333333333336,281.0,331,0.0,1.0,1.2246467991473532e-16,-1.0,197,-0.24702218048093527,-0.9690098257244063,-0.3546048870425356,-0.9350162426854148,0,Winter,0,0,0,1,1,1,0,0,0,561,0,0,0,0,0,1,1,413.0,309.0,238.0,259.0,337.0,363.0,257.0,436.0,320.0,88.01704380402565,413.0,238.0,268.85714285714283,79.66477383684834,413.0,156.0,299.07142857142856,75.92958710411834,413.0,156.0,323.3,101.85931812875589,743.0,156.0,294.53333333333336,96.90174416695984,743.0,110.0,297.9,89.81216979171886,743.0,110.0,306.86549589875335,307.9481905126418,309.55298118377937,226.0,259.0,337.0,363.0,296.25,5.805134968916488
2024-07-16,2024,7,16,1,Tuesday,29,3,0,0,10.6,5.7,Rainy,1,0,0,0,25,261.0,264.0,389.0,265.42857142857144,294.7857142857143,313.46666666666664,323.0,132,0.7818314824680298,0.6234898018587336,1.2246467991473532e-16,-1.0,198,-0.2636654927280072,-0.9646141756912435,-0.3546048870425356,-0.9350162426854148,0,Winter,0,0,0,1,0,0,0,1,0,562,0,0,0,0,0,1,1,331.0,413.0,309.0,264.0,264.0,205.0,355.0,296.0,351.0,54.808758424176915,413.0,309.0,283.85714285714283,80.13411377482252,413.0,156.0,304.2142857142857,75.4434873280622,413.0,156.0,322.03333333333336,101.50708598786122,743.0,156.0,295.76666666666665,96.88685812243178,743.0,110.0,296.73333333333335,88.67283637119243,743.0,110.0,312.899121924065,311.02176511095627,310.936659817084,261.0,264.0,264.0,205.0,248.5,4.890349128221754
2024-07-17,2024,7,17,2,Wednesday,29,3,0,0,3.2,0.7,Cloudy,1,0,1,0,25,279.0,367.0,363.0,255.42857142857144,283.5,308.3333333333333,205.0,209,0.9749279121818236,-0.22252093395631434,1.2246467991473532e-16,-1.0,199,-0.2802306751992161,-0.9599326896597445,-0.3546048870425356,-0.9350162426854148,0,Winter,0,0,0,1,1,1,0,0,0,563,0,0,0,0,1,1,2,132.0,331.0,413.0,367.0,294.0,275.0,379.0,299.0,292.0,144.502595132405,413.0,132.0,265.42857142857144,98.9020679643204,413.0,132.0,294.7857142857143,88.0508407083671,413.0,132.0,313.46666666666664,106.38794763646291,743.0,132.0,292.05,98.83378016495666,743.0,110.0,294.9111111111111,90.35717445936187,743.0,110.0,267.6743414430488,287.15219642949546,299.3923591837237,279.0,367.0,294.0,275.0,303.75,5.3471075307174685
2024-07-18,2024,7,18,3,Thursday,29,3,0,0,11.4,3.0,Cloudy,1,0,0,0,25,156.0,359.0,205.0,263.2857142857143,272.92857142857144,308.53333333333336,192.0,211,0.43388373911755823,-0.900968867902419,1.2246467991473532e-16,-1.0,200,-0.2967128192734901,-0.9549667548552553,-0.3546048870425356,-0.9350162426854148,0,Winter,0,0,0,1,1,1,0,0,0,564,0,0,0,0,0,1,1,209.0,132.0,331.0,359.0,346.0,225.0,235.0,345.0,224.0,100.34440691936804,331.0,132.0,255.42857142857142,100.82138850934548,413.0,132.0,283.5,88.20845066789487,413.0,132.0,308.3333333333333,107.62365248732532,743.0,132.0,289.21666666666664,98.7355810827661,743.0,110.0,293.9111111111111,90.80831081656684,743.0,110.0,253.00575608228658,276.7319035722294,293.56059407509645,156.0,359.0,346.0,225.0,271.5,5.356586274672012
2024-07-19,2024,7,19,4,Friday,29,3,0,0,12.2,1.0,Cloudy,1,0,0,1,20,238.0,268.0,275.0,263.85714285714283,271.07142857142856,307.43333333333334,173.0,242,-0.433883739117558,-0.9009688679024191,1.2246467991473532e-16,-1.0,201,-0.3131070409358267,-0.9497178427914317,-0.3546048870425356,-0.9350162426854148,0,Winter,0,0,0,1,1,1,0,0,0,565,0,0,0,0,0,1,2,211.0,209.0,132.0,268.0,320.0,339.0,267.0,290.0,184.0,45.04442251821747,211.0,132.0,263.2857142857143,93.67090314093325,413.0,132.0,272.92857142857144,87.32826160370382,413.0,132.0,308.53333333333336,107.4304051654973,743.0,132.0,288.81666666666666,99.00718886185865,743.0,110.0,292.4222222222222,91.0594296344054,743.0,110.0,242.50431706171494,267.9676497625988,288.2341041347677,238.0,268.0,320.0,339.0,291.25,5.493061443340548
2024-07-20,2024,7,20,5,Saturday,29,3,0,0,7.7,0.3,Sunny,1,0,0,1,20,309.0,409.0,225.0,286.0,275.0,315.4,149.0,464,-0.9749279121818236,-0.2225209339563146,1.2246467991473532e-16,-1.0,202,-0.3294084822245302,-0.9441875088341994,-0.3546048870425356,-0.9350162426854148,1,Winter,0,0,0,1,3,0,0,0,1,566,0,0,1,1,0,1,2,242.0,211.0,209.0,409.0,363.0,348.0,325.0,395.0,220.66666666666666,18.502252115162893,242.0,209.0,263.85714285714283,93.50299205805945,413.0,132.0,271.07142857142856,87.71673315123476,413.0,132.0,307.43333333333334,107.95327320374415,743.0,132.0,288.4,99.15305750988915,743.0,110.0,291.8888888888889,91.21421193775467,743.0,110.0,242.37823779628621,264.50529646091894,285.2512587067182,309.0,409.0,363.0,348.0,357.25,6.142037405587356
2024-07-21,2024,7,21,6,Sunday,29,3,0,0,9.9,0.0,Sunny,1,0,0,0,25,413.0,379.0,339.0,268.7142857142857,268.7857142857143,313.8333333333333,373.0,292,-0.7818314824680299,0.6234898018587334,1.2246467991473532e-16,-1.0,203,-0.3456123126707333,-0.9383773917408642,-0.3546048870425356,-0.9350162426854148,1,Winter,0,0,0,1,3,0,0,0,1,567,0,0,1,1,0,1,1,464.0,242.0,211.0,379.0,743.0,332.0,341.0,236.0,305.6666666666667,137.99396122052985,464.0,211.0,286.0,120.44639194817478,464.0,132.0,275.0,95.2753095790524,464.0,132.0,315.4,110.45005112313608,743.0,132.0,290.71666666666664,101.61594224094065,743.0,110.0,292.65555555555557,92.3732245254996,743.0,110.0,297.7836783472147,291.1045902661298,296.7834355643493,413.0,379.0,743.0,332.0,466.75,5.680172609017068
2024-07-22,2024,7,22,0,Monday,30,3,0,0,15.4,1.6,Cloudy,1,0,0,0,25,331.0,226.0,348.0,245.0,264.42857142857144,307.7333333333333,262.0,165,0.0,1.0,1.2246467991473532e-16,-1.0,204,-0.3617137307297674,-0.9322892131745134,-0.46472317204376806,-0.8854560256532101,0,Winter,0,0,0,1,1,1,0,0,0,568,0,0,0,0,0,1,1,292.0,464.0,242.0,226.0,259.0,337.0,201.0,250.0,332.6666666666667,116.45313792823754,464.0,242.0,268.7142857142857,107.1287609774865,464.0,132.0,268.7857142857143,90.69745019859778,464.0,132.0,313.8333333333333,110.43708876420352,743.0,132.0,289.9,101.40165144244102,743.0,110.0,293.27777777777777,92.17570273549008,743.0,110.0,296.337758760411,291.2239782306458,296.4748268182623,331.0,226.0,259.0,337.0,288.25,5.111987788356544
2024-07-23,2024,7,23,1,Tuesday,30,3,0,0,8.0,7.4,Rainy,1,0,0,0,25,132.0,261.0,332.0,246.8571428571429,256.1428571428572,301.5,180.0,145,0.7818314824680298,0.6234898018587336,1.2246467991473532e-16,-1.0,205,-0.37770796520396466,-0.9259247771938499,-0.46472317204376806,-0.8854560256532101,0,Winter,0,0,0,1,0,0,0,1,0,569,0,0,0,0,0,1,1,165.0,292.0,464.0,261.0,264.0,264.0,262.0,223.0,307.0,150.06331996860447,464.0,165.0,245.0,109.39226054281293,464.0,132.0,264.42857142857144,94.30451028100566,464.0,132.0,307.73333333333335,113.49644786582901,743.0,132.0,289.3,102.04108511206415,743.0,110.0,292.3333333333333,93.05537797884884,743.0,110.0,263.5033190703083,274.3941144665597,287.9925799267615,132.0,261.0,264.0,264.0,230.25,4.983606621708336
2024-07-24,2024,7,24,2,Wednesday,30,3,0,0,6.3,0.9,Cloudy,1,0,0,0,25,209.0,279.0,337.0,240.57142857142856,248.0,295.76666666666665,116.0,165,0.9749279121818236,-0.22252093395631434,1.2246467991473532e-16,-1.0,206,-0.39359027665646645,-0.9192859697186105,-0.46472317204376806,-0.8854560256532101,0,Winter,0,0,0,1,1,1,0,0,0,570,0,0,0,0,0,1,1,145.0,165.0,292.0,279.0,367.0,294.0,470.0,459.0,200.66666666666666,79.72661621649964,292.0,145.0,246.85714285714286,107.24338141415934,464.0,145.0,256.14285714285717,99.57745894362822,464.0,132.0,301.5,117.19266482871313,743.0,132.0,287.35,103.67645647454734,743.0,110.0,291.46666666666664,94.06610154925134,743.0,110.0,233.87748930273122,257.14156587101843,278.76725218955113,209.0,279.0,367.0,294.0,287.25,5.111987788356544
2024-07-25,2024,7,25,3,Thursday,30,3,0,0,13.9,0.9,Cloudy,1,0,0,0,25,211.0,156.0,264.0,278.7142857142857,271.0,302.9,184.0,478,0.43388373911755823,-0.900968867902419,1.2246467991473532e-16,-1.0,207,-0.4093559588156211,-0.9123747579707274,-0.46472317204376806,-0.8854560256532101,0,Winter,0,0,0,1,1,1,0,0,0,571,0,0,0,0,0,1,1,165.0,145.0,165.0,156.0,359.0,346.0,323.0,277.0,158.33333333333334,11.547005383777805,165.0,145.0,240.57142857142858,111.0538265029728,464.0,145.0,248.0,102.19137401501433,464.0,132.0,295.76666666666665,119.57905575272187,743.0,132.0,282.26666666666665,102.03337218551628,743.0,110.0,288.2,93.28441468150946,743.0,110.0,216.65811697704842,244.85602375488264,271.42742946764463,211.0,156.0,359.0,346.0,268.0,6.171700597410915
2024-07-26,2024,7,26,4,Friday,30,3,0,0,15.4,0.8,Cloudy,1,0,1,0,25,242.0,238.0,294.0,274.57142857142856,269.2142857142857,300.2,130.0,213,-0.433883739117558,-0.9009688679024191,1.2246467991473532e-16,-1.0,208,-0.42500033996955394,-0.9051931898913975,-0.46472317204376806,-0.8854560256532101,0,Winter,0,0,0,1,1,1,0,0,0,572,0,0,0,0,1,1,2,478.0,165.0,145.0,238.0,268.0,320.0,237.0,333.0,262.6666666666667,186.75206379939436,478.0,145.0,278.7142857142857,141.01502790567432,478.0,145.0,271.0,115.28893468819163,478.0,132.0,302.9,123.92276515692286,743.0,132.0,284.85,105.0011823985083,743.0,110.0,290.43333333333334,95.39545722112179,743.0,110.0,281.9935877327863,275.94188725423163,284.7546920826353,242.0,238.0,268.0,320.0,267.0,5.365976015021851
2024-07-27,2024,7,27,5,Saturday,30,3,0,0,9.5,1.5,Cloudy,1,0,0,0,25,464.0,309.0,346.0,253.14285714285717,269.57142857142856,299.1333333333333,238.0,314,-0.9749279121818236,-0.2225209339563146,1.2246467991473532e-16,-1.0,209,-0.4405187843504952,-0.8977433935342336,-0.46472317204376806,-0.8854560256532101,1,Winter,0,0,0,1,1,1,0,0,0,573,0,0,1,0,0,1,1,213.0,478.0,165.0,309.0,409.0,363.0,178.0,383.0,285.3333333333333,168.57144874898913,478.0,165.0,274.57142857142856,142.6894730324761,478.0,145.0,269.2142857142857,116.03061835396744,478.0,132.0,300.2,125.00107585743878,743.0,132.0,284.45,105.23201565419212,743.0,110.0,289.1,95.63214282642078,743.0,110.0,264.74519079958975,267.5496356203341,280.12535710956206,464.0,309.0,409.0,363.0,386.25,5.752572638825633
2024-07-28,2024,7,28,6,Sunday,30,3,0,0,12.5,1.2,Cloudy,1,0,0,0,25,292.0,413.0,320.0,247.0,257.85714285714283,296.76666666666665,280.0,249,-0.7818314824680299,0.6234898018587334,1.2246467991473532e-16,-1.0,210,-0.455906693508459,-0.8900275764346766,-0.46472317204376806,-0.8854560256532101,1,Winter,0,0,0,1,1,1,0,0,0,574,0,0,1,0,0,1,1,314.0,213.0,478.0,413.0,379.0,743.0,282.0,279.0,335.0,133.74228949737542,478.0,213.0,253.14285714285714,118.75665394891716,478.0,145.0,269.57142857142856,116.17011020694676,478.0,132.0,299.1333333333333,124.73302063520121,743.0,132.0,286.71666666666664,104.361349372926,743.0,110.0,288.3333333333333,95.14625052393791,743.0,110.0,277.05889309969234,273.74301753762285,282.31081794120325,292.0,413.0,379.0,743.0,456.75,5.521460917862246
2024-07-29,2024,7,29,0,Monday,31,3,0,0,13.5,4.2,Cloudy,1,0,1,0,25,165.0,331.0,363.0,258.42857142857144,251.7142857142857,292.8333333333333,257.0,245,0.0,1.0,1.2246467991473532e-16,-1.0,211,-0.47115950767386394,-0.8820480249558535,-0.5680647467311556,-0.8229838658936565,0,Winter,0,0,0,1,1,1,0,0,0,575,0,0,0,0,1,1,2,249.0,314.0,213.0,331.0,226.0,259.0,110.0,246.0,258.6666666666667,51.18919156748869,314.0,213.0,247.0,117.51737460194273,478.0,145.0,257.85714285714283,108.61778940773843,478.0,132.0,296.76666666666665,124.99674018737925,743.0,132.0,286.1666666666667,104.47352542211047,743.0,110.0,288.0,95.23182831173312,743.0,110.0,270.04416982476926,270.4439485326065,280.16173291273856,165.0,331.0,226.0,259.0,245.25,5.5053315359323625
2024-07-30,2024,7,30,1,Tuesday,31,3,0,0,7.3,1.4,Cloudy,1,0,0,0,25,145.0,132.0,743.0,264.7142857142857,255.78571428571428,274.3666666666667,262.0,189,0.7818314824680298,0.6234898018587336,1.2246467991473532e-16,-1.0,212,-0.4862727071086902,-0.8738071036110807,-0.5680647467311556,-0.8229838658936565,0,Winter,0,0,0,1,1,1,0,0,0,576,0,0,0,0,0,1,1,245.0,249.0,314.0,132.0,261.0,264.0,222.0,263.0,269.3333333333333,38.734136537853296,314.0,245.0,258.42857142857144,111.97299844584133,478.0,145.0,251.71428571428572,106.5756708933763,478.0,132.0,292.8333333333333,124.69689688181477,743.0,132.0,288.4166666666667,102.04058542289138,743.0,127.0,287.9888888888889,95.23684189918964,743.0,110.0,263.78312736857697,267.0514220615923,277.8932340151425,145.0,132.0,261.0,264.0,200.5,5.247024072160486
2024-07-31,2024,7,31,2,Wednesday,31,3,0,0,8.0,1.4,Cloudy,1,0,0,1,20,165.0,209.0,259.0,272.85714285714283,256.7142857142857,273.1333333333333,169.0,222,0.9749279121818236,-0.22252093395631434,1.2246467991473532e-16,-1.0,213,-0.5012418134457756,-0.8653072543632061,-0.5680647467311556,-0.8229838658936565,0,Winter,0,0,0,1,1,1,0,0,0,577,0,0,0,0,0,1,2,189.0,245.0,249.0,209.0,279.0,367.0,318.0,314.0,227.66666666666666,33.54598833441983,249.0,189.0,264.7142857142857,105.59784449459546,478.0,165.0,255.78571428571428,102.66763295772671,478.0,145.0,274.3666666666667,92.630330674782,478.0,132.0,287.8666666666667,102.49257379740196,743.0,127.0,287.1666666666667,95.77293488339848,743.0,110.0,245.08734552643273,256.6445657867133,272.1581866593269,165.0,209.0,279.0,367.0,255.0,5.407171771460119
2024-08-01,2024,8,1,3,Thursday,31,3,0,0,14.7,0.3,Partly Cloudy,0,0,0,0,25,478.0,211.0,264.0,235.42857142857144,257.07142857142856,271.53333333333336,284.0,216,0.43388373911755823,-0.900968867902419,-0.4999999999999997,-0.8660254037844388,214,-0.5160623910158526,-0.8565509959010037,-0.5680647467311556,-0.8229838658936565,0,Winter,0,0,0,1,2,0,1,0,0,578,0,0,0,0,0,0,0,222.0,189.0,245.0,211.0,156.0,359.0,268.0,210.0,218.66666666666666,28.14841617805565,245.0,189.0,272.85714285714283,98.59247532381058,478.0,189.0,256.7142857142857,102.2699509002644,478.0,145.0,273.1333333333333,93.08717950666282,478.0,132.0,286.26666666666665,102.76315811937046,743.0,127.0,286.14444444444445,95.97407902758648,743.0,110.0,239.31550914482455,252.02529034848487,268.9221746167897,478.0,211.0,156.0,359.0,301.0,5.37989735354046
2024-08-02,2024,8,2,4,Friday,31,3,0,0,16.1,8.1,Rainy,0,0,1,0,25,213.0,242.0,367.0,225.57142857142856,250.07142857142856,264.1,236.0,144,-0.433883739117558,-0.9009688679024191,-0.4999999999999997,-0.8660254037844388,215,-0.5307300481619331,-0.8475409228928312,-0.5680647467311556,-0.8229838658936565,0,Winter,0,0,0,1,0,0,0,1,0,579,0,0,0,0,0,1,1,216.0,222.0,189.0,242.0,238.0,268.0,215.0,334.0,209.0,17.578395831237984,222.0,189.0,235.42857142857142,40.136671273940735,314.0,189.0,257.07142857142856,102.10662924738713,478.0,145.0,271.53333333333336,93.66033029657906,478.0,132.0,285.4,103.13841284114226,743.0,127.0,286.2111111111111,95.92266248664468,743.0,110.0,233.4866318586184,247.22191830202024,265.50784077054516,213.0,242.0,238.0,268.0,240.25,4.976733742420574
2024-08-03,2024,8,3,5,Saturday,31,3,0,0,12.7,0.6,Cloudy,0,0,1,0,25,314.0,464.0,359.0,221.8571428571429,237.5,261.7333333333333,246.0,288,-0.9749279121818236,-0.2225209339563146,-0.4999999999999997,-0.8660254037844388,216,-0.5452404385406507,-0.8382797052177745,-0.5680647467311556,-0.8229838658936565,1,Winter,0,0,0,1,1,1,0,0,0,580,0,0,0,0,0,1,1,144.0,216.0,222.0,464.0,309.0,409.0,127.0,358.0,194.0,43.40506882841766,222.0,144.0,225.57142857142858,52.98067931758121,314.0,144.0,250.07142857142858,106.48471489135956,478.0,144.0,264.1,94.66614659076782,478.0,132.0,284.21666666666664,104.35988768771341,743.0,127.0,284.1,96.94444719888055,743.0,110.0,211.1149738939638,233.45899586175088,257.66862523696165,314.0,464.0,309.0,409.0,374.0,5.666426688112432
2024-08-04,2024,8,4,6,Sunday,31,3,0,0,8.4,0.2,Partly Cloudy,0,0,0,0,25,249.0,292.0,268.0,222.8571428571429,234.92857142857144,261.3333333333333,330.0,256,-0.7818314824680299,0.6234898018587334,-0.4999999999999997,-0.8660254037844388,217,-0.5595892624101763,-0.828770087174504,-0.5680647467311556,-0.8229838658936565,1,Winter,0,0,0,1,2,0,1,0,0,581,0,0,0,0,0,0,0,288.0,144.0,216.0,292.0,413.0,379.0,169.0,324.0,216.0,71.99999999999784,288.0,144.0,221.85714285714286,46.22924244612768,288.0,144.0,237.5,88.0854043615517,478.0,144.0,261.73333333333335,93.08614228260502,478.0,132.0,286.9,102.29845004376166,743.0,132.0,283.3222222222222,96.62516802639851,743.0,110.0,230.33623042047284,240.73112974685077,259.6254881248996,249.0,292.0,413.0,379.0,333.25,5.54907608489522
2024-08-05,2024,8,5,0,Monday,32,3,0,0,17.0,2.2,Cloudy,0,0,0,0,25,245.0,165.0,409.0,212.7142857142857,235.57142857142856,253.5,412.0,174,0.0,1.0,-0.4999999999999997,-0.8660254037844388,218,-0.5737722679043243,-0.8190148866680802,-0.663122658240795,-0.7485107481711013,0,Winter,0,0,0,1,1,1,0,0,0,582,0,0,0,0,0,0,0,256.0,288.0,144.0,165.0,331.0,226.0,205.0,137.0,229.33333333333334,75.61305002003974,288.0,144.0,222.85714285714286,46.98378646380245,288.0,144.0,234.92857142857142,86.88937642924677,478.0,144.0,261.3333333333333,93.08406779981651,478.0,132.0,288.35,101.2097712506566,743.0,132.0,282.56666666666666,96.56936146125031,743.0,110.0,236.75217281535464,242.76697911393734,259.3915856652287,245.0,165.0,331.0,226.0,241.75,5.1647859739235145
2024-08-06,2024,8,6,1,Tuesday,32,3,0,0,9.4,1.8,Cloudy,0,0,1,0,25,189.0,145.0,379.0,211.7142857142857,238.2142857142857,246.9333333333333,215.0,182,0.7818314824680298,0.6234898018587336,-0.4999999999999997,-0.8660254037844388,219,-0.5877852522924734,-0.8090169943749472,-0.663122658240795,-0.7485107481711013,0,Winter,0,0,0,1,1,1,0,0,0,583,0,0,0,0,0,1,1,174.0,256.0,288.0,145.0,132.0,261.0,330.0,276.0,239.33333333333334,58.79909296352316,288.0,174.0,212.71428571428572,49.02623204542058,288.0,144.0,235.57142857142858,86.36391187715437,478.0,144.0,253.5,90.06807770064579,478.0,132.0,287.8333333333333,101.72031556611552,743.0,132.0,282.97777777777776,96.01989234186439,743.0,110.0,221.06412961151597,233.59804856541237,253.88245110618172,189.0,145.0,132.0,261.0,181.75,5.209486152841421
2024-08-07,2024,8,7,2,Wednesday,32,3,0,0,10.0,1.1,Cloudy,0,0,0,0,25,222.0,165.0,226.0,209.0,240.92857142857144,246.16666666666663,197.0,203,0.9749279121818236,-0.22252093395631434,-0.4999999999999997,-0.8660254037844388,220,-0.6016240632249227,-0.7987793728863648,-0.663122658240795,-0.7485107481711013,0,Winter,0,0,0,1,1,1,0,0,0,584,0,0,0,0,0,0,0,182.0,174.0,256.0,165.0,209.0,279.0,324.0,443.0,204.0,45.21061822182574,256.0,174.0,211.71428571428572,49.65787713852413,288.0,144.0,238.21428571428572,83.91037212079422,478.0,144.0,246.93333333333334,87.75433316085113,478.0,132.0,285.3666666666667,102.47214862067607,743.0,132.0,281.93333333333334,96.60609234748911,743.0,110.0,211.298097208637,226.7183087566907,249.24487361546034,222.0,165.0,209.0,279.0,218.75,5.318119993844216
2024-08-08,2024,8,8,3,Thursday,32,3,0,0,12.0,1.1,Cloudy,0,0,1,0,25,216.0,478.0,261.0,214.14285714285717,224.78571428571428,245.86666666666667,242.0,252,0.43388373911755823,-0.900968867902419,-0.4999999999999997,-0.8660254037844388,221,-0.6152845999633277,-0.7883050558305253,-0.663122658240795,-0.7485107481711013,0,Winter,0,0,0,1,1,1,0,0,0,585,0,0,0,0,0,1,1,203.0,182.0,174.0,478.0,211.0,156.0,302.0,236.0,186.33333333333334,14.977761292429616,203.0,174.0,209.0,49.52103929981001,288.0,144.0,240.92857142857142,81.95164079242736,478.0,144.0,246.16666666666666,88.04351719201215,478.0,132.0,283.35,102.88875430634747,743.0,132.0,279.26666666666665,95.41521325945995,743.0,110.0,209.22357290647773,223.55586758913194,246.26133338220484,216.0,478.0,211.0,156.0,265.25,5.53338948872752
2024-08-09,2024,8,9,4,Friday,32,3,0,0,15.7,3.1,Cloudy,0,0,0,1,20,144.0,213.0,279.0,224.8571428571429,225.2142857142857,243.86666666666667,323.0,219,-0.433883739117558,-0.9009688679024191,-0.4999999999999997,-0.8660254037844388,222,-0.6287628145958345,-0.7775971469736268,-0.663122658240795,-0.7485107481711013,0,Winter,0,0,0,1,1,1,0,0,0,586,0,0,0,0,0,0,1,252.0,203.0,182.0,213.0,242.0,238.0,424.0,348.0,212.33333333333334,35.921210076123835,252.0,182.0,214.14285714285714,52.167769652115524,288.0,144.0,224.78571428571428,46.06045955117609,314.0,144.0,245.86666666666667,88.00655670453432,478.0,132.0,282.51666666666665,102.93761343594029,743.0,132.0,279.44444444444446,95.34857529866689,743.0,110.0,219.91767967985828,227.34841857724768,246.63156993819163,144.0,213.0,242.0,238.0,209.25,5.393627546352361
2024-08-10,2024,8,10,5,Saturday,32,3,0,0,13.6,0.4,Sunny,0,0,0,0,25,288.0,314.0,156.0,247.0,234.42857142857144,253.4333333333333,206.0,443,-0.9749279121818236,-0.2225209339563146,-0.4999999999999997,-0.8660254037844388,223,-0.6420547132365636,-0.7666588193001592,-0.663122658240795,-0.7485107481711013,1,Winter,0,0,0,1,3,0,0,0,1,587,0,0,0,1,0,0,0,219.0,252.0,203.0,314.0,464.0,309.0,164.0,385.0,224.66666666666666,24.98666310920745,252.0,203.0,224.85714285714286,42.088908164458104,288.0,174.0,225.21428571428572,45.97018861999412,314.0,144.0,243.86666666666667,87.90933155651084,478.0,132.0,279.1,101.5548111170368,743.0,132.0,278.0111111111111,95.2760029025596,743.0,110.0,219.6882597598937,226.23529610028132,244.8488880066954,288.0,314.0,464.0,309.0,343.75,6.095824562432225
2024-08-11,2024,8,11,6,Sunday,32,3,0,0,12.2,3.4,Cloudy,0,0,0,0,25,256.0,249.0,238.0,252.14285714285717,237.5,255.2333333333333,376.0,292,-0.7818314824680299,0.6234898018587334,-0.4999999999999997,-0.8660254037844388,224,-0.655156357209085,-0.7554933140726804,-0.663122658240795,-0.7485107481711013,1,Winter,0,0,0,1,1,1,0,0,0,588,0,0,0,0,0,0,0,443.0,219.0,252.0,249.0,292.0,413.0,213.0,280.0,304.6666666666667,120.93110986563003,443.0,219.0,247.0,92.01086892318754,443.0,174.0,234.42857142857142,71.16147865211664,443.0,144.0,253.43333333333334,93.45870684455988,478.0,132.0,283.75,102.57756469940728,743.0,132.0,278.65555555555557,96.19948388180676,743.0,110.0,275.51619481992026,255.13725662024382,257.6328307159409,256.0,249.0,292.0,413.0,302.5,5.680172609017068
2024-08-12,2024,8,12,0,Monday,33,3,0,0,12.4,2.1,Cloudy,0,0,0,0,25,174.0,245.0,309.0,254.7142857142857,233.7142857142857,251.33333333333331,294.0,192,0.0,1.0,-0.4999999999999997,-0.8660254037844388,225,-0.6680638642135333,-0.7441039398713608,-0.7485107481711011,-0.6631226582407952,0,Winter,0,0,0,1,1,1,0,0,0,589,0,0,0,0,0,0,0,292.0,443.0,219.0,245.0,165.0,331.0,205.0,247.0,318.0,114.24097338520781,443.0,219.0,252.14285714285714,93.5902925369018,443.0,174.0,237.5,72.74904175948086,443.0,144.0,255.23333333333332,93.6709881606275,478.0,132.0,285.06666666666666,102.16020430986244,743.0,132.0,278.7888888888889,96.20968374307485,743.0,110.0,279.6371461149402,260.052289070878,259.8500674439447,174.0,245.0,165.0,331.0,228.75,5.262690188904886
2024-08-13,2024,8,13,1,Tuesday,33,3,0,0,11.1,1.1,Cloudy,0,0,0,0,25,182.0,189.0,413.0,258.0,234.8571428571429,244.4,189.0,205,0.7818314824680298,0.6234898018587336,-0.4999999999999997,-0.8660254037844388,226,-0.680773409477016,-0.732494071613579,-0.7485107481711011,-0.6631226582407952,0,Winter,0,0,0,1,1,1,0,0,0,590,0,0,0,0,0,0,0,192.0,292.0,443.0,189.0,145.0,132.0,265.0,237.0,309.0,126.36059512363715,443.0,192.0,254.71428571428572,91.30482697301073,443.0,182.0,233.71428571428572,73.70150668684933,443.0,144.0,251.33333333333334,93.79079189173142,478.0,132.0,284.85,102.34650764495441,743.0,132.0,278.1777777777778,96.58780458736055,743.0,110.0,257.72785958620517,250.97865052809425,255.47264373788374,182.0,189.0,145.0,132.0,162.0,5.327876168789581
2024-08-14,2024,8,14,2,Wednesday,33,3,0,0,12.7,1.2,Cloudy,0,0,0,0,25,203.0,222.0,331.0,263.57142857142856,236.28571428571428,241.4333333333333,245.0,242,0.9749279121818236,-0.22252093395631434,-0.4999999999999997,-0.8660254037844388,227,-0.6932812268869771,-0.7206671495538615,-0.7485107481711011,-0.6631226582407952,0,Winter,0,0,0,1,1,1,0,0,0,591,0,0,0,0,0,0,0,205.0,192.0,292.0,222.0,165.0,209.0,369.0,257.0,229.66666666666666,54.37217425607543,292.0,192.0,258.0,88.62655734409788,443.0,192.0,234.85714285714286,73.0762058958419,443.0,144.0,244.4,88.9930644333663,478.0,132.0,283.85,102.83569666450771,743.0,132.0,277.8222222222222,96.7997559865266,743.0,110.0,244.5458946896539,244.84816379101503,252.21634414189126,203.0,222.0,165.0,209.0,199.75,5.493061443340548
2024-08-15,2024,8,15,3,Thursday,33,3,0,0,3.4,0.6,Cloudy,0,0,0,0,25,252.0,216.0,132.0,247.28571428571428,230.7142857142857,241.63333333333333,188.0,138,0.43388373911755823,-0.900968867902419,-0.4999999999999997,-0.8660254037844388,228,-0.7055836101071774,-0.70862667826446,-0.7485107481711011,-0.6631226582407952,0,Winter,0,0,0,1,1,1,0,0,0,592,0,0,0,0,0,0,0,242.0,205.0,192.0,216.0,478.0,211.0,389.0,355.0,213.0,25.942243542139664,242.0,192.0,263.57142857142856,85.77267852266469,443.0,192.0,236.28571428571428,73.00097846702103,443.0,144.0,241.43333333333334,87.4771628654497,478.0,132.0,281.73333333333335,102.35926537954253,743.0,132.0,277.65555555555557,96.84891060638138,743.0,110.0,243.90942101724042,244.46840861887972,251.55722516499506,252.0,216.0,478.0,211.0,289.25,4.9344739331306915
2024-08-16,2024,8,16,4,Friday,33,3,0,0,10.1,2.8,Cloudy,0,0,0,0,25,219.0,144.0,209.0,245.7142857142857,235.28571428571428,241.6,154.0,208,-0.433883739117558,-0.9009688679024191,-0.4999999999999997,-0.8660254037844388,229,-0.7176769136759615,-0.6963762255968726,-0.7485107481711011,-0.6631226582407952,0,Winter,0,0,0,1,1,1,0,0,0,593,0,0,0,0,0,0,0,138.0,242.0,205.0,144.0,213.0,242.0,363.0,379.0,195.0,52.716221412385714,242.0,138.0,247.28571428571428,98.25089361037944,443.0,138.0,230.71428571428572,77.50576015460052,443.0,138.0,241.63333333333333,87.22483169584062,478.0,138.0,277.55,103.02795819335444,743.0,132.0,275.24444444444447,97.59999897668848,743.0,110.0,217.4320657629303,230.2726208030291,244.23095257370508,219.0,144.0,213.0,242.0,204.5,5.342334251964811
2024-08-17,2024,8,17,5,Saturday,33,3,0,0,11.7,1.4,Cloudy,0,0,1,0,25,443.0,288.0,211.0,215.0,231.0,242.16666666666663,129.0,228,-0.9749279121818236,-0.2225209339563146,-0.4999999999999997,-0.8660254037844388,230,-0.7295575540864876,-0.6839194216246105,-0.7485107481711011,-0.6631226582407952,1,Winter,0,0,0,1,1,1,0,0,0,594,0,0,0,0,0,1,1,208.0,138.0,242.0,288.0,314.0,464.0,205.0,235.0,196.0,53.02829433424834,242.0,138.0,245.71428571428572,98.86474647334154,443.0,138.0,235.28571428571428,73.79642327316208,443.0,138.0,241.6,87.23792278827884,478.0,138.0,274.96666666666664,102.79203402933065,743.0,132.0,273.34444444444443,97.22118429979182,743.0,110.0,215.07404932219774,227.3029380292919,241.8934717624983,443.0,288.0,314.0,464.0,377.25,5.43372200355424
2024-08-18,2024,8,18,6,Sunday,33,3,0,0,7.5,0.8,Cloudy,0,0,0,0,25,292.0,256.0,242.0,206.57142857142856,229.3571428571429,241.86666666666667,313.0,233,-0.7818314824680299,0.6234898018587334,-0.4999999999999997,-0.8660254037844388,231,-0.7412220108485957,-0.6712599575675315,-0.7485107481711011,-0.6631226582407952,1,Winter,0,0,0,1,1,1,0,0,0,595,0,0,0,0,0,0,0,228.0,208.0,138.0,256.0,249.0,292.0,275.0,267.0,191.33333333333334,47.258156262522604,228.0,138.0,215.0,47.31807265728396,292.0,138.0,231.0,72.22507555178564,443.0,138.0,242.16666666666666,87.08738510070255,478.0,138.0,275.35,102.56933578837226,743.0,132.0,273.26666666666665,97.25499900498987,743.0,110.0,218.3055369916483,227.39587962538633,240.99711874556294,292.0,256.0,249.0,292.0,272.25,5.455321115357702
2024-08-19,2024,8,19,0,Monday,34,3,0,0,12.2,1.8,Cloudy,0,0,0,0,25,192.0,174.0,464.0,207.8571428571429,231.28571428571428,233.1,249.0,201,0.0,1.0,-0.4999999999999997,-0.8660254037844388,232,-0.7526668275320083,-0.6584015846980489,-0.8229838658936564,-0.5680647467311559,0,Winter,0,0,0,1,1,1,0,0,0,596,0,0,0,0,0,0,0,233.0,228.0,208.0,174.0,245.0,165.0,225.0,325.0,223.0,13.228756555311325,233.0,208.0,206.57142857142858,34.95643547263344,242.0,138.0,229.35714285714286,71.87340060331996,443.0,138.0,241.86666666666667,87.10347921842117,478.0,138.0,274.65,102.71497918586465,743.0,132.0,272.8888888888889,97.34560745553082,743.0,110.0,221.97915274373622,228.14309567533482,240.48117560068792,192.0,174.0,245.0,165.0,194.0,5.308267697401205
2024-08-20,2024,8,20,1,Tuesday,34,3,0,0,10.4,10.9,Rainy,0,0,1,0,25,205.0,182.0,292.0,200.42857142857144,229.2142857142857,228.46666666666667,164.0,153,0.7818314824680298,0.6234898018587336,-0.4999999999999997,-0.8660254037844388,233,-0.7638886127905429,-0.64534811322955,-0.8229838658936564,-0.5680647467311559,0,Winter,0,0,0,1,0,0,0,1,0,597,0,0,0,0,0,1,1,201.0,233.0,228.0,182.0,189.0,145.0,339.0,341.0,220.66666666666666,17.214335111558157,233.0,201.0,207.85714285714286,34.493615696379635,242.0,138.0,231.28571428571428,70.62515194965383,443.0,138.0,233.1,76.5742146210295,478.0,138.0,274.25,102.95805053268826,743.0,132.0,271.5111111111111,97.47719346566394,743.0,110.0,216.73436455780217,224.52401625195685,237.9340029812887,205.0,182.0,189.0,145.0,180.25,5.0369526024136295
2024-08-21,2024,8,21,2,Wednesday,34,3,0,0,16.3,1.1,Cloudy,0,0,0,0,25,242.0,203.0,165.0,190.57142857142856,227.07142857142856,228.7333333333333,162.0,173,0.9749279121818236,-0.22252093395631434,-0.4999999999999997,-0.8660254037844388,234,-0.7748840413670406,-0.6321034111873488,-0.8229838658936564,-0.5680647467311559,0,Winter,0,0,0,1,1,1,0,0,0,598,0,0,0,0,0,0,0,153.0,201.0,233.0,203.0,222.0,165.0,348.0,201.0,195.66666666666666,40.26578365477327,233.0,153.0,200.42857142857142,40.318966351074174,242.0,138.0,229.21428571428572,72.58011867152896,443.0,138.0,228.46666666666667,77.09095985881822,478.0,138.0,271.15,103.77237557367305,743.0,132.0,269.4222222222222,97.98440345712599,743.0,110.0,200.80077341835164,214.98748075169595,232.4543898857217,242.0,203.0,222.0,165.0,208.0,5.159055299214529
2024-08-22,2024,8,22,3,Thursday,34,3,0,0,15.7,5.1,Rainy,0,0,0,0,25,138.0,252.0,145.0,186.42857142857144,216.8571428571429,227.53333333333333,213.0,109,0.43388373911755823,-0.900968867902419,-0.4999999999999997,-0.8660254037844388,235,-0.7856498550787144,-0.6186714032625032,-0.8229838658936564,-0.5680647467311559,0,Winter,0,0,0,1,0,0,0,1,0,599,0,0,0,0,0,0,0,173.0,153.0,201.0,252.0,216.0,478.0,332.0,262.0,175.66666666666666,24.110855093359763,201.0,153.0,190.57142857142858,36.73716167069867,233.0,138.0,227.07142857142858,73.84543555053318,443.0,138.0,228.73333333333332,76.8773915617149,478.0,138.0,268.23333333333335,104.03476711350704,743.0,132.0,269.1111111111111,98.24818887251304,743.0,110.0,193.85058006376374,209.38914998480317,228.6186227963203,138.0,252.0,216.0,478.0,271.0,4.700480365792417
2024-08-23,2024,8,23,4,Friday,34,3,0,0,9.6,0.8,Cloudy,0,0,0,0,25,208.0,219.0,165.0,183.8571428571429,214.78571428571428,228.36666666666667,177.0,190,-0.433883739117558,-0.9009688679024191,-0.4999999999999997,-0.8660254037844388,236,-0.7961828637826154,-0.6050560696488494,-0.8229838658936564,-0.5680647467311559,0,Winter,0,0,0,1,1,1,0,0,0,600,0,0,0,0,0,0,0,109.0,173.0,153.0,219.0,144.0,213.0,337.0,470.0,145.0,32.74141108748427,173.0,109.0,186.42857142857142,44.47417656294925,233.0,109.0,216.85714285714286,79.78322278124782,443.0,109.0,227.53333333333333,78.49345825293753,478.0,109.0,264.51666666666665,105.68829957316339,743.0,109.0,267.4111111111111,99.68578662442927,743.0,109.0,172.6379350478228,196.0039299868294,220.9012922933319,208.0,219.0,144.0,213.0,196.0,5.25227342804663
2024-08-24,2024,8,24,5,Saturday,34,3,0,0,10.5,0.1,Sunny,0,0,0,0,25,228.0,443.0,478.0,210.28571428571428,212.64285714285717,226.2,203.0,413,-0.9749279121818236,-0.2225209339563146,-0.4999999999999997,-0.8660254037844388,237,-0.8064799463209447,-0.5912614448635783,-0.8229838658936564,-0.5680647467311559,1,Winter,0,0,0,1,3,0,0,0,1,601,0,0,0,1,0,0,0,190.0,109.0,173.0,443.0,288.0,314.0,264.0,323.0,157.33333333333334,42.71221527072764,190.0,109.0,183.85714285714286,43.52940987205693,233.0,109.0,214.78571428571428,80.09914872439786,443.0,109.0,228.36666666666667,77.93741226064,478.0,109.0,262.06666666666666,105.68338815099328,743.0,109.0,264.3,97.64041459251214,743.0,109.0,176.9784512858671,195.2034059885855,218.90766053247177,228.0,443.0,288.0,314.0,318.25,6.025865973825314
2024-08-25,2024,8,25,6,Sunday,34,3,0,0,10.8,0.5,Cloudy,0,0,1,0,25,233.0,292.0,213.0,217.8571428571429,212.2142857142857,228.63333333333333,279.0,286,-0.7818314824680299,0.6234898018587334,-0.4999999999999997,-0.8660254037844388,238,-0.8165380514459157,-0.5772916165517278,-0.8229838658936564,-0.5680647467311559,1,Winter,0,0,0,1,1,1,0,0,0,602,0,0,0,0,0,1,1,413.0,190.0,109.0,292.0,256.0,249.0,294.0,237.0,237.33333333333334,157.43040790562995,413.0,109.0,210.28571428571428,97.49993894991985,413.0,109.0,212.64285714285714,73.66724263444516,413.0,109.0,226.2,71.38646640790392,443.0,109.0,264.55,107.46515793266015,743.0,109.0,265.3,98.70344301452333,743.0,109.0,235.98383846440032,224.2429518567741,231.42974694973168,233.0,292.0,256.0,249.0,257.5,5.659482215759621
2024-08-26,2024,8,26,0,Monday,35,3,0,0,9.6,1.1,Cloudy,0,0,0,0,25,201.0,192.0,314.0,213.7142857142857,210.78571428571428,223.9,204.0,172,0.0,1.0,-0.4999999999999997,-0.8660254037844388,239,-0.8263541987239094,-0.5631507242749189,-0.8854560256532096,-0.4647231720437691,0,Winter,0,0,0,1,1,1,0,0,0,603,0,0,0,0,0,0,0,286.0,413.0,190.0,192.0,174.0,245.0,346.0,178.0,296.3333333333333,111.85854161990973,413.0,190.0,217.85714285714286,101.53230778333332,413.0,109.0,212.21428571428572,73.18593661818434,413.0,109.0,228.63333333333333,72.16097107943003,443.0,109.0,264.4166666666667,107.43295767817382,743.0,109.0,265.84444444444443,98.68072579255902,743.0,109.0,248.48787884830023,232.47722494253756,234.95040843684578,201.0,192.0,174.0,245.0,203.0,5.153291594497779
2024-08-27,2024,8,27,1,Tuesday,35,3,0,0,11.6,0.5,Cloudy,0,0,0,0,25,153.0,205.0,249.0,213.0,206.7142857142857,220.53333333333333,213.0,148,0.7818314824680298,0.6234898018587336,-0.4999999999999997,-0.8660254037844388,240,-0.8359254794186365,-0.5488429582847199,-0.8854560256532096,-0.4647231720437691,0,Winter,0,0,0,1,1,1,0,0,0,604,0,0,0,0,0,0,0,172.0,286.0,413.0,205.0,182.0,189.0,320.0,282.0,290.3333333333333,120.55842290496783,413.0,172.0,213.71428571428572,102.91697994939788,413.0,109.0,210.78571428571428,73.80345892605659,413.0,109.0,223.9,71.01643811652706,443.0,109.0,261.51666666666665,107.54179190272858,743.0,109.0,265.77777777777777,98.74274574723339,743.0,109.0,229.36590913622518,224.41359495019924,230.8890917635009,153.0,205.0,182.0,189.0,182.25,5.003946305945459
2024-08-28,2024,8,28,2,Wednesday,35,3,0,0,8.7,0.0,Partly Cloudy,0,0,0,0,25,173.0,242.0,245.0,215.0,202.78571428571428,218.6,219.0,187,0.9749279121818236,-0.22252093395631434,-0.4999999999999997,-0.8660254037844388,241,-0.8452490573530633,-0.5343725582809785,-0.8854560256532096,-0.4647231720437691,0,Winter,0,0,0,1,2,0,1,0,0,605,0,0,0,0,0,0,0,148.0,172.0,286.0,242.0,203.0,222.0,363.0,110.0,202.0,73.72923436466482,286.0,148.0,213.0,103.42469079802304,413.0,109.0,206.71428571428572,75.69516656800359,413.0,109.0,220.53333333333333,72.17016927604665,443.0,109.0,258.65,108.2465523778701,743.0,109.0,264.2888888888889,99.50272363100127,743.0,109.0,209.0244318521689,214.22511562350604,225.54140842392022,173.0,242.0,203.0,222.0,210.0,5.236441962829949
2024-08-29,2024,8,29,3,Thursday,35,3,0,0,7.6,4.9,Cloudy,0,0,0,0,25,109.0,138.0,189.0,222.28571428571428,204.3571428571429,217.63333333333333,173.0,160,0.43388373911755823,-0.900968867902419,-0.4999999999999997,-0.8660254037844388,242,-0.8543221697498269,-0.5197438121555157,-0.8854560256532096,-0.4647231720437691,0,Winter,0,0,0,1,1,1,0,0,0,606,0,0,0,0,0,0,0,187.0,148.0,172.0,138.0,252.0,216.0,743.0,222.0,169.0,19.672315572897027,187.0,148.0,215.0,102.65476121447072,413.0,109.0,202.78571428571428,75.14824177422784,413.0,109.0,218.6,72.26894215359661,443.0,109.0,255.71666666666667,107.75444332600506,743.0,109.0,265.14444444444445,98.48704484599375,743.0,109.0,203.5183238891267,210.59510020703857,223.05486594495764,109.0,138.0,252.0,216.0,178.75,5.081404364984463
2024-08-30,2024,8,30,4,Friday,35,3,0,0,12.9,3.7,Cloudy,0,0,0,0,25,190.0,208.0,222.0,223.0,203.42857142857144,216.7333333333333,212.0,195,-0.433883739117558,-0.9009688679024191,-0.4999999999999997,-0.8660254037844388,243,-0.8631421280499115,-0.5049610547215202,-0.8854560256532096,-0.4647231720437691,0,Winter,0,0,0,1,1,1,0,0,0,607,0,0,0,0,0,0,0,160.0,187.0,148.0,208.0,219.0,144.0,259.0,318.0,165.0,19.97498435542926,187.0,148.0,222.28571428571428,95.43359695920212,413.0,148.0,204.35714285714286,73.90909920337623,413.0,109.0,217.63333333333333,72.86997552718971,443.0,109.0,246.0,87.44024594069685,478.0,109.0,264.4555555555556,99.00767886586826,743.0,109.0,192.63874291684502,203.8490868461001,218.986810077541,190.0,208.0,219.0,144.0,190.25,5.278114659230518
2024-08-31,2024,8,31,5,Saturday,35,3,0,0,12.9,2.7,Cloudy,0,0,0,0,25,413.0,228.0,216.0,200.14285714285717,205.2142857142857,217.96666666666667,219.0,253,-0.9749279121818236,-0.2225209339563146,-0.4999999999999997,-0.8660254037844388,244,-0.8717063187093217,-0.4900286664290594,-0.8854560256532096,-0.4647231720437691,1,Winter,0,0,0,1,1,1,0,0,0,608,0,0,0,0,0,0,0,195.0,160.0,187.0,228.0,443.0,288.0,264.0,268.0,180.66666666666666,18.33939293796252,195.0,160.0,223.0,95.17002329165071,413.0,148.0,203.42857142857142,73.94146779270899,413.0,109.0,216.73333333333332,72.98083514766373,443.0,109.0,244.93333333333334,87.66903607891278,478.0,109.0,263.0888888888889,99.10913794131481,743.0,109.0,193.22905718763377,202.66920859995344,217.43927394350612,413.0,228.0,443.0,288.0,343.0,5.537334267018537
2024-09-01,2024,9,1,6,Sunday,35,3,0,0,10.1,0.4,Sunny,1,0,0,0,25,286.0,233.0,144.0,227.0,222.42857142857144,228.96666666666667,296.0,474,-0.7818314824680299,0.6234898018587334,-0.8660254037844384,-0.5000000000000004,245,-0.8800122039735356,-0.4749510720670502,-0.8854560256532096,-0.4647231720437691,1,Spring,0,1,0,0,3,0,0,0,1,609,0,0,1,1,0,1,1,253.0,195.0,160.0,233.0,292.0,256.0,367.0,215.0,202.66666666666666,46.97162263891899,253.0,160.0,200.14285714285714,50.8049491402448,286.0,148.0,205.21428571428572,74.87649171127461,413.0,109.0,217.96666666666667,73.28004071925714,443.0,109.0,244.75,87.6399848764969,478.0,109.0,262.9222222222222,99.11339865406168,743.0,109.0,208.17179289072533,209.37998078662633,219.73351433424767,286.0,233.0,292.0,256.0,266.75,6.163314804034641
2024-09-02,2024,9,2,0,Monday,36,3,0,0,15.2,0.3,Partly Cloudy,1,0,0,0,25,172.0,201.0,288.0,249.28571428571428,231.5,230.3,282.0,328,0.0,1.0,-0.8660254037844384,-0.5000000000000004,246,-0.888057322629493,-0.4597327394521046,-0.9350162426854147,-0.3546048870425359,0,Spring,0,1,0,0,2,0,1,0,0,610,0,0,0,0,0,1,1,474.0,253.0,195.0,201.0,192.0,174.0,359.0,127.0,307.3333333333333,147.22205450724115,474.0,195.0,227.0,114.06430934638,474.0,148.0,222.42857142857142,103.85249471890529,474.0,109.0,228.96666666666667,85.53703909693836,474.0,109.0,246.53333333333333,91.18661563001754,478.0,109.0,265.8,101.43910555023326,743.0,109.0,274.628844668044,244.66265001507614,236.13780373203815,172.0,201.0,192.0,174.0,184.75,5.796057750765372
2024-09-03,2024,9,3,1,Tuesday,36,3,0,0,10.6,0.1,Partly Cloudy,1,0,0,0,25,148.0,153.0,256.0,263.7142857142857,238.3571428571429,230.06666666666663,274.0,249,0.7818314824680298,0.6234898018587336,-0.8660254037844384,-0.5000000000000004,247,-0.8958392907349089,-0.4443781781046134,-0.9350162426854147,-0.3546048870425359,0,Spring,0,1,0,0,2,0,1,0,0,611,0,0,0,0,0,1,1,328.0,474.0,253.0,153.0,205.0,182.0,268.0,169.0,351.6666666666667,112.3847557871312,474.0,253.0,249.28571428571428,116.73576185230513,474.0,148.0,231.5,107.32535007737162,474.0,109.0,230.3,86.79152588540623,474.0,109.0,246.01666666666668,90.62466676346325,478.0,109.0,268.03333333333336,100.55770884914129,743.0,109.0,287.971633501033,255.77429667973269,242.0643970396486,148.0,153.0,205.0,182.0,172.0,5.521460917862246
2024-09-04,2024,9,4,2,Wednesday,36,3,0,0,13.3,2.6,Cloudy,1,0,0,0,25,187.0,173.0,174.0,274.7142857142857,244.8571428571429,233.06666666666663,180.0,264,0.9749279121818236,-0.22252093395631434,-0.8660254037844384,-0.5000000000000004,248,-0.9033558023246842,-0.4288919379124841,-0.9350162426854147,-0.3546048870425359,0,Spring,0,1,0,0,1,1,0,0,0,612,0,0,0,0,0,1,1,249.0,328.0,474.0,173.0,242.0,203.0,409.0,205.0,350.3333333333333,114.15048547129844,474.0,249.0,263.7142857142857,108.04893071461389,474.0,160.0,238.35714285714286,104.9649077936597,474.0,109.0,230.06666666666666,86.72943792218851,474.0,109.0,245.7,90.57973358093565,478.0,109.0,268.9222222222222,100.02462930156881,743.0,109.0,278.22872512577476,254.871057122435,242.51185529515516,187.0,173.0,242.0,203.0,201.25,5.579729825986222
2024-09-05,2024,9,5,3,Thursday,36,3,0,0,15.0,5.3,Rainy,1,0,0,0,25,160.0,109.0,182.0,317.1428571428572,269.7142857142857,242.2333333333333,257.0,457,0.43388373911755823,-0.900968867902419,-0.8660254037844384,-0.5000000000000004,249,-0.9106046300942162,-0.41327860778290443,-0.9350162426854147,-0.3546048870425359,0,Spring,0,1,0,0,0,0,0,1,0,613,0,0,0,0,0,1,1,264.0,249.0,328.0,109.0,138.0,252.0,379.0,330.0,280.3333333333333,41.956326499505,328.0,249.0,274.7142857142857,102.72570967665024,474.0,160.0,244.85714285714286,103.41243575185477,474.0,109.0,233.06666666666666,86.27859179598813,474.0,109.0,243.28333333333333,88.04796298217691,478.0,109.0,269.5777777777778,99.79405509953182,743.0,109.0,274.67154384433104,256.08824950611034,243.89818721159676,160.0,109.0,138.0,252.0,164.75,6.126869184114185
2024-09-06,2024,9,6,4,Friday,36,3,0,0,12.4,1.1,Cloudy,1,0,0,0,25,195.0,190.0,203.0,328.42857142857144,275.7142857142857,244.6,250.0,274,-0.433883739117558,-0.9009688679024191,-0.8660254037844384,-0.5000000000000004,250,-0.9175836260593934,-0.3975428142825566,-0.9350162426854147,-0.3546048870425359,0,Spring,0,1,0,0,1,1,0,0,0,614,0,0,0,0,0,1,1,457.0,264.0,249.0,190.0,208.0,219.0,226.0,324.0,323.3333333333333,116.00143677271026,457.0,249.0,317.14285714285717,108.61465304986648,474.0,195.0,269.7142857142857,109.8673525886322,474.0,148.0,242.23333333333332,94.84894827306022,474.0,109.0,244.58333333333334,90.62388125161826,478.0,109.0,270.9888888888889,101.54065931011817,743.0,109.0,320.25365788324825,282.87648290529563,257.6466912624615,195.0,190.0,208.0,219.0,203.0,5.616771097666572
2024-09-07,2024,9,7,5,Saturday,36,3,0,0,13.9,0.3,Sunny,1,0,0,0,25,253.0,413.0,252.0,382.1428571428572,291.1428571428572,257.1666666666667,270.0,629,-0.9749279121818236,-0.2225209339563146,-0.8660254037844384,-0.5000000000000004,251,-0.9242907221930934,-0.3816892202666586,-0.9350162426854147,-0.3546048870425359,1,Spring,0,1,0,0,3,0,0,0,1,615,0,0,1,1,0,1,1,274.0,457.0,264.0,413.0,228.0,443.0,261.0,302.0,331.6666666666667,108.65695253104195,457.0,264.0,328.42857142857144,97.32566832180363,474.0,249.0,275.7142857142857,107.44617870674129,474.0,148.0,244.6,94.72195244958782,474.0,109.0,245.38333333333333,90.668906274267,478.0,109.0,270.43333333333334,101.38402351810173,743.0,109.0,308.6902434124362,281.6929518512562,258.7017434390769,253.0,413.0,228.0,443.0,334.25,6.4457198193855785
2024-09-08,2024,9,8,6,Sunday,36,3,0,0,11.0,1.4,Cloudy,1,0,0,0,25,474.0,286.0,219.0,365.0,296.0,261.6666666666667,310.0,354,-0.7818314824680299,0.6234898018587334,-0.8660254037844384,-0.5000000000000004,252,-0.9307239310379793,-0.3657225234972692,-0.9350162426854147,-0.3546048870425359,1,Spring,0,1,0,0,1,1,0,0,0,616,0,0,1,0,0,1,1,629.0,274.0,457.0,286.0,233.0,292.0,279.0,424.0,453.3333333333333,177.52840148363074,629.0,274.0,382.14285714285717,142.17996644092614,629.0,249.0,291.14285714285717,139.42511480132382,629.0,148.0,257.1666666666667,117.90793700678216,629.0,109.0,251.51666666666668,103.30889860546142,629.0,109.0,274.06666666666666,108.16090801427202,743.0,109.0,388.7676825593271,328.0005582710887,282.5919535397816,474.0,286.0,233.0,292.0,321.25,5.872117789475416
2024-09-09,2024,9,9,0,Monday,37,3,0,0,11.9,0.9,Cloudy,1,0,0,0,25,328.0,172.0,443.0,355.42857142857144,302.35714285714283,255.6,329.0,261,0.0,1.0,-0.8660254037844384,-0.5000000000000004,253,-0.9368813462954315,-0.34964745525122826,-0.970941817426052,-0.23931566428755774,0,Spring,0,1,0,0,1,1,0,0,0,617,0,0,0,0,0,1,1,354.0,629.0,274.0,172.0,201.0,192.0,156.0,164.0,419.0,186.21224449536027,629.0,274.0,365.0,136.37448441699064,629.0,249.0,296.0,140.41312671486898,629.0,148.0,261.6666666666667,118.97242025616318,629.0,109.0,252.76666666666668,104.09779734667512,629.0,109.0,273.2888888888889,107.31903968844644,743.0,109.0,380.07576191949533,331.4671505016102,287.19892427915056,328.0,172.0,201.0,192.0,223.25,5.568344503761097
2024-09-10,2024,9,10,1,Tuesday,37,3,0,0,11.9,0.9,Cloudy,1,0,0,0,25,249.0,148.0,292.0,353.57142857142856,308.6428571428572,253.7333333333333,221.0,236,0.7818314824680298,0.6234898018587336,-0.8660254037844384,-0.5000000000000004,254,-0.9427611433904206,-0.33346877891818705,-0.970941817426052,-0.23931566428755774,0,Spring,0,1,0,0,1,1,0,0,0,618,0,0,0,0,0,1,1,261.0,354.0,629.0,148.0,153.0,205.0,238.0,213.0,414.6666666666667,191.35394778612005,629.0,261.0,355.42857142857144,141.65316462267643,629.0,249.0,302.35714285714283,136.32235955368958,629.0,148.0,255.6,113.94088001209639,629.0,109.0,254.51666666666668,103.32317108768913,629.0,109.0,274.3666666666667,106.6944024099572,743.0,109.0,350.3068214396215,322.07153043472886,285.5086710998505,249.0,148.0,153.0,205.0,188.75,5.4680601411351315
2024-09-11,2024,9,11,2,Wednesday,37,3,0,0,10.3,1.9,Cloudy,1,0,0,0,25,264.0,187.0,192.0,364.0,319.35714285714283,258.56666666666666,178.0,337,0.9749279121818236,-0.22252093395631434,-0.8660254037844384,-0.5000000000000004,255,-0.9483615800121716,-0.31719128858910595,-0.970941817426052,-0.23931566428755774,0,Spring,0,1,0,0,1,1,0,0,0,619,0,0,0,0,0,1,1,236.0,261.0,354.0,187.0,173.0,242.0,309.0,205.0,283.6666666666667,62.17984668148578,354.0,236.0,353.57142857142856,143.35603363985908,629.0,236.0,308.64285714285717,130.56481275470065,629.0,160.0,253.73333333333332,113.78259164265617,629.0,109.0,254.48333333333332,103.32891233480515,629.0,109.0,274.6222222222222,106.57324092097136,743.0,109.0,321.73011607971614,310.595326376765,282.31456328695697,264.0,187.0,173.0,242.0,216.5,5.823045895483019
2024-09-12,2024,9,12,3,Thursday,37,3,0,0,12.0,2.5,Cloudy,1,0,0,0,25,457.0,160.0,205.0,342.85714285714283,330.0,262.03333333333336,219.0,309,0.43388373911755823,-0.900968867902419,-0.8660254037844384,-0.5000000000000004,256,-0.9536809966304455,-0.300819807635668,-0.970941817426052,-0.23931566428755774,0,Spring,0,1,0,0,1,1,0,0,0,620,0,0,0,0,0,1,1,337.0,236.0,261.0,160.0,109.0,138.0,413.0,265.0,278.0,52.60228131934718,337.0,236.0,364.0,138.32088297385428,629.0,236.0,319.35714285714283,125.88554456199512,629.0,160.0,258.56666666666666,114.14892974057817,629.0,109.0,254.95,103.64205432028486,629.0,109.0,276.0888888888889,106.51260878512055,743.0,109.0,325.54758705978713,314.1159495265297,285.84265597812106,457.0,160.0,109.0,138.0,216.0,5.736572297479192
2024-09-13,2024,9,13,4,Friday,37,3,0,0,7.9,0.2,Sunny,1,0,0,0,25,274.0,195.0,242.0,346.57142857142856,337.5,263.96666666666664,249.0,300,-0.433883739117558,-0.9009688679024191,-0.8660254037844384,-0.5000000000000004,257,-0.9587178169872964,-0.2843591872810036,-0.970941817426052,-0.23931566428755774,0,Spring,0,1,0,0,3,0,0,0,1,621,0,0,0,0,0,1,1,309.0,337.0,236.0,195.0,190.0,208.0,331.0,369.0,294.0,52.144031297932386,337.0,236.0,342.85714285714283,132.94288068117658,629.0,236.0,330.0,117.38824472663241,629.0,195.0,262.03333333333336,114.0452068059075,629.0,109.0,253.21666666666667,101.80741068339063,629.0,109.0,276.5777777777778,106.56210699254937,743.0,109.0,321.4106902948404,313.43382292299236,287.336678173081,274.0,195.0,190.0,208.0,216.75,5.707110264748875
2024-09-14,2024,9,14,5,Saturday,37,3,0,0,11.0,0.1,Partly Cloudy,1,0,0,0,25,629.0,253.0,138.0,330.0,356.07142857142856,276.46666666666664,232.0,513,-0.9749279121818236,-0.2225209339563146,-0.8660254037844384,-0.5000000000000004,258,-0.9634705485641486,-0.26781430516217486,-0.970941817426052,-0.23931566428755774,1,Spring,0,1,0,0,2,0,1,0,0,622,0,0,1,0,0,1,1,300.0,309.0,337.0,253.0,413.0,228.0,132.0,389.0,315.3333333333333,19.29594085120235,337.0,300.0,346.57142857142856,131.04815545294437,629.0,236.0,337.5,111.29569070377578,629.0,236.0,263.96666666666664,114.18541586123077,629.0,109.0,252.7,101.48412249531513,629.0,109.0,275.81111111111113,106.13706364720264,743.0,109.0,316.0580177211303,311.64264653326006,288.1536666780435,629.0,253.0,413.0,228.0,380.75,6.2422232654551655
2024-09-15,2024,9,15,6,Sunday,37,3,0,0,11.6,10.3,Rainy,1,0,0,0,25,354.0,474.0,208.0,321.85714285714283,343.42857142857144,279.43333333333334,580.0,297,-0.7818314824680299,0.6234898018587334,-0.8660254037844384,-0.5000000000000004,259,-0.9679377830240641,-0.25119006388481957,-0.970941817426052,-0.23931566428755774,1,Spring,0,1,0,0,0,0,0,1,0,623,0,0,1,0,0,1,1,513.0,300.0,309.0,474.0,286.0,233.0,209.0,363.0,374.0,120.46161214262328,513.0,300.0,330.0,90.41754991888111,513.0,236.0,356.07142857142856,117.62356140587642,629.0,236.0,276.46666666666664,120.28320986202755,629.0,109.0,259.05,105.63856271363905,629.0,109.0,277.18888888888887,108.4035214864424,743.0,109.0,365.2935132908477,338.4902936621587,302.659881731073,354.0,474.0,286.0,233.0,336.75,5.697093486505405
2024-09-16,2024,9,16,0,Monday,38,3,0,1,11.7,0.5,Cloudy,1,0,1,0,25,261.0,328.0,228.0,347.0,351.2142857142857,286.4,367.0,437,0.0,1.0,-0.8660254037844384,-0.5000000000000004,260,-0.9721181966290612,-0.23449138957041052,-0.992708874098054,-0.12053668025532357,0,Spring,0,1,0,0,1,1,0,0,0,624,0,0,0,0,1,1,3,297.0,513.0,300.0,328.0,172.0,201.0,211.0,205.0,370.0,123.85071659057851,513.0,297.0,321.85714285714283,90.46256789676167,513.0,236.0,343.42857142857144,113.4098858027904,629.0,236.0,279.43333333333334,119.63210367574825,629.0,109.0,260.51666666666665,105.54274444013129,629.0,109.0,276.4555555555556,108.039127443147,743.0,109.0,348.22013496813577,332.95825450720423,302.2947280710038,261.0,328.0,172.0,201.0,240.5,6.082218910376446
2024-09-17,2024,9,17,1,Tuesday,38,3,0,1,11.8,0.1,Sunny,1,0,0,1,20,236.0,249.0,233.0,385.57142857142856,369.57142857142856,295.5,321.0,506,0.7818314824680298,0.6234898018587336,-0.8660254037844384,-0.5000000000000004,261,-0.9760105506323682,-0.21772323039653224,-0.992708874098054,-0.12053668025532357,0,Spring,0,1,0,0,3,0,0,0,1,625,0,0,0,0,0,1,3,437.0,297.0,513.0,249.0,148.0,153.0,242.0,275.0,415.6666666666667,109.5688520216086,513.0,297.0,347.0,95.07014953881874,513.0,236.0,351.2142857142857,115.98154930944642,629.0,236.0,286.4,122.58272365195252,629.0,109.0,264.28333333333336,107.75522979430121,629.0,109.0,279.03333333333336,109.07779411291388,743.0,109.0,370.4151012261018,346.830487239577,310.98539077610036,236.0,249.0,148.0,153.0,196.5,6.2285110035911835
2024-09-18,2024,9,18,2,Wednesday,38,3,0,1,12.3,0.4,Sunny,1,0,0,0,25,337.0,264.0,201.0,396.7142857142857,380.3571428571428,302.6333333333333,313.0,415,0.9749279121818236,-0.22252093395631434,-0.8660254037844384,-0.5000000000000004,262,-0.9796136916454901,-0.20089055513063528,-0.992708874098054,-0.12053668025532357,0,Spring,0,1,0,0,3,0,0,0,1,626,0,0,0,0,0,1,2,506.0,437.0,297.0,264.0,187.0,173.0,464.0,225.0,413.3333333333333,106.49100118476287,506.0,297.0,385.57142857142856,97.27599420010608,513.0,297.0,369.57142857142856,118.86172592600903,629.0,236.0,295.5,128.47346432039066,629.0,109.0,268.68333333333334,112.13105100225414,629.0,109.0,281.6,111.6688322222792,743.0,109.0,404.31132591957635,368.05308894096675,323.5669784679649,337.0,264.0,187.0,173.0,240.25,6.030685260261263
2024-09-19,2024,9,19,3,Thursday,38,3,0,1,13.9,0.1,Sunny,1,0,0,0,25,309.0,457.0,153.0,423.4285714285714,383.1428571428572,314.06666666666666,327.0,496,0.43388373911755823,-0.900968867902419,-0.8660254037844384,-0.5000000000000004,263,-0.9829265519799822,-0.18399835165767986,-0.992708874098054,-0.12053668025532357,0,Spring,0,1,0,0,3,0,0,0,1,627,0,0,0,0,0,1,2,415.0,506.0,437.0,457.0,160.0,109.0,292.0,339.0,452.6666666666667,47.47982027486199,506.0,415.0,396.7142857142857,95.2307973394363,513.0,297.0,380.35714285714283,115.34403865283662,629.0,236.0,302.6333333333333,128.98556009353766,629.0,109.0,267.8666666666667,110.8556041513079,629.0,109.0,283.7111111111111,112.38049777274676,743.0,109.0,406.98349443968226,374.31267708217115,329.46588308293485,309.0,457.0,160.0,109.0,258.75,6.208590026096629
2024-09-20,2024,9,20,4,Friday,38,3,0,1,15.1,1.0,Cloudy,1,0,0,0,25,300.0,274.0,173.0,435.2857142857143,390.9285714285714,321.06666666666666,323.0,383,-0.433883739117558,-0.9009688679024191,-0.8660254037844384,-0.5000000000000004,264,-0.9859481499638303,-0.1670516255021195,-0.992708874098054,-0.12053668025532357,0,Spring,0,1,0,0,1,1,0,0,0,628,0,0,0,0,0,1,2,496.0,415.0,506.0,274.0,195.0,190.0,165.0,348.0,472.3333333333333,49.90323970779061,506.0,415.0,423.42857142857144,92.71975183828098,513.0,297.0,383.14285714285717,117.78262712618984,629.0,236.0,314.06666666666666,130.45806125773288,629.0,109.0,271.26666666666665,114.67106482170946,629.0,109.0,285.4555555555556,114.4478843282648,743.0,109.0,429.2376208297617,390.537653471215,340.2100196582294,300.0,274.0,195.0,190.0,239.75,5.950642552587727
2024-09-21,2024,9,21,5,Saturday,38,3,0,1,10.6,3.2,Cloudy,1,0,0,0,25,513.0,629.0,109.0,454.8571428571428,392.4285714285714,339.1,308.0,650,-0.9749279121818236,-0.2225209339563146,-0.8660254037844384,-0.5000000000000004,265,-0.9886775902323404,-0.15005539834465262,-0.992708874098054,-0.12053668025532357,1,Spring,0,1,0,0,1,1,0,0,0,629,0,1,1,0,0,1,2,383.0,496.0,415.0,629.0,253.0,413.0,145.0,332.0,431.3333333333333,58.24374072235729,496.0,383.0,435.2857142857143,78.52539777191916,513.0,297.0,390.92857142857144,113.53919302006767,629.0,236.0,321.06666666666666,128.24301643507832,629.0,109.0,274.9,114.70059772574913,629.0,109.0,285.84444444444443,114.72193163472448,743.0,109.0,417.67821562232126,389.5326330083863,342.97066355124684,513.0,629.0,253.0,413.0,452.0,6.478509642208569
2024-09-22,2024,9,22,6,Sunday,38,3,0,1,8.9,0.8,Cloudy,1,0,0,0,25,297.0,354.0,190.0,465.1428571428572,393.5,345.06666666666666,485.0,369,-0.7818314824680299,0.6234898018587334,-0.8660254037844384,-0.5000000000000004,266,-0.9911140639934546,-0.13301470653419636,-0.992708874098054,-0.12053668025532357,1,Spring,0,1,0,0,1,1,0,0,0,630,0,1,1,0,0,1,2,650.0,383.0,496.0,354.0,474.0,286.0,165.0,337.0,509.6666666666667,134.02362975734255,650.0,383.0,454.85714285714283,111.3394637605024,650.0,297.0,392.42857142857144,117.01197459150082,650.0,236.0,339.1,135.24061571115018,650.0,148.0,283.31666666666666,123.21904041544883,650.0,109.0,289.3777777777778,120.89066262376464,743.0,109.0,475.75866171674096,424.2616152739348,362.7790078382632,297.0,354.0,474.0,286.0,352.75,5.91350300563827
2024-09-23,2024,9,23,0,Monday,39,3,0,1,9.4,1.2,Cloudy,1,0,1,0,25,437.0,261.0,413.0,463.7142857142857,405.3571428571428,345.53333333333336,310.0,427,0.0,1.0,-0.8660254037844384,-0.5000000000000004,267,-0.9932568492674143,-0.11593459959550066,-1.0,-1.8369701987210297e-16,0,Spring,0,1,0,0,1,1,0,0,0,631,0,0,0,0,1,1,3,369.0,650.0,383.0,261.0,328.0,172.0,478.0,264.0,467.3333333333333,158.3487711772125,650.0,369.0,465.14285714285717,96.68751827653985,650.0,369.0,393.5,116.70129522714024,650.0,236.0,345.06666666666666,132.35348003796835,650.0,148.0,286.71666666666664,122.71243657590513,650.0,109.0,289.73333333333335,121.07921077087833,743.0,109.0,449.0689962875557,416.89339990407683,363.18036217127855,437.0,261.0,328.0,172.0,299.5,6.059123195581797
2024-09-24,2024,9,24,1,Tuesday,39,3,0,1,11.0,2.3,Cloudy,1,0,0,0,25,506.0,236.0,286.0,440.57142857142856,413.07142857142856,347.46666666666664,282.0,344,0.7818314824680298,0.6234898018587336,-0.8660254037844384,-0.5000000000000004,268,-0.9951053111006974,-0.09882013873287211,-1.0,-1.8369701987210297e-16,0,Spring,0,1,0,0,1,1,0,0,0,632,0,0,0,0,0,1,2,427.0,369.0,650.0,236.0,249.0,148.0,213.0,294.0,482.0,148.35430563350658,650.0,369.0,463.7142857142857,97.24490438357923,650.0,369.0,405.35714285714283,110.4700496430219,650.0,236.0,345.53333333333336,132.62566801374433,650.0,148.0,285.8666666666667,121.53599824766552,650.0,109.0,291.5444444444444,121.90622304041712,743.0,109.0,443.55174721566675,418.2409465835333,367.29775816022834,506.0,236.0,249.0,148.0,284.75,5.84354441703136
2024-09-25,2024,9,25,2,Wednesday,39,3,0,1,11.4,1.4,Cloudy,1,0,0,0,25,415.0,337.0,172.0,434.7142857142857,415.7142857142857,354.2,292.0,374,0.9749279121818236,-0.22252093395631434,-0.8660254037844384,-0.5000000000000004,269,-0.99665890175417,-0.08167639533042288,-1.0,-1.8369701987210297e-16,0,Spring,0,1,0,0,1,1,0,0,0,633,0,0,0,0,0,1,2,344.0,427.0,369.0,337.0,264.0,187.0,314.0,346.0,380.0,42.57933771208534,427.0,344.0,440.57142857142856,104.50973980584656,650.0,344.0,413.07142857142856,101.10806426462987,650.0,297.0,347.46666666666664,132.14979309893727,650.0,148.0,288.05,121.38137474750101,650.0,109.0,292.1,122.03140597790276,743.0,109.0,418.6638104117501,408.3421537057289,365.7946769886007,415.0,337.0,264.0,187.0,300.75,5.926926025970411
2024-09-26,2024,9,26,3,Thursday,39,3,0,1,10.2,4.0,Cloudy,1,0,0,1,20,496.0,309.0,148.0,435.0,429.2142857142857,365.8666666666667,381.0,498,0.43388373911755823,-0.900968867902419,-0.8660254037844384,-0.5000000000000004,270,-0.9979171608653922,-0.06450844944931625,-1.0,-1.8369701987210297e-16,0,Spring,0,1,0,0,1,1,0,0,0,634,0,0,0,0,0,1,3,374.0,344.0,427.0,309.0,457.0,160.0,249.0,320.0,381.6666666666667,42.02776859807272,427.0,344.0,434.7142857142857,107.29354482868388,650.0,344.0,415.7142857142857,99.43643394452693,650.0,297.0,354.2,127.98151806224685,650.0,148.0,289.05,121.8450565128115,650.0,109.0,292.4111111111111,122.20593178236648,743.0,109.0,407.49785780881257,403.7631998782984,366.3240526667555,496.0,309.0,457.0,160.0,355.5,6.212606095751519
2024-09-27,2024,9,27,4,Friday,39,3,0,1,8.6,4.0,Cloudy,1,0,0,0,25,383.0,300.0,187.0,426.2857142857143,430.7857142857143,370.3666666666667,327.0,322,-0.433883739117558,-0.9009688679024191,-0.8660254037844384,-0.5000000000000004,271,-0.9988797155850335,-0.04732138832243232,-1.0,-1.8369701987210297e-16,0,Spring,0,1,0,0,1,1,0,0,0,635,0,0,0,0,0,1,2,498.0,374.0,344.0,300.0,274.0,195.0,245.0,363.0,405.3333333333333,81.64149271867318,498.0,344.0,435.0,107.4864332524499,650.0,344.0,429.2142857142857,96.6239169081921,650.0,297.0,365.8666666666667,124.44019012979777,650.0,160.0,293.2,124.66562735601121,650.0,109.0,294.3888888888889,124.08339841734029,743.0,109.0,430.1233933566094,416.32810656119193,374.8192750753519,383.0,300.0,274.0,195.0,288.0,5.777652323222656
2024-09-28,2024,9,28,5,Saturday,39,3,0,1,11.1,0.0,Sunny,1,0,0,0,25,650.0,513.0,160.0,439.7142857142857,447.2857142857143,389.8333333333333,329.0,744,-0.9749279121818236,-0.2225209339563146,-0.8660254037844384,-0.5000000000000004,272,-0.9995462806873573,-0.03012030484690836,-1.0,-1.8369701987210297e-16,1,Spring,0,1,0,0,3,0,0,0,1,636,0,1,1,1,0,1,2,322.0,498.0,374.0,513.0,629.0,253.0,189.0,743.0,398.0,90.42123644365758,498.0,322.0,426.2857142857143,114.63960090317013,650.0,322.0,430.7857142857143,94.5167291431098,650.0,297.0,370.3666666666667,120.11473920677943,650.0,160.0,294.48333333333335,124.55731669092343,650.0,109.0,293.93333333333334,123.90380465905261,743.0,109.0,403.09254501745704,403.75102568636635,371.4115799092002,650.0,513.0,629.0,253.0,511.25,6.61338421837956
2024-09-29,2024,9,29,6,Sunday,39,3,0,1,13.0,3.0,Cloudy,1,0,0,0,25,369.0,297.0,195.0,436.4285714285714,450.7857142857143,394.8666666666667,403.0,346,-0.7818314824680299,0.6234898018587334,-0.8660254037844384,-0.5000000000000004,273,-0.9999166586547379,-0.012910296075008843,-1.0,-1.8369701987210297e-16,1,Spring,0,1,0,0,1,1,0,0,0,637,0,1,1,0,0,1,2,744.0,322.0,498.0,297.0,354.0,474.0,222.0,259.0,521.3333333333334,211.96540598251698,744.0,322.0,439.7142857142857,146.3360450990737,744.0,322.0,447.2857142857143,125.16661423351371,744.0,297.0,389.8333333333333,131.61833100853116,744.0,195.0,303.73333333333335,136.61536587108512,744.0,109.0,293.94444444444446,123.94456545515648,744.0,109.0,488.3194087630928,449.11755559485084,395.44954249570344,369.0,297.0,354.0,474.0,373.5,5.849324779946859
2024-09-30,2024,9,30,0,Monday,40,3,0,1,14.3,1.2,Cloudy,1,0,0,0,25,427.0,437.0,253.0,423.7142857142857,443.7142857142857,397.7,640.0,338,0.0,1.0,-0.8660254037844384,-0.5000000000000004,274,-0.9999907397361901,0.004303538296243821,-0.992708874098054,0.1205366802553232,0,Spring,0,1,0,0,1,1,0,0,0,638,0,0,0,0,0,1,2,346.0,744.0,322.0,437.0,261.0,328.0,216.0,264.0,470.6666666666667,237.01758021997696,744.0,322.0,436.42857142857144,148.43164211498978,744.0,322.0,450.7857142857143,121.26523921453405,744.0,322.0,394.8666666666667,126.70621282248203,744.0,236.0,305.8,136.29551642152512,744.0,109.0,294.9111111111111,124.00821325141187,744.0,109.0,452.7395565723196,435.36854818220405,392.2592494314645,427.0,437.0,261.0,328.0,363.25,5.82600010738045
2024-10-01,2024,10,1,1,Tuesday,40,4,0,1,12.8,9.0,Rainy,1,0,0,0,25,344.0,506.0,474.0,410.57142857142856,425.57142857142856,390.3,324.0,252,0.7818314824680298,0.6234898018587336,-1.0,-1.8369701987210297e-16,275,-0.9997685019798909,0.021516097436222233,-0.992708874098054,0.1205366802553232,0,Spring,0,1,0,0,0,0,0,1,0,639,0,0,0,0,0,1,2,338.0,346.0,744.0,506.0,236.0,249.0,144.0,367.0,476.0,232.12927432790522,744.0,338.0,423.7142857142857,153.11184831762083,744.0,322.0,443.7142857142857,124.9611807854608,744.0,322.0,397.7,124.35298756862015,744.0,236.0,307.8333333333333,135.84240204034396,744.0,109.0,295.73333333333335,124.0462762507819,744.0,109.0,424.0546674292397,422.3860750912435,388.7586526939507,344.0,506.0,236.0,249.0,333.75,5.53338948872752
2024-10-02,2024,10,2,2,Wednesday,40,4,0,1,13.3,1.3,Cloudy,1,0,0,0,25,374.0,415.0,328.0,405.4285714285714,420.07142857142856,390.6333333333333,271.0,338,0.9749279121818236,-0.22252093395631434,-1.0,-1.8369701987210297e-16,276,-0.9992500112396835,0.03872228089217399,-0.992708874098054,0.1205366802553232,0,Spring,0,1,0,0,1,1,0,0,0,640,0,0,0,0,0,1,2,252.0,338.0,346.0,415.0,337.0,264.0,288.0,359.0,312.0,52.11525688317965,346.0,252.0,410.57142857142856,164.61151958764128,744.0,252.0,425.57142857142856,133.37784055699896,744.0,252.0,390.3,126.24692553443258,744.0,236.0,309.6333333333333,134.3419576376679,744.0,109.0,294.4555555555556,123.89612912228351,744.0,109.0,381.04100057192977,399.6679317457444,379.93551381047,374.0,415.0,337.0,264.0,347.5,5.82600010738045
2024-10-03,2024,10,3,3,Thursday,40,4,0,0,11.3,8.7,Rainy,1,1,0,0,25,498.0,496.0,249.0,380.1428571428572,407.57142857142856,393.03333333333336,379.0,321,0.43388373911755823,-0.900968867902419,-1.0,-1.8369701987210297e-16,277,-0.9984354211555643,0.05591699010060302,-0.992708874098054,0.1205366802553232,0,Spring,0,1,0,0,0,0,0,1,0,641,0,0,0,0,0,1,2,338.0,252.0,338.0,496.0,309.0,457.0,256.0,268.0,309.3333333333333,49.65212315030582,338.0,252.0,405.42857142857144,166.4961032005026,744.0,252.0,420.07142857142856,135.41927160075483,744.0,252.0,390.6333333333333,126.08986487021278,744.0,236.0,310.46666666666664,134.36056557606832,744.0,109.0,294.22222222222223,123.79293855246988,744.0,109.0,370.28075042894733,391.4455408463118,377.2299967904397,498.0,496.0,309.0,457.0,440.0,5.7745515455444085
2024-10-04,2024,10,4,4,Friday,40,4,0,0,14.9,2.8,Cloudy,1,1,0,0,25,322.0,383.0,264.0,406.8571428571428,416.57142857142856,401.2,542.0,509,-0.433883739117558,-0.9009688679024191,-1.0,-1.8369701987210297e-16,278,-0.9973249731081555,0.07309512989807776,-0.992708874098054,0.1205366802553232,0,Spring,0,1,0,0,1,1,0,0,0,642,0,0,0,0,0,1,2,321.0,338.0,252.0,383.0,300.0,274.0,174.0,409.0,303.6666666666667,45.54484969053178,338.0,252.0,380.14285714285717,163.5078271025872,744.0,252.0,407.57142857142856,135.94722634775675,744.0,252.0,393.03333333333336,123.96842849841984,744.0,236.0,311.55,134.17588065353843,744.0,109.0,294.81111111111113,123.79285837748606,744.0,109.0,357.9605628217105,382.0528020668036,373.60225506202426,322.0,383.0,300.0,274.0,319.75,6.234410725718371
2024-10-05,2024,10,5,5,Saturday,40,4,0,0,11.6,0.6,Cloudy,1,1,0,0,25,744.0,650.0,457.0,398.57142857142856,419.1428571428572,408.8333333333333,455.0,686,-0.9749279121818236,-0.2225209339563146,-1.0,-1.8369701987210297e-16,279,-0.9959189961471792,0.0902516100310407,-0.992708874098054,0.1205366802553232,1,Spring,0,1,0,0,1,1,0,0,0,643,0,0,1,0,0,1,2,509.0,321.0,338.0,650.0,513.0,629.0,182.0,379.0,389.3333333333333,103.98237030060994,509.0,321.0,406.85714285714283,167.64886774787024,744.0,252.0,416.57142857142856,138.34500590675665,744.0,252.0,401.2,123.24279373211472,744.0,236.0,317.1333333333333,135.32026877464804,744.0,109.0,295.9222222222222,125.26925856359797,744.0,109.0,395.72042211628286,398.9790951245632,382.33759344511947,744.0,650.0,513.0,629.0,634.0,6.532334292222349
2024-10-06,2024,10,6,6,Sunday,40,4,0,0,17.3,1.5,Cloudy,1,1,0,0,25,346.0,369.0,274.0,438.57142857142856,437.5,420.56666666666666,868.0,626,-0.7818314824680299,0.6234898018587334,-1.0,-1.8369701987210297e-16,280,-0.994217906893952,0.10738134666416306,-0.992708874098054,0.1205366802553232,1,Spring,0,1,0,0,1,1,0,0,0,644,0,0,1,0,0,1,2,686.0,509.0,321.0,369.0,297.0,354.0,203.0,226.0,505.3333333333333,182.52762348020974,686.0,321.0,398.57142857142856,148.5551044145541,686.0,252.0,419.14285714285717,143.26460572223388,744.0,252.0,408.8333333333333,133.48436130365127,744.0,236.0,325.53333333333336,142.25489972993967,744.0,109.0,299.3333333333333,131.57789165750307,744.0,109.0,468.29031658721215,437.2485491079548,401.92871644866017,346.0,369.0,297.0,354.0,341.5,6.440946540632921
2024-10-07,2024,10,7,0,Monday,41,4,0,0,7.9,9.7,Rainy,1,1,1,0,25,338.0,427.0,629.0,431.7142857142857,427.7142857142857,409.26666666666665,770.0,290,0.0,1.0,-1.0,-1.8369701987210297e-16,281,-0.9922222094179324,0.12447926388678869,-0.9709418174260521,0.23931566428755738,0,Spring,0,1,0,0,0,0,0,1,0,645,0,0,0,0,1,1,3,626.0,686.0,509.0,427.0,437.0,261.0,252.0,261.0,607.0,90.0166651237421,686.0,509.0,438.57142857142856,168.41007208879284,686.0,252.0,437.5,152.5121684930794,744.0,252.0,420.56666666666666,136.65654994795605,744.0,236.0,332.5833333333333,146.4977921586011,744.0,109.0,303.77777777777777,135.76208351689672,744.0,109.0,507.7177374404091,462.4154092268941,416.3849282906821,338.0,427.0,437.0,261.0,365.75,5.673323267171493
2024-10-08,2024,10,8,1,Tuesday,41,4,0,0,13.6,3.9,Cloudy,1,1,0,0,25,252.0,344.0,354.0,457.4285714285714,434.0,411.8666666666667,467.0,432,0.7818314824680298,0.6234898018587336,-1.0,-1.8369701987210297e-16,282,-0.989932495087353,0.141540295217043,-0.9709418174260521,0.23931566428755738,0,Spring,0,1,0,0,1,1,0,0,0,646,0,0,0,0,0,1,2,290.0,626.0,686.0,344.0,506.0,236.0,219.0,279.0,534.0,213.42914515126537,686.0,290.0,431.7142857142857,174.06963576465057,686.0,252.0,427.7142857142857,157.54971306832638,744.0,252.0,409.26666666666665,132.78812092002545,744.0,236.0,333.21666666666664,146.22539968871462,744.0,109.0,304.1,135.6938101475504,744.0,109.0,453.28830308030683,439.4266879966416,408.2310619493478,252.0,344.0,506.0,236.0,334.5,6.07073772800249
2024-10-09,2024,10,9,2,Wednesday,41,4,0,0,16.2,0.2,Sunny,1,1,0,0,25,338.0,374.0,261.0,487.57142857142856,446.5,421.4666666666666,396.0,549,0.9749279121818236,-0.22252093395631434,-1.0,-1.8369701987210297e-16,283,-0.9873494423939864,0.15855938510313475,-0.9709418174260521,0.23931566428755738,0,Spring,0,1,0,0,3,0,0,0,1,647,0,0,0,0,0,1,2,432.0,290.0,626.0,374.0,415.0,337.0,443.0,156.0,449.3333333333333,168.6693016921965,626.0,290.0,457.42857142857144,155.38967913266444,686.0,290.0,434.0,155.69743834659644,744.0,252.0,411.8666666666667,132.4318258793828,744.0,236.0,336.76666666666665,145.99087116418235,744.0,109.0,305.8,136.3327225428839,744.0,109.0,447.9662273102301,438.43646293042275,409.76454182358344,338.0,374.0,415.0,337.0,366.0,6.309918278226516
2024-10-10,2024,10,10,3,Thursday,41,4,0,0,15.7,2.5,Cloudy,1,1,0,0,25,321.0,498.0,236.0,512.8571428571429,446.5,430.2,477.0,498,0.43388373911755823,-0.900968867902419,-1.0,-1.8369701987210297e-16,284,-0.9844738167520923,0.17553149042142777,-0.9709418174260521,0.23931566428755738,0,Spring,0,1,0,0,1,1,0,0,0,648,0,0,0,0,0,1,2,549.0,432.0,290.0,498.0,496.0,309.0,292.0,238.0,423.6666666666667,129.700938058802,549.0,290.0,487.57142857142856,148.68182711510423,686.0,290.0,446.5,157.52399084681548,744.0,252.0,421.46666666666664,131.55403592370757,744.0,236.0,338.53333333333336,147.9267416796397,744.0,109.0,310.1666666666667,137.76704405250987,744.0,109.0,473.2246704826726,453.17826787303306,418.74747460915876,321.0,498.0,496.0,309.0,406.0,6.212606095751519
2024-10-11,2024,10,11,4,Friday,41,4,0,0,25.8,0.8,Cloudy,1,1,0,0,25,509.0,322.0,337.0,516.1428571428571,461.5,436.7,312.0,532,-0.433883739117558,-0.9009688679024191,-1.0,-1.8369701987210297e-16,285,-0.9813064702716093,0.19245158197082995,-0.9709418174260521,0.23931566428755738,0,Spring,0,1,0,0,1,1,0,0,0,649,0,0,0,0,0,1,2,498.0,549.0,432.0,322.0,383.0,300.0,192.0,309.0,493.0,58.66003750424891,549.0,432.0,512.8571428571429,129.43779531938452,686.0,290.0,446.5,157.52399084681548,744.0,252.0,430.2,127.44962493688158,744.0,252.0,341.96666666666664,149.2134140680829,744.0,109.0,313.05555555555554,138.95762518840917,744.0,109.0,479.41850286200446,459.1544988232954,423.8605407634066,509.0,322.0,383.0,300.0,378.5,6.278521424165844
2024-10-12,2024,10,12,5,Saturday,41,4,0,0,16.4,0.0,Partly Cloudy,1,1,0,0,25,686.0,744.0,309.0,518.4285714285714,458.5,449.8,539.0,702,-0.9749279121818236,-0.2225209339563146,-1.0,-1.8369701987210297e-16,286,-0.9778483415056568,0.20931464596304888,-0.9709418174260521,0.23931566428755738,1,Spring,0,1,0,0,2,0,1,0,0,650,0,0,1,0,0,1,2,532.0,498.0,549.0,744.0,650.0,513.0,205.0,413.0,526.3333333333334,25.967928938081254,549.0,498.0,516.1428571428571,129.6153650503785,686.0,290.0,461.5,154.73041071489448,744.0,252.0,436.7,127.50501004355463,744.0,252.0,347.6333333333333,149.87621634531862,744.0,109.0,315.53333333333336,140.85965602907427,744.0,109.0,492.56387714650333,468.8672323135227,430.8372800689933,686.0,744.0,650.0,513.0,648.25,6.555356891810665
2024-10-13,2024,10,13,6,Sunday,41,4,0,0,11.0,1.0,Cloudy,1,1,0,0,25,626.0,346.0,300.0,506.57142857142856,472.57142857142856,457.9,383.0,543,-0.7818314824680299,0.6234898018587334,-1.0,-1.8369701987210297e-16,287,-0.9741004551724206,0.22611568550828803,-0.9709418174260521,0.23931566428755738,1,Spring,0,1,0,0,1,1,0,0,0,651,0,0,1,0,0,1,2,702.0,532.0,498.0,346.0,369.0,297.0,242.0,331.0,577.3333333333334,109.2947086245865,702.0,498.0,518.4285714285714,133.20142284382354,702.0,290.0,458.5,149.13790726912896,702.0,252.0,449.8,133.9578935389005,744.0,252.0,355.9166666666667,155.48854572960477,744.0,109.0,318.74444444444447,146.2957264431552,744.0,109.0,544.9229078598776,499.95160133838635,448.3316490968003,626.0,346.0,369.0,297.0,409.5,6.298949246855942
2024-10-14,2024,10,14,0,Monday,42,4,0,0,14.6,0.5,Cloudy,1,1,1,0,25,290.0,338.0,513.0,531.5714285714286,481.6428571428572,456.3,677.0,465,0.0,1.0,-1.0,-1.8369701987210297e-16,288,-0.970063921851507,0.2428497220959358,-0.9350162426854148,0.35460488704253557,0,Spring,0,1,0,0,1,1,0,0,0,652,0,0,0,0,1,1,3,543.0,702.0,532.0,338.0,427.0,437.0,138.0,132.0,592.3333333333334,95.13323989717406,702.0,532.0,506.57142857142856,125.50147030062665,702.0,290.0,472.57142857142856,146.9849360600309,702.0,252.0,457.9,131.91882300137863,744.0,252.0,360.93333333333334,156.60258095440818,744.0,109.0,321.1,148.18975460802417,744.0,109.0,544.4421808949082,505.6913878266015,454.43928463894224,290.0,338.0,427.0,437.0,373.0,6.144185634125646
2024-10-15,2024,10,15,1,Tuesday,42,4,0,0,7.9,3.4,Cloudy,1,1,0,0,25,432.0,252.0,297.0,516.8571428571429,487.1428571428572,457.3666666666667,551.0,329,0.7818314824680298,0.6234898018587336,-1.0,-1.8369701987210297e-16,289,-0.965739937654855,0.25951179706979943,-0.9350162426854148,0.35460488704253557,0,Spring,0,1,0,0,1,1,0,0,0,653,0,0,0,0,0,1,2,465.0,543.0,702.0,252.0,344.0,506.0,208.0,209.0,570.0,120.7849328351841,702.0,465.0,531.5714285714286,86.55799047046864,702.0,432.0,481.64285714285717,141.87080099803526,702.0,252.0,456.3,131.51796782975725,744.0,252.0,366.3833333333333,154.38704297818543,744.0,109.0,324.8,147.57113691178947,744.0,109.0,524.5816356711812,500.2658694497213,455.1206211138492,432.0,252.0,344.0,506.0,383.5,5.799092654460526
2024-10-16,2024,10,16,2,Wednesday,42,4,0,0,14.7,0.8,Cloudy,1,1,0,0,25,549.0,338.0,437.0,497.2857142857143,492.4285714285714,456.53333333333336,499.0,412,0.9749279121818236,-0.22252093395631434,-1.0,-1.8369701987210297e-16,290,-0.9611297838723007,0.27609697309746883,-0.9350162426854148,0.35460488704253557,0,Spring,0,1,0,0,1,1,0,0,0,654,0,0,0,0,0,1,2,329.0,465.0,543.0,338.0,374.0,415.0,228.0,211.0,445.6666666666667,108.30204676428431,543.0,329.0,516.8571428571429,111.47410547062583,702.0,329.0,487.14285714285717,133.53066898821228,702.0,290.0,457.3666666666667,130.30560454068254,744.0,252.0,368.4,153.06774837705163,744.0,109.0,326.1333333333333,147.05431236967095,744.0,109.0,475.6862267533859,477.4304201897585,446.98380684843966,549.0,338.0,374.0,415.0,419.0,6.023447592961033
2024-10-17,2024,10,17,3,Thursday,42,4,0,0,11.7,3.5,Cloudy,1,1,0,0,25,498.0,321.0,506.0,492.2857142857143,502.57142857142856,455.1,497.0,463,0.43388373911755823,-0.900968867902419,-1.0,-1.8369701987210297e-16,291,-0.9562348265919058,0.2926003356333479,-0.9350162426854148,0.35460488704253557,0,Spring,0,1,0,0,1,1,0,0,0,655,0,0,0,0,0,1,2,412.0,329.0,465.0,321.0,498.0,496.0,233.0,242.0,402.0,68.5492523664546,465.0,329.0,497.2857142857143,116.79000283373907,702.0,329.0,492.42857142857144,128.54434391154018,702.0,290.0,456.53333333333336,130.52010898928492,744.0,252.0,371.46666666666664,152.0469894659206,744.0,109.0,328.3666666666667,146.81222815923257,744.0,109.0,459.7646700650394,468.70636416445734,444.72678705176617,498.0,321.0,498.0,496.0,453.25,6.139884552226255
2024-10-18,2024,10,18,4,Friday,42,4,0,0,18.7,0.0,Partly Cloudy,1,1,0,0,25,532.0,509.0,415.0,587.7142857142857,551.9285714285714,481.26666666666665,614.0,1200,-0.433883739117558,-0.9009688679024191,-1.0,-1.8369701987210297e-16,292,-0.9510565162951536,0.30901699437494723,-0.9350162426854148,0.35460488704253557,0,Spring,0,1,0,0,2,0,1,0,0,656,0,0,0,0,0,1,2,463.0,412.0,329.0,509.0,322.0,383.0,201.0,464.0,401.3333333333333,67.63381797099152,463.0,329.0,492.2857142857143,117.50136777319423,702.0,329.0,502.57142857142856,119.2429415977277,702.0,290.0,455.1,130.19384751605807,744.0,252.0,375.3,151.39479202022605,744.0,109.0,330.8222222222222,147.1991372851012,744.0,109.0,460.5735025487796,467.9455156091964,445.9057040161684,532.0,509.0,322.0,383.0,436.5,7.0909098220799835
2024-10-19,2024,10,19,5,Saturday,42,4,0,0,12.8,0.7,Cloudy,1,1,0,0,25,702.0,686.0,496.0,577.4285714285714,547.9285714285714,485.73333333333335,525.0,630,-0.9749279121818236,-0.2225209339563146,-1.0,-1.8369701987210297e-16,293,-0.9455963874271428,0.3253420847119795,-0.9350162426854148,0.35460488704253557,1,Spring,0,1,0,0,1,1,0,0,0,657,0,0,1,0,0,1,2,1200.0,463.0,412.0,686.0,744.0,650.0,153.0,292.0,691.6666666666666,440.96749691256525,1200.0,412.0,587.7142857142857,293.9318029099689,1200.0,329.0,551.9285714285714,221.3776669598166,1200.0,290.0,481.26666666666665,187.93706454524929,1200.0,252.0,391.95,183.44254399989276,1200.0,109.0,339.0,172.88464687066755,1200.0,109.0,645.4301269115847,565.5527801946369,494.5569489183511,702.0,686.0,744.0,650.0,695.5,6.447305862541213
2024-10-20,2024,10,20,6,Sunday,42,4,0,0,14.5,0.6,Cloudy,1,1,0,0,25,543.0,626.0,383.0,587.0,546.7857142857143,493.3,604.0,610,-0.7818314824680299,0.6234898018587334,-1.0,-1.8369701987210297e-16,294,-0.9398560579418953,0.341570769167856,-0.9350162426854148,0.35460488704253557,1,Spring,0,1,0,0,1,1,0,0,0,658,0,0,1,0,0,1,2,630.0,1200.0,463.0,626.0,346.0,369.0,173.0,165.0,764.3333333333334,386.42765601511144,1200.0,463.0,577.4285714285714,290.5057986471511,1200.0,329.0,547.9285714285714,219.2646677089005,1200.0,290.0,485.73333333333335,189.8816207142166,1200.0,252.0,399.9,183.24742003409648,1200.0,109.0,342.75555555555553,175.50353311921745,1200.0,109.0,641.5725951836885,574.1457428353519,503.2952102784575,543.0,626.0,346.0,369.0,471.0,6.415096959171596
2024-10-21,2024,10,21,0,Monday,43,4,0,0,12.5,0.5,Cloudy,1,0,0,0,25,465.0,290.0,650.0,566.1428571428571,548.8571428571429,482.26666666666665,777.0,319,0.0,1.0,-1.0,-1.8369701987210297e-16,295,-0.9338372288229252,0.35769823883312546,-0.8854560256532101,0.464723172043768,0,Spring,0,1,0,0,1,1,0,0,0,659,0,0,0,0,0,1,1,610.0,630.0,1200.0,290.0,338.0,427.0,109.0,145.0,813.3333333333334,335.01243758005955,1200.0,610.0,587.0,290.2860658040617,1200.0,329.0,546.7857142857143,218.86777834026742,1200.0,290.0,493.3,190.16928030682018,1200.0,252.0,407.18333333333334,182.7600530905202,1200.0,109.0,347.7,176.7037417814079,1200.0,109.0,633.6794463877663,578.926310457305,510.17939026049254,465.0,290.0,338.0,427.0,380.0,5.768320995793772
2024-10-22,2024,10,22,1,Tuesday,43,4,0,0,22.0,0.1,Sunny,1,0,1,0,25,329.0,432.0,369.0,585.4285714285714,551.1428571428571,485.4333333333333,302.0,464,0.7818314824680298,0.6234898018587336,-1.0,-1.8369701987210297e-16,296,-0.9275416835791965,0.3737197147904692,-0.8854560256532101,0.464723172043768,0,Spring,0,1,0,0,3,0,0,0,1,660,0,0,0,0,1,1,2,319.0,610.0,630.0,432.0,252.0,344.0,190.0,165.0,519.6666666666666,174.06990932764137,630.0,319.0,566.1428571428571,305.3661346490083,1200.0,319.0,548.8571428571429,216.3735577271782,1200.0,319.0,482.26666666666665,190.36624109102584,1200.0,252.0,410.68333333333334,178.92338021818335,1200.0,148.0,349.6333333333333,175.4081884755372,1200.0,109.0,555.0095847908248,544.2694690629977,497.84523605013817,329.0,432.0,252.0,344.0,339.25,6.142037405587356
2024-10-23,2024,10,23,2,Wednesday,43,4,0,0,13.7,0.4,Sunny,1,0,0,0,25,412.0,549.0,427.0,575.7142857142857,536.5,482.6666666666667,272.0,344,0.9749279121818236,-0.22252093395631434,-1.0,-1.8369701987210297e-16,297,-0.9209712877166346,0.38963044953078774,-0.8854560256532101,0.464723172043768,0,Spring,0,1,0,0,3,0,0,0,1,661,0,0,0,0,0,1,1,464.0,319.0,610.0,549.0,338.0,374.0,413.0,478.0,464.3333333333333,145.50028636856106,610.0,319.0,585.4285714285714,291.8571894739259,1200.0,319.0,551.1428571428571,215.21004306807495,1200.0,319.0,485.43333333333334,189.20371858511905,1200.0,252.0,415.25,176.677972402344,1200.0,148.0,352.9555555555556,174.70205205223218,1200.0,109.0,532.2571885931186,533.5668731879314,495.66167243400025,412.0,549.0,338.0,374.0,418.25,5.84354441703136
2024-10-24,2024,10,24,3,Thursday,43,4,0,0,22.3,1.6,Cloudy,1,0,0,0,25,463.0,498.0,344.0,551.1428571428571,521.7142857142857,480.9,378.0,291,0.43388373911755823,-0.900968867902419,-1.0,-1.8369701987210297e-16,298,-0.9141279881853337,0.4054257283599973,-0.8854560256532101,0.464723172043768,0,Spring,0,1,0,0,1,1,0,0,0,662,0,0,0,0,0,1,1,344.0,464.0,319.0,498.0,321.0,498.0,286.0,213.0,375.6666666666667,77.51343969488953,464.0,319.0,575.7142857142857,299.6201563567414,1200.0,319.0,536.5,222.2267552956457,1200.0,319.0,482.6666666666667,190.68864916281822,1200.0,252.0,414.1,176.917264968877,1200.0,148.0,351.46666666666664,174.19466058200757,1200.0,109.0,485.19289144483895,508.2912900962072,485.87704840600026,463.0,498.0,321.0,498.0,445.0,5.676753802268282
2024-10-25,2024,10,25,4,Friday,43,4,0,0,18.3,0.7,Cloudy,1,0,1,0,25,1200.0,532.0,374.0,432.1428571428572,509.9285714285714,480.6666666666667,291.0,367,-0.433883739117558,-0.9009688679024191,-1.0,-1.8369701987210297e-16,299,-0.9070138128026362,0.42110087079608916,-0.8854560256532101,0.464723172043768,0,Spring,0,1,0,0,1,1,0,0,0,663,0,0,0,0,1,1,2,291.0,344.0,464.0,532.0,509.0,322.0,172.0,314.0,366.3333333333333,88.63595959503837,464.0,291.0,551.1428571428571,316.95553240763854,1200.0,291.0,521.7142857142857,231.67099634924213,1200.0,291.0,480.9,192.25671594923892,1200.0,252.0,414.18333333333334,176.8570706710018,1200.0,148.0,352.3333333333333,173.69131860085378,1200.0,109.0,436.6446685836292,479.3191180833796,473.3043356056132,1200.0,532.0,509.0,322.0,640.75,5.908082938168931
2024-10-26,2024,10,26,5,Saturday,43,4,0,0,16.9,1.1,Cloudy,1,0,0,0,25,630.0,702.0,498.0,410.4285714285714,493.9285714285714,480.0,309.0,478,-0.9749279121818236,-0.2225209339563146,-1.0,-1.8369701987210297e-16,300,-0.8996308696522434,0.4366512319560638,-0.8854560256532101,0.464723172043768,1,Spring,0,1,0,0,1,1,0,0,0,664,0,0,1,0,0,1,1,367.0,291.0,344.0,702.0,686.0,744.0,148.0,249.0,334.0,38.97435053980937,367.0,291.0,432.14285714285717,139.3621524080682,630.0,291.0,509.92857142857144,235.27642148225243,1200.0,291.0,480.6666666666667,192.39512742653176,1200.0,252.0,417.43333333333334,174.1014088540693,1200.0,148.0,352.9222222222222,173.64973319214397,1200.0,109.0,419.2335014377219,464.3432356722623,466.44599137299303,630.0,702.0,686.0,744.0,690.5,6.171700597410915
2024-10-27,2024,10,27,6,Sunday,43,4,0,0,16.5,0.9,Cloudy,1,0,0,0,25,610.0,543.0,322.0,380.2857142857143,483.6428571428572,482.56666666666666,518.0,399,-0.7818314824680299,0.6234898018587334,-1.0,-1.8369701987210297e-16,301,-0.8919813464595487,0.45207220393230374,-0.8854560256532101,0.464723172043768,1,Spring,0,1,0,0,1,1,0,0,0,665,0,0,1,0,0,1,1,478.0,367.0,291.0,543.0,626.0,346.0,187.0,245.0,378.6666666666667,94.04431579491272,478.0,291.0,410.42857142857144,112.68371243271656,610.0,291.0,493.92857142857144,228.735475128843,1200.0,291.0,480.0,192.36764370555593,1200.0,252.0,422.93333333333334,170.62327087760272,1200.0,160.0,355.46666666666664,173.78756242588972,1200.0,109.0,433.92512607829144,466.1641375826274,467.1914112844128,610.0,543.0,626.0,346.0,531.25,5.991464547107982
2024-10-28,2024,10,28,0,Monday,44,4,0,0,16.6,4.2,Cloudy,1,0,0,0,25,319.0,465.0,744.0,378.2857142857143,472.2142857142857,467.9333333333333,333.0,305,0.0,1.0,-1.0,-1.8369701987210297e-16,302,-0.8840675099433637,0.46735921715800205,-0.822983865893657,0.5680647467311548,0,Spring,0,1,0,0,1,1,0,0,0,666,0,0,0,0,0,1,1,399.0,478.0,367.0,465.0,290.0,338.0,160.0,189.0,414.6666666666667,57.13434460404065,478.0,367.0,380.2857142857143,70.86069499545016,478.0,291.0,483.64285714285717,229.5951644970763,1200.0,291.0,482.56666666666666,190.6932332187024,1200.0,252.0,426.46666666666664,167.82683434922933,1200.0,160.0,357.1777777777778,173.44549237863416,1200.0,109.0,425.1938445587186,457.2089192382771,462.79196539509593,319.0,465.0,290.0,338.0,353.0,5.723585101952381
2024-10-29,2024,10,29,1,Tuesday,44,4,0,0,7.3,4.7,Cloudy,1,0,0,0,25,464.0,329.0,346.0,350.0,467.7142857142857,465.26666666666665,353.0,266,0.7818314824680298,0.6234898018587336,-1.0,-1.8369701987210297e-16,303,-0.8758917051442433,0.48250774176121763,-0.822983865893657,0.5680647467311548,0,Spring,0,1,0,0,1,1,0,0,0,667,0,0,0,0,0,1,1,305.0,399.0,478.0,329.0,432.0,252.0,195.0,222.0,394.0,86.60831368869812,478.0,305.0,378.2857142857143,73.0427141831286,478.0,291.0,472.2142857142857,234.5237985533921,1200.0,291.0,467.93333333333334,186.74266515316165,1200.0,252.0,428.8833333333333,164.9439649757485,1200.0,195.0,358.46666666666664,172.610700515884,1200.0,109.0,395.1453834190389,436.9143966731735,452.61183859541234,464.0,329.0,432.0,252.0,369.25,5.58724865840025
2024-10-30,2024,10,30,2,Wednesday,44,4,0,0,13.9,1.4,Cloudy,1,0,0,0,25,344.0,412.0,338.0,347.42857142857144,461.57142857142856,464.8666666666667,400.0,326,0.9749279121818236,-0.22252093395631434,-1.0,-1.8369701987210297e-16,304,-0.8674563547295971,0.4975132889071803,-0.822983865893657,0.5680647467311548,0,Spring,0,1,0,0,1,1,0,0,0,668,0,0,0,0,0,1,1,266.0,305.0,399.0,412.0,549.0,338.0,253.0,216.0,323.3333333333333,68.36909633257753,399.0,266.0,350.0,72.65443322101406,478.0,266.0,467.7142857142857,238.06089349363737,1200.0,266.0,465.26666666666665,189.10021669480733,1200.0,252.0,430.06666666666666,163.4858483137611,1200.0,236.0,358.9555555555556,172.28183801655348,1200.0,109.0,362.8590375642792,414.1258104500837,440.5723651376438,344.0,412.0,549.0,338.0,410.75,5.7899601708972535
2024-10-31,2024,10,31,3,Thursday,44,4,0,0,18.4,0.8,Cloudy,1,0,0,0,25,291.0,463.0,252.0,345.7142857142857,448.4285714285714,465.76666666666665,374.0,279,0.43388373911755823,-0.900968867902419,-1.0,-1.8369701987210297e-16,305,-0.8587639582758031,0.5123714121284235,-0.822983865893657,0.5680647467311548,0,Spring,0,1,0,0,1,1,0,0,0,669,0,0,0,0,0,1,1,326.0,266.0,305.0,463.0,498.0,321.0,474.0,144.0,299.0,30.446674695275536,326.0,266.0,347.42857142857144,73.21852484824115,478.0,266.0,461.57142857142856,240.7040040847213,1200.0,266.0,464.8666666666667,189.39117215951256,1200.0,252.0,431.28333333333336,162.41389809306762,1200.0,236.0,360.1777777777778,171.64528211229887,1200.0,109.0,353.6442781732094,402.37570239007255,433.1805996448926,291.0,463.0,498.0,321.0,393.25,5.634789603169249
2024-11-01,2024,11,1,4,Friday,44,4,0,0,16.8,0.2,Sunny,1,0,0,0,25,367.0,1200.0,338.0,370.1428571428572,401.1428571428572,472.4333333333333,283.0,538,-0.433883739117558,-0.9009688679024191,-0.8660254037844386,0.5000000000000001,306,-0.8498170915275277,0.5270777086423724,-0.822983865893657,0.5680647467311548,0,Spring,0,1,0,0,3,0,0,0,1,670,0,0,0,0,0,1,1,279.0,326.0,266.0,1200.0,532.0,509.0,328.0,288.0,290.3333333333333,31.56474826975918,326.0,266.0,345.7142857142857,74.88149367659689,478.0,266.0,448.42857142857144,245.5936964505882,1200.0,266.0,465.76666666666665,188.40632600356344,1200.0,266.0,428.03333333333336,163.49207897328145,1200.0,236.0,361.6777777777778,170.31964844577257,1200.0,109.0,334.98320862990704,385.92560873806286,423.2334641839318,367.0,1200.0,532.0,509.0,652.0,6.289715570908998
2024-11-02,2024,11,2,5,Saturday,44,4,0,0,11.4,6.1,Rainy,1,0,0,0,25,478.0,630.0,321.0,360.8571428571428,385.6428571428572,475.5,348.0,413,-0.9749279121818236,-0.2225209339563146,-0.8660254037844386,0.5000000000000001,307,-0.8406184056344783,0.5416278206559811,-0.822983865893657,0.5680647467311548,1,Spring,0,1,0,0,0,0,0,1,0,671,0,0,1,0,0,1,1,538.0,279.0,326.0,630.0,702.0,686.0,249.0,256.0,381.0,137.98188286873003,538.0,279.0,370.14285714285717,104.87044161158875,538.0,266.0,401.14285714285717,122.779262307391,630.0,266.0,472.43333333333334,187.26446048548468,1200.0,266.0,431.53333333333336,163.56209277240995,1200.0,236.0,364.4555555555556,171.1411902239226,1200.0,109.0,385.7374064724303,406.2021942396545,430.63775681722655,478.0,630.0,702.0,686.0,624.0,6.025865973825314
2024-11-03,2024,11,3,6,Sunday,44,4,0,0,16.8,0.1,Sunny,1,0,0,0,25,399.0,610.0,509.0,378.0,379.1428571428572,475.8333333333333,582.0,519,-0.7818314824680299,0.6234898018587334,-0.8660254037844386,0.5000000000000001,308,-0.8311706263658079,0.5560174366570446,-0.822983865893657,0.5680647467311548,1,Spring,0,1,0,0,3,0,0,0,1,672,0,0,1,1,0,1,1,413.0,538.0,279.0,610.0,543.0,626.0,264.0,174.0,410.0,129.5260591541329,538.0,279.0,360.85714285714283,96.25214901744435,538.0,266.0,385.64285714285717,103.9131346868114,610.0,266.0,475.5,185.44350380492816,1200.0,266.0,434.26666666666665,161.82108415418617,1200.0,236.0,366.2,170.823136080054,1200.0,109.0,392.5530548543227,407.1085683410339,429.4998370225668,399.0,610.0,543.0,626.0,544.5,6.253828811575473
2024-11-04,2024,11,4,0,Monday,45,4,0,0,23.8,0.7,Cloudy,1,0,0,0,25,305.0,319.0,686.0,385.1428571428572,381.7142857142857,464.8,575.0,355,0.0,1.0,-0.8660254037844386,0.5000000000000001,309,-0.8214765533024145,0.5702422926917867,-0.7485107481711011,0.6631226582407952,0,Spring,0,1,0,0,1,1,0,0,0,673,0,0,0,0,0,1,1,519.0,413.0,538.0,319.0,465.0,290.0,457.0,182.0,490.0,67.35725647619513,538.0,413.0,378.0,113.34607771481751,538.0,266.0,379.14285714285717,90.8209202796327,538.0,266.0,475.8333333333333,185.51476999165752,1200.0,266.0,438.51666666666665,160.6176100764381,1200.0,236.0,370.03333333333336,170.33189346855804,1200.0,109.0,424.164791140742,422.0274258955627,435.27404108562706,305.0,319.0,465.0,290.0,344.75,5.87493073085203
2024-11-05,2024,11,5,1,Tuesday,45,4,1,0,22.0,0.7,Cloudy,1,0,0,0,25,266.0,464.0,626.0,438.1428571428572,394.07142857142856,465.1666666666667,461.0,637,0.7818314824680298,0.6234898018587336,-0.8660254037844386,0.5000000000000001,310,-0.8115390590073611,0.5842981736283683,-0.7485107481711011,0.6631226582407952,0,Spring,0,1,0,0,1,1,0,0,0,674,0,0,0,0,0,1,2,355.0,519.0,413.0,464.0,329.0,432.0,274.0,203.0,429.0,83.16249154516674,519.0,355.0,385.14285714285717,109.48885570600159,538.0,266.0,381.7142857142857,89.48693808546547,538.0,266.0,464.8,182.401111611858,1200.0,266.0,436.81666666666666,160.9580945218054,1200.0,236.0,371.9555555555556,169.15818745931065,1200.0,109.0,406.8735933555565,413.0904357761543,430.09507069300594,266.0,464.0,329.0,432.0,372.75,6.45833828334479
2024-11-06,2024,11,6,2,Wednesday,45,4,0,0,16.8,0.8,Cloudy,1,0,0,0,25,326.0,344.0,290.0,438.57142857142856,393.0,466.4666666666666,945.0,329,0.9749279121818236,-0.22252093395631434,-0.8660254037844386,0.5000000000000001,311,-0.801361088174677,0.5981809144059159,-0.7485107481711011,0.6631226582407952,0,Spring,0,1,0,0,1,1,0,0,0,675,0,0,0,0,0,1,1,637.0,355.0,519.0,344.0,412.0,549.0,629.0,252.0,503.6666666666667,141.62391511793925,637.0,355.0,438.14285714285717,130.06463594616955,637.0,279.0,394.07142857142856,111.06648340639758,637.0,266.0,465.1666666666667,182.74706155160806,1200.0,266.0,442.8666666666667,161.55551773534233,1200.0,236.0,376.77777777777777,170.46860581362156,1200.0,109.0,464.4051950166674,442.9450443393338,443.4437758095862,326.0,344.0,412.0,549.0,407.75,5.799092654460526
2024-11-07,2024,11,7,3,Thursday,45,4,0,0,20.8,0.4,Sunny,1,0,1,0,25,279.0,291.0,432.0,460.0,402.8571428571428,466.3666666666667,306.0,429,0.43388373911755823,-0.900968867902419,-0.8660254037844386,0.5000000000000001,312,-0.7909456567567774,0.6118864012687242,-0.7485107481711011,0.6631226582407952,0,Spring,0,1,0,0,3,0,0,0,1,676,0,0,0,0,1,1,2,329.0,637.0,355.0,291.0,463.0,498.0,354.0,219.0,440.3333333333333,170.81373871364465,637.0,329.0,438.57142857142856,129.63777374265757,637.0,279.0,393.0,111.6574431705494,637.0,266.0,466.46666666666664,181.59309065796734,1200.0,266.0,437.8666666666667,160.3349742096287,1200.0,236.0,377.6333333333333,170.02798513873242,1200.0,109.0,430.55389626250053,427.752371760756,436.0603064025162,279.0,291.0,463.0,498.0,382.75,6.063785208687608
2024-11-08,2024,11,8,4,Friday,45,4,0,0,15.5,3.1,Cloudy,1,0,1,0,25,538.0,367.0,549.0,435.1428571428572,402.6428571428572,460.2,395.0,364,-0.433883739117558,-0.9009688679024191,-0.8660254037844386,0.5000000000000001,313,-0.780295851070776,0.6254105729852457,-0.7485107481711011,0.6631226582407952,0,Spring,0,1,0,0,1,1,0,0,0,677,0,0,0,0,1,1,2,429.0,329.0,637.0,367.0,1200.0,532.0,261.0,443.0,465.0,157.12415473121862,637.0,329.0,460.0,109.7345281425439,637.0,329.0,402.85714285714283,107.99135089502184,637.0,266.0,466.3666666666667,181.613550180584,1200.0,266.0,439.1166666666667,159.96197553112194,1200.0,236.0,379.96666666666664,169.26579391230817,1200.0,109.0,430.1654221968754,427.9187221926552,435.6048027636442,538.0,367.0,1200.0,532.0,659.25,5.8998973535824915
2024-11-09,2024,11,9,5,Saturday,45,4,0,0,10.2,0.3,Partly Cloudy,1,0,1,0,25,413.0,478.0,498.0,463.2857142857143,412.07142857142856,463.9333333333333,310.0,610,-0.9749279121818236,-0.2225209339563146,-0.8660254037844386,0.5000000000000001,314,-0.7694148268839381,0.6387494220515268,-0.7485107481711011,0.6631226582407952,1,Spring,0,1,0,0,2,0,1,0,0,678,0,0,1,0,1,1,2,364.0,429.0,329.0,478.0,630.0,702.0,236.0,292.0,374.0,50.744457825460415,429.0,329.0,435.14285714285717,108.82467332277928,637.0,329.0,402.64285714285717,108.07092197174984,637.0,266.0,460.2,181.8516636883122,1200.0,266.0,440.8333333333333,158.5646600363064,1200.0,236.0,379.0888888888889,169.1400353569469,1200.0,109.0,413.62406664765655,419.39622590030115,430.9851380692156,413.0,478.0,630.0,702.0,555.75,6.415096959171596
2024-11-10,2024,11,10,6,Sunday,45,4,0,0,13.3,2.0,Cloudy,1,0,0,0,25,519.0,399.0,532.0,447.57142857142856,412.7857142857143,459.8333333333333,644.0,409,-0.7818314824680299,0.6234898018587334,-0.8660254037844386,0.5000000000000001,315,-0.7583058084785625,0.6518989958787125,-0.7485107481711011,0.6631226582407952,1,Spring,0,1,0,0,1,1,0,0,0,679,0,0,1,0,0,1,1,610.0,364.0,429.0,399.0,610.0,543.0,337.0,192.0,467.6666666666667,127.47679527401552,610.0,364.0,463.2857142857143,126.22561056261465,637.0,329.0,412.07142857142856,120.2257263430966,637.0,266.0,463.93333333333334,183.79372495635818,1200.0,266.0,447.06666666666666,157.72491249830802,1200.0,252.0,382.6222222222222,170.61538174909143,1200.0,109.0,462.7180499857424,444.81006244692765,442.534484000234,519.0,399.0,610.0,543.0,517.75,6.016157159698354
2024-11-11,2024,11,11,0,Monday,46,4,0,0,23.3,0.3,Partly Cloudy,1,0,0,0,25,355.0,305.0,702.0,456.0,420.57142857142856,450.23333333333335,453.0,414,0.0,1.0,-0.8660254037844386,0.5000000000000001,316,-0.7469720876965551,0.6648553979642866,-0.6631226582407955,0.7485107481711007,0,Spring,0,1,0,0,2,0,1,0,0,680,0,0,0,0,0,1,1,409.0,610.0,364.0,305.0,319.0,465.0,309.0,205.0,461.0,130.98473193467981,610.0,364.0,447.57142857142856,124.97447358408495,637.0,329.0,412.7857142857143,120.1717863799907,637.0,266.0,459.8333333333333,183.59477179343958,1200.0,266.0,448.26666666666665,157.14614451033574,1200.0,252.0,385.03333333333336,169.4203899751319,1200.0,109.0,449.2885374893068,440.03538745400397,440.3709689034447,355.0,305.0,319.0,465.0,361.0,6.028278520230698
2024-11-12,2024,11,12,1,Tuesday,46,4,0,0,15.9,0.1,Sunny,1,0,0,0,25,637.0,266.0,543.0,423.57142857142856,430.8571428571428,445.8,325.0,410,0.7818314824680298,0.6234898018587336,-0.8660254037844386,0.5000000000000001,317,-0.7354170229639858,0.6776147890466887,-0.6631226582407955,0.7485107481711007,0,Spring,0,1,0,0,3,0,0,0,1,681,0,0,0,0,0,1,1,414.0,409.0,610.0,266.0,464.0,329.0,300.0,242.0,477.6666666666667,114.6312929933762,610.0,409.0,456.0,119.56309352527406,637.0,329.0,420.57142857142856,116.11381305605923,637.0,266.0,450.23333333333335,177.93793635816505,1200.0,266.0,450.01666666666665,156.15045891450043,1200.0,252.0,387.35555555555555,168.3539817498717,1200.0,109.0,440.46640311698013,436.56400246013675,438.66961607096437,637.0,266.0,464.0,329.0,424.0,6.018593214496234
2024-11-13,2024,11,13,2,Wednesday,46,4,0,0,16.0,4.8,Cloudy,1,0,0,0,25,329.0,326.0,465.0,432.8571428571428,435.7142857142857,443.4333333333333,306.0,394,0.9749279121818236,-0.22252093395631434,-0.8660254037844386,0.5000000000000001,318,-0.7236440382959123,0.690173388242972,-0.6631226582407955,0.7485107481711007,0,Spring,0,1,0,0,1,1,0,0,0,682,0,0,0,0,0,1,1,410.0,414.0,409.0,326.0,344.0,412.0,513.0,138.0,411.0,2.645751311051184,414.0,409.0,423.57142857142856,89.22416926456917,610.0,329.0,430.85714285714283,107.42070932184676,637.0,279.0,445.8,177.20228067342177,1200.0,266.0,451.85,155.0008009820749,1200.0,252.0,389.22222222222223,167.65412347628578,1200.0,109.0,432.8498023377351,433.02213546545187,436.81996342122477,329.0,326.0,344.0,412.0,352.75,5.978885764901122
2024-11-14,2024,11,14,3,Thursday,46,4,0,0,15.8,0.4,Sunny,1,0,0,0,25,429.0,279.0,329.0,432.57142857142856,446.2857142857143,446.7,275.0,427,0.43388373911755823,-0.900968867902419,-0.8660254037844386,0.5000000000000001,319,-0.7116566222817751,0.7025274741691566,-0.6631226582407955,0.7485107481711007,0,Spring,0,1,0,0,3,0,0,0,1,683,0,0,0,0,0,1,1,394.0,410.0,414.0,279.0,291.0,463.0,297.0,208.0,406.0,10.58300524425501,414.0,394.0,432.85714285714283,80.7184996792947,610.0,364.0,435.7142857142857,103.79078703106254,637.0,279.0,443.43333333333334,177.4110137959085,1200.0,266.0,449.8666666666667,154.966422461111,1200.0,252.0,392.06666666666666,165.50181098163907,1200.0,109.0,423.13735175330135,427.8191840700583,434.05738513598453,429.0,279.0,291.0,463.0,365.5,6.059123195581797
2024-11-15,2024,11,15,4,Friday,46,4,0,0,24.6,3.4,Cloudy,1,0,0,0,25,364.0,538.0,412.0,442.0,438.57142857142856,447.3,341.0,430,-0.433883739117558,-0.9009688679024191,-0.8660254037844386,0.5000000000000001,320,-0.6994583270516471,0.7146733860429609,-0.6631226582407955,0.7485107481711007,0,Spring,0,1,0,0,1,1,0,0,0,684,0,0,0,0,0,1,1,427.0,394.0,410.0,538.0,367.0,1200.0,437.0,228.0,410.3333333333333,16.502525059313278,427.0,394.0,432.57142857142856,80.73796534232922,610.0,364.0,446.2857142857143,93.64205873876912,637.0,329.0,446.7,176.12890068121274,1200.0,266.0,452.03333333333336,153.6964834976652,1200.0,252.0,394.5,164.3712056852626,1200.0,109.0,424.103013814976,427.7099595273839,433.60206996592103,364.0,538.0,367.0,1200.0,617.25,6.066108090103747
2024-11-16,2024,11,16,5,Saturday,46,4,0,0,23.5,1.6,Cloudy,0,0,0,0,25,610.0,413.0,463.0,431.0,447.1428571428572,449.6333333333333,418.0,533,-0.9749279121818236,-0.2225209339563146,-0.8660254037844386,0.5000000000000001,321,-0.6870527672236675,0.726607524768565,-0.6631226582407955,0.7485107481711007,1,Spring,0,1,0,0,1,1,0,0,0,685,0,0,0,0,0,0,0,430.0,427.0,394.0,413.0,478.0,630.0,506.0,233.0,417.0,19.974984355436412,430.0,394.0,442.0,75.04887296511146,610.0,394.0,438.57142857142856,89.8783060037838,637.0,329.0,447.3,176.03725115186143,1200.0,266.0,451.9166666666667,153.71074437999823,1200.0,252.0,396.74444444444447,163.44868700419616,1200.0,109.0,425.577260361232,428.01529825706604,433.3696783552165,610.0,413.0,478.0,630.0,532.75,6.280395838960195
2024-11-17,2024,11,17,6,Sunday,46,4,0,0,25.9,0.2,Sunny,0,0,0,0,25,409.0,519.0,1200.0,453.1428571428572,450.3571428571428,428.4333333333333,551.0,564,-0.7818314824680299,0.6234898018587334,-0.8660254037844386,0.5000000000000001,322,-0.6744436188329457,0.7383263540031063,-0.6631226582407955,0.7485107481711007,1,Spring,0,1,0,0,3,0,0,0,1,686,0,0,0,1,0,0,0,533.0,430.0,427.0,519.0,399.0,610.0,415.0,201.0,463.3333333333333,60.35174672976138,533.0,427.0,431.0,46.55462741053184,533.0,394.0,447.14285714285717,92.92251291583396,637.0,329.0,449.6333333333333,176.71513865508282,1200.0,266.0,452.3666666666667,153.9111527403169,1200.0,252.0,400.0777777777778,163.13055554466044,1200.0,109.0,452.432945270924,442.01325848945726,439.7974410419767,409.0,519.0,399.0,610.0,484.25,6.336825731146441
2024-11-18,2024,11,18,0,Monday,47,4,0,0,16.4,6.2,Rainy,0,0,0,0,25,414.0,355.0,630.0,423.8571428571428,439.9285714285714,414.4,395.0,209,0.0,1.0,-0.8660254037844386,0.5000000000000001,323,-0.661634618242279,0.749826401204568,-0.5680647467311559,0.8229838658936564,0,Spring,0,1,0,0,0,0,0,1,0,687,0,0,0,0,0,0,0,564.0,533.0,430.0,355.0,305.0,319.0,496.0,153.0,509.0,70.14983962918184,564.0,430.0,453.14285714285717,66.80426276675482,564.0,394.0,450.35714285714283,96.31567261463067,637.0,329.0,428.43333333333334,108.62230777849686,637.0,266.0,454.85,154.49895233038472,1200.0,252.0,404.1111111111111,162.6399099993424,1200.0,109.0,480.324708953193,458.2781573575296,447.8105093618492,414.0,355.0,305.0,319.0,348.25,5.3471075307174685
2024-11-19,2024,11,19,1,Tuesday,47,4,0,0,18.2,0.6,Cloudy,0,0,0,0,25,410.0,637.0,610.0,393.57142857142856,408.57142857142856,400.6666666666667,417.0,198,0.7818314824680298,0.6234898018587336,-0.8660254037844386,0.5000000000000001,324,-0.6486295610349818,0.7611042586607742,-0.5680647467311559,0.8229838658936564,0,Spring,0,1,0,0,1,1,0,0,0,688,0,0,0,0,0,0,0,209.0,564.0,533.0,637.0,266.0,464.0,383.0,173.0,435.3333333333333,196.62231138233844,564.0,209.0,423.85714285714283,114.63482392860806,564.0,209.0,439.92857142857144,113.75916820919649,637.0,209.0,414.4,108.8781666470089,637.0,209.0,450.06666666666666,157.6147272937623,1200.0,209.0,404.73333333333335,161.7732356580681,1200.0,109.0,412.49353171489474,425.041069709859,432.4033797256009,410.0,637.0,266.0,464.0,444.25,5.293304824724492
2024-11-20,2024,11,20,2,Wednesday,47,4,0,0,10.9,3.9,Cloudy,0,0,1,0,25,394.0,329.0,319.0,383.7142857142857,408.2857142857143,400.8666666666667,417.0,325,0.9749279121818236,-0.22252093395631434,-0.8660254037844386,0.5000000000000001,325,-0.6354323008901775,0.7721565844991641,-0.5680647467311559,0.8229838658936564,0,Spring,0,1,0,0,1,1,0,0,0,689,0,0,0,0,0,1,1,198.0,209.0,564.0,329.0,326.0,344.0,650.0,109.0,323.6666666666667,208.2074286218752,564.0,198.0,393.57142857142856,143.3211511988112,564.0,198.0,408.57142857142856,115.74555268792334,610.0,198.0,400.6666666666667,109.33823930680735,637.0,198.0,446.98333333333335,160.7277402851642,1200.0,198.0,405.0111111111111,161.39187387786188,1200.0,109.0,358.87014878617106,394.7689270818778,417.2805810336267,394.0,329.0,326.0,344.0,348.25,5.786897381366708
2024-11-21,2024,11,21,3,Thursday,47,4,0,0,22.9,0.4,Sunny,0,0,1,1,20,427.0,429.0,464.0,413.1428571428572,422.8571428571428,406.5,240.0,633,0.43388373911755823,-0.900968867902419,-0.8660254037844386,0.5000000000000001,326,-0.622046748440868,0.7829801036770625,-0.5680647467311559,0.8229838658936564,0,Spring,0,1,0,0,3,0,0,0,1,690,0,0,0,0,0,1,2,325.0,198.0,209.0,429.0,279.0,291.0,369.0,190.0,244.0,70.36334272900858,325.0,198.0,383.7142857142857,145.6407844500922,564.0,198.0,408.2857142857143,115.96181637566188,610.0,198.0,400.8666666666667,109.18909044068641,637.0,198.0,441.56666666666666,159.23943880225323,1200.0,198.0,407.4111111111111,158.52103638406982,1200.0,148.0,350.4026115896283,385.46640347096076,411.32699516048945,427.0,429.0,279.0,291.0,356.5,6.452048954437226
2024-11-22,2024,11,22,4,Friday,47,4,0,0,12.3,3.8,Cloudy,0,0,1,0,25,430.0,364.0,344.0,401.2857142857143,421.6428571428572,406.6,358.0,347,-0.433883739117558,-0.9009688679024191,-0.8660254037844386,0.5000000000000001,327,-0.6084768701151264,0.7935716089521472,-0.5680647467311559,0.8229838658936564,0,Spring,0,1,0,0,1,1,0,0,0,691,0,0,0,0,0,1,1,633.0,325.0,198.0,364.0,538.0,367.0,427.0,413.0,385.3333333333333,223.68802679923044,633.0,198.0,413.14285714285717,173.91322411998934,633.0,198.0,422.85714285714283,130.65153721186775,633.0,198.0,406.5,116.66242192606498,637.0,198.0,445.96666666666664,160.83963659672023,1200.0,198.0,412.3333333333333,158.57214003571232,1200.0,148.0,421.0519586922212,418.47088300816597,425.6284793436837,430.0,364.0,538.0,367.0,424.75,5.8522024797744745
2024-11-23,2024,11,23,5,Saturday,47,4,0,0,17.9,0.0,Sunny,0,0,0,1,20,533.0,610.0,291.0,428.8571428571428,429.9285714285714,421.1,400.0,726,-0.9749279121818236,-0.2225209339563146,-0.8660254037844386,0.5000000000000001,328,-0.594726686960764,0.8039279618328208,-0.5680647467311559,0.8229838658936564,1,Spring,0,1,0,0,3,0,0,0,1,692,0,0,0,1,0,0,1,347.0,633.0,325.0,610.0,413.0,478.0,344.0,286.0,435.0,171.82549286994612,633.0,325.0,401.2857142857143,175.39547151671718,633.0,198.0,421.64285714285717,131.31793898360186,633.0,198.0,406.6,116.60827438553599,637.0,198.0,444.6333333333333,161.33037654291977,1200.0,198.0,411.6,158.7215638514837,1200.0,148.0,402.5389690191659,408.9414319404105,420.5556742247364,533.0,610.0,413.0,478.0,508.5,6.588926477533519
2024-11-24,2024,11,24,6,Sunday,47,4,0,0,12.6,1.4,Cloudy,0,0,0,0,25,564.0,409.0,367.0,408.2857142857143,430.7142857142857,422.8666666666667,359.0,420,-0.7818314824680299,0.6234898018587334,-0.8660254037844386,0.5000000000000001,329,-0.5808002734538013,0.8140460935082175,-0.5680647467311559,0.8229838658936564,1,Spring,0,1,0,0,1,1,0,0,0,693,0,0,0,0,0,0,0,726.0,347.0,633.0,409.0,519.0,399.0,374.0,172.0,568.6666666666666,197.52046307492603,726.0,347.0,428.85714285714283,211.08878745797062,726.0,198.0,429.92857142857144,146.85705466709592,726.0,198.0,421.1,128.20682374652475,726.0,198.0,451.0,164.79211351871834,1200.0,198.0,416.4888888888889,161.56038593084102,1200.0,148.0,483.4042267643744,451.21590768168915,440.26175975862435,564.0,409.0,519.0,399.0,472.75,6.042632833682381
2024-11-25,2024,11,25,0,Monday,48,4,0,0,14.6,2.9,Cloudy,0,0,0,0,25,209.0,414.0,478.0,420.2857142857143,422.07142857142856,416.7,514.0,293,0.0,1.0,-0.8660254037844386,0.5000000000000001,330,-0.5667017562911184,0.8239230057575536,-0.4647231720437684,0.88545602565321,0,Spring,0,1,0,0,1,1,0,0,0,694,0,0,0,0,0,0,0,420.0,726.0,347.0,414.0,355.0,305.0,498.0,148.0,497.6666666666667,201.08290164340983,726.0,347.0,408.2857142857143,202.56827185397242,726.0,198.0,430.7142857142857,146.76586721789124,726.0,198.0,422.8666666666667,127.80014929928522,726.0,198.0,451.76666666666665,164.53461504504955,1200.0,198.0,419.24444444444447,159.44463384173142,1200.0,148.0,467.5531700732808,447.05378665746395,438.9545494516164,209.0,414.0,355.0,305.0,320.75,5.683579767338681
2024-11-26,2024,11,26,1,Tuesday,48,4,0,0,13.7,5.5,Rainy,0,0,0,0,25,198.0,410.0,399.0,422.8571428571428,408.2142857142857,410.6,479.0,216,0.7818314824680298,0.6234898018587336,-0.8660254037844386,0.5000000000000001,331,-0.5524353131676203,0.8335557718385695,-0.4647231720437684,0.88545602565321,0,Spring,0,1,0,0,0,0,0,1,0,695,0,0,0,0,0,0,0,293.0,420.0,726.0,410.0,637.0,266.0,322.0,187.0,479.6666666666667,222.58107137250738,726.0,293.0,420.2857142857143,190.95000592276733,726.0,198.0,422.07142857142856,151.31803709950853,726.0,198.0,416.7,129.5001397948921,726.0,198.0,448.35,165.68275024520085,1200.0,198.0,420.85555555555555,157.39241455610306,1200.0,160.0,423.9148775549606,426.5132817698021,429.53812690635084,198.0,410.0,637.0,266.0,377.75,5.37989735354046
2024-11-27,2024,11,27,2,Wednesday,48,4,0,0,14.6,4.8,Cloudy,0,0,0,0,25,325.0,394.0,305.0,416.2857142857143,400.0,409.73333333333335,306.0,279,0.9749279121818236,-0.22252093395631434,-0.8660254037844386,0.5000000000000001,332,-0.5380051715382992,0.8429415373547832,-0.4647231720437684,0.88545602565321,0,Spring,0,1,0,0,1,1,0,0,0,696,0,0,0,0,0,0,0,216.0,293.0,420.0,394.0,329.0,326.0,744.0,160.0,309.6666666666667,103.01617995894267,420.0,216.0,422.85714285714283,187.54859687685297,726.0,216.0,408.2142857142857,161.07675120953877,726.0,198.0,410.6,134.57329755116035,726.0,198.0,446.5833333333333,167.6068130635231,1200.0,198.0,421.1777777777778,156.93730071132472,1200.0,160.0,371.9361581662204,398.4448442004952,415.76147355755404,325.0,394.0,329.0,326.0,343.5,5.634789603169249
2024-11-28,2024,11,28,3,Thursday,48,4,0,0,14.8,3.4,Cloudy,0,0,0,0,25,633.0,427.0,266.0,354.0,383.57142857142856,407.4333333333333,247.0,197,0.43388373911755823,-0.900968867902419,-0.8660254037844386,0.5000000000000001,333,-0.5234156073655503,0.8520775211013093,-0.4647231720437684,0.88545602565321,0,Spring,0,1,0,0,1,1,0,0,0,697,0,0,0,0,0,0,0,279.0,216.0,293.0,427.0,429.0,279.0,346.0,195.0,262.6666666666667,41.01625693957548,293.0,216.0,416.2857142857143,192.29466476020133,726.0,216.0,400.0,164.74782594573443,726.0,198.0,409.73333333333335,135.3582560144168,726.0,198.0,438.8333333333333,164.34019765404872,1200.0,198.0,422.5,155.20383480145912,1200.0,195.0,348.70211862466533,382.5188649737625,406.9381526828732,633.0,427.0,429.0,279.0,442.0,5.288267030694535
2024-11-29,2024,11,29,4,Friday,48,4,0,0,14.8,4.4,Cloudy,0,0,1,0,25,347.0,430.0,326.0,351.57142857142856,376.4285714285714,407.56666666666666,367.0,330,-0.433883739117558,-0.9009688679024191,-0.8660254037844386,0.5000000000000001,334,-0.5086709438521042,0.8609610158889945,-0.4647231720437684,0.88545602565321,0,Spring,0,1,0,0,1,1,0,0,0,698,0,0,0,0,0,1,1,197.0,279.0,216.0,430.0,364.0,538.0,338.0,253.0,230.66666666666666,42.922410618851316,279.0,197.0,354.0,180.6599014723526,726.0,197.0,383.57142857142856,173.10411019682,726.0,197.0,407.43333333333334,138.43601368523116,726.0,197.0,436.35,166.87301830220542,1200.0,197.0,422.52222222222224,155.17103486934,1200.0,197.0,310.776588968499,357.7830163105942,393.39375573559107,347.0,430.0,364.0,538.0,419.75,5.802118375377063
2024-11-30,2024,11,30,5,Saturday,48,4,0,0,20.3,0.4,Sunny,0,0,0,0,25,726.0,533.0,279.0,342.0,385.4285714285714,420.23333333333335,1172.0,659,-0.9749279121818236,-0.2225209339563146,-0.8660254037844386,0.5000000000000001,335,-0.49377555015997737,0.8695893893466109,-0.4647231720437684,0.88545602565321,1,Spring,0,1,0,0,3,0,0,0,1,699,0,0,0,1,0,0,0,330.0,197.0,279.0,533.0,610.0,413.0,252.0,474.0,268.6666666666667,67.09942871093071,330.0,197.0,351.57142857142856,180.88380906248221,726.0,197.0,376.42857142857144,173.10411019681996,726.0,197.0,407.56666666666666,138.35678100684024,726.0,197.0,436.21666666666664,166.9561082751857,1200.0,197.0,423.3777777777778,154.43638578208558,1200.0,197.0,315.58244172637427,354.0786141358483,389.3038360107143,726.0,533.0,610.0,413.0,570.5,6.492239835020471
2024-12-01,2024,12,1,6,Sunday,48,4,0,0,14.0,0.7,Cloudy,0,0,0,0,25,420.0,564.0,538.0,341.42857142857144,374.8571428571428,416.1666666666667,829.0,416,-0.7818314824680299,0.6234898018587334,-0.5000000000000004,0.8660254037844384,336,-0.4787338401157883,0.8779600847008883,-0.4647231720437684,0.88545602565321,1,Summer,0,0,1,0,1,1,0,0,0,700,0,0,0,0,0,0,0,659.0,330.0,197.0,564.0,409.0,519.0,338.0,328.0,395.3333333333333,237.8283694880265,659.0,197.0,342.0,158.10755832660294,659.0,197.0,385.42857142857144,184.75418774715158,726.0,197.0,420.23333333333335,143.4803082327842,726.0,197.0,443.0,167.61143523142755,1200.0,197.0,425.43333333333334,156.33722194759665,1200.0,197.0,401.4368312947807,394.7347989177352,406.7035885261521,420.0,564.0,409.0,519.0,478.0,6.0330862217988015
2024-12-02,2024,12,2,0,Monday,49,4,0,0,20.6,0.7,Cloudy,0,0,0,0,25,293.0,209.0,413.0,352.57142857142856,386.4285714285714,414.76666666666665,522.0,371,0.0,1.0,-0.5000000000000004,0.8660254037844384,337,-0.4635502709028512,0.8860706215341378,-0.35460488704253595,0.9350162426854147,0,Summer,0,0,1,0,1,1,0,0,0,701,0,0,0,0,0,0,0,416.0,659.0,330.0,209.0,414.0,355.0,321.0,249.0,468.3333333333333,170.62922766435196,659.0,330.0,341.42857142857144,157.78556877701416,659.0,197.0,374.85714285714283,177.85597334007952,726.0,197.0,416.1666666666667,141.74578588477328,726.0,197.0,444.3,167.08490686383067,1200.0,197.0,426.4111111111111,155.99581487071532,1200.0,197.0,405.07762347108553,397.5701590620372,407.3033570083358,293.0,209.0,414.0,355.0,317.75,5.918893854273146
2024-12-03,2024,12,3,1,Tuesday,49,4,0,0,25.6,0.9,Cloudy,0,0,0,0,25,216.0,198.0,519.0,360.8571428571428,391.8571428571428,406.6,465.0,274,0.7818314824680298,0.6234898018587336,-0.5000000000000004,0.8660254037844384,338,-0.4482293417404106,0.893918596519257,-0.35460488704253595,0.9350162426854147,0,Summer,0,0,1,0,1,1,0,0,0,702,0,0,0,0,0,0,0,371.0,416.0,659.0,198.0,410.0,637.0,509.0,264.0,482.0,154.929016004104,659.0,371.0,352.57142857142856,156.5448361150436,659.0,197.0,386.42857142857144,171.3874218011584,726.0,197.0,414.76666666666665,141.98535216664112,726.0,197.0,445.1333333333333,166.58346171668475,1200.0,197.0,427.76666666666665,154.9635005956367,1200.0,197.0,396.5582176033141,394.02747118709897,404.9612049432819,216.0,198.0,410.0,637.0,365.25,5.616771097666572
2024-12-04,2024,12,4,2,Wednesday,49,4,0,0,16.9,1.0,Cloudy,0,0,0,0,25,279.0,325.0,355.0,377.2857142857143,396.7857142857143,407.9,441.0,394,0.9749279121818236,-0.22252093395631434,-0.5000000000000004,0.8660254037844384,339,-0.4327755925504317,0.9015016841318838,-0.35460488704253595,0.9350162426854147,0,Summer,0,0,1,0,1,1,0,0,0,703,0,0,0,0,0,0,0,274.0,371.0,416.0,325.0,394.0,329.0,686.0,457.0,353.6666666666667,72.56950691118996,416.0,274.0,360.85714285714283,149.48737803064287,659.0,197.0,391.85714285714283,166.08147080591135,726.0,197.0,406.6,142.82678199543827,726.0,197.0,441.21666666666664,167.81447500915684,1200.0,197.0,427.8777777777778,154.8483003776201,1200.0,197.0,365.9186632024856,378.0238083621524,396.5120949469412,279.0,325.0,394.0,329.0,331.75,5.978885764901122
2024-12-05,2024,12,5,3,Thursday,49,4,0,0,15.9,1.6,Cloudy,0,0,0,0,25,197.0,633.0,637.0,407.4285714285714,380.7142857142857,400.26666666666665,1182.0,408,0.43388373911755823,-0.900968867902419,-0.5000000000000004,0.8660254037844384,340,-0.41719360261231697,0.9088176373395028,-0.35460488704253595,0.9350162426854147,0,Summer,0,0,1,0,1,1,0,0,0,704,0,0,0,0,0,0,0,394.0,274.0,371.0,633.0,427.0,429.0,626.0,274.0,346.3333333333333,63.68935023481751,394.0,274.0,377.2857142857143,145.25117817733837,659.0,197.0,396.7857142857143,164.96488137755847,726.0,197.0,407.9,142.5180811275394,726.0,197.0,436.35,164.8023803719814,1200.0,197.0,427.1777777777778,154.85756977414607,1200.0,197.0,372.9389974018642,380.1539672471988,396.3500243052031,197.0,633.0,427.0,429.0,421.5,6.013715156042802
2024-12-06,2024,12,6,4,Friday,49,4,0,0,18.3,0.3,Partly Cloudy,0,0,0,1,20,330.0,347.0,329.0,422.7142857142857,387.1428571428572,403.8666666666667,457.0,437,-0.433883739117558,-0.9009688679024191,-0.5000000000000004,0.8660254037844384,341,-0.4014879892059737,0.9158642882672868,-0.35460488704253595,0.9350162426854147,0,Summer,0,0,1,0,2,0,1,0,0,705,0,0,0,0,0,0,1,408.0,394.0,274.0,347.0,430.0,364.0,290.0,629.0,358.6666666666667,73.65686209263363,408.0,274.0,407.42857142857144,121.56460167726665,659.0,274.0,380.7142857142857,150.5085883424431,726.0,197.0,400.26666666666665,135.79851538808967,726.0,197.0,432.71666666666664,162.942965135061,1200.0,197.0,428.6666666666667,154.01014120993972,1200.0,197.0,381.70424805139817,383.8667716142389,397.1016356403513,330.0,347.0,430.0,364.0,367.75,6.082218910376446
2024-12-07,2024,12,7,5,Saturday,49,4,0,0,25.4,2.4,Cloudy,0,0,0,0,25,659.0,726.0,429.0,398.2857142857143,370.1428571428572,405.8333333333333,322.0,488,-0.9749279121818236,-0.2225209339563146,-0.5000000000000004,0.8660254037844384,342,-0.38566340624360745,0.9226395488404875,-0.35460488704253595,0.9350162426854147,1,Summer,0,0,1,0,1,1,0,0,0,706,0,0,0,0,0,0,0,437.0,408.0,394.0,726.0,533.0,610.0,432.0,354.0,413.0,21.93171219945934,437.0,394.0,422.7142857142857,116.84136579955268,659.0,274.0,387.14285714285717,150.87940020623506,726.0,197.0,403.8666666666667,135.27462063707952,726.0,197.0,435.1666666666667,161.86227318379673,1200.0,197.0,426.53333333333336,152.5266011059834,1200.0,197.0,395.5281860385486,390.9512020656737,399.67572366355444,659.0,726.0,533.0,610.0,632.0,6.192362489474872
2024-12-08,2024,12,8,6,Sunday,49,4,0,0,20.5,0.4,Sunny,0,0,0,0,25,416.0,420.0,364.0,426.7142857142857,384.07142857142856,414.2,384.0,615,-0.7818314824680299,0.6234898018587334,-0.5000000000000004,0.8660254037844384,343,-0.3697245428906732,0.9291414114031743,-0.35460488704253595,0.9350162426854147,1,Summer,0,0,1,0,3,0,0,0,1,707,0,0,0,1,0,0,0,488.0,437.0,408.0,420.0,564.0,409.0,549.0,261.0,444.3333333333333,40.50102879351644,488.0,408.0,398.2857142857143,66.03714683346708,488.0,274.0,370.14285714285717,120.01336921863584,659.0,197.0,405.8333333333333,136.07910562796104,726.0,197.0,436.1,162.00509512807824,1200.0,197.0,428.02222222222224,152.46461941965907,1200.0,197.0,418.6461395289115,403.8910417902506,405.3740640723574,416.0,420.0,564.0,409.0,452.25,6.423246963533519
2024-12-09,2024,12,9,0,Monday,50,4,0,0,16.8,0.7,Cloudy,0,0,1,0,25,371.0,293.0,610.0,432.2857142857143,392.4285714285714,407.53333333333336,671.0,410,0.0,1.0,-0.5000000000000004,0.8660254037844384,344,-0.35367612217637207,0.935367949313148,-0.2393156642875578,0.970941817426052,0,Summer,0,0,1,0,1,1,0,0,0,708,0,0,0,0,0,1,1,615.0,488.0,437.0,293.0,209.0,414.0,498.0,236.0,513.3333333333334,91.664242392185,615.0,437.0,426.7142857142857,105.79810062207264,615.0,274.0,384.07142857142856,136.43677841950952,659.0,197.0,414.2,141.04398922517672,726.0,197.0,437.2,163.00564615364144,1200.0,197.0,431.9555555555556,152.67347187292492,1200.0,197.0,467.7346046466836,432.03890288488384,418.8983180031731,371.0,293.0,209.0,414.0,321.75,6.018593214496234
2024-12-10,2024,12,10,1,Tuesday,50,4,0,0,21.9,1.4,Cloudy,0,0,1,0,25,274.0,216.0,409.0,456.0,408.4285714285714,408.56666666666666,388.0,440,0.7818314824680298,0.6234898018587336,-0.5000000000000004,0.8660254037844384,345,-0.33752289959411347,0.941317317512847,-0.2393156642875578,0.970941817426052,0,Summer,0,0,1,0,1,1,0,0,0,709,0,0,0,0,0,1,1,410.0,615.0,488.0,216.0,198.0,410.0,532.0,337.0,504.3333333333333,103.4714131213701,615.0,410.0,432.2857142857143,103.3742622476127,615.0,274.0,392.42857142857144,133.99065081375772,659.0,197.0,407.53333333333336,136.1104352160872,726.0,197.0,435.73333333333335,162.84513456995697,1200.0,197.0,433.8888888888889,151.25931632144983,1200.0,197.0,453.30095348501266,429.1003825002327,418.3242329707103,274.0,216.0,198.0,410.0,274.5,6.089044875446846
2024-12-11,2024,12,11,2,Wednesday,50,4,0,0,14.0,3.2,Cloudy,0,0,0,0,25,394.0,279.0,414.0,450.57142857142856,413.9285714285714,406.6333333333333,370.0,356,0.9749279121818236,-0.22252093395631434,-0.5000000000000004,0.8660254037844384,346,-0.32126966169236515,0.9469877530760751,-0.2393156642875578,0.970941817426052,0,Summer,0,0,1,0,1,1,0,0,0,710,0,0,0,0,0,0,0,440.0,410.0,615.0,279.0,325.0,394.0,702.0,309.0,488.3333333333333,110.71735786828206,615.0,410.0,456.0,76.57893531078524,615.0,394.0,408.42857142857144,124.32817261383026,659.0,197.0,408.56666666666666,136.23956672064807,726.0,197.0,434.2,162.35572996000946,1200.0,197.0,435.03333333333336,150.90725256396547,1200.0,197.0,449.9757151137595,430.55366483353504,419.7226695532451,394.0,279.0,325.0,394.0,348.0,5.877735781779639
2024-12-12,2024,12,12,3,Thursday,50,4,0,0,22.9,2.7,Cloudy,0,0,1,0,25,408.0,197.0,410.0,459.0,433.2142857142857,408.53333333333336,646.0,467,0.43388373911755823,-0.900968867902419,-0.5000000000000004,0.8660254037844384,347,-0.3049212246562894,0.9523775757303973,-0.2393156642875578,0.970941817426052,0,Summer,0,0,1,0,1,1,0,0,0,711,0,0,0,0,0,1,1,356.0,440.0,410.0,197.0,633.0,427.0,543.0,300.0,402.0,42.567593307584396,440.0,356.0,450.57142857142856,82.8006786261591,615.0,356.0,413.92857142857144,119.78215115894193,659.0,197.0,406.6333333333333,136.5709322668258,726.0,197.0,428.43333333333334,158.78814013120672,1200.0,197.0,435.55555555555554,150.54710048078312,1200.0,197.0,426.4817863353196,420.61317618906367,415.611529582068,408.0,197.0,633.0,427.0,416.25,6.148468295917647
2024-12-13,2024,12,13,4,Friday,50,4,0,0,21.5,2.1,Cloudy,0,0,0,0,25,437.0,330.0,394.0,478.57142857142856,450.6428571428572,414.53333333333336,686.0,574,-0.433883739117558,-0.9009688679024191,-0.5000000000000004,0.8660254037844384,348,-0.2884824328806098,0.9574851883550389,-0.2393156642875578,0.970941817426052,0,Summer,0,0,1,0,1,1,0,0,0,712,0,0,0,0,0,0,0,467.0,356.0,440.0,330.0,347.0,430.0,465.0,513.0,421.0,57.88782255362438,467.0,356.0,459.0,80.72174428244286,615.0,356.0,433.2142857142857,102.68411499607606,659.0,274.0,408.53333333333336,137.01515982908074,726.0,197.0,427.1666666666667,158.16063135538667,1200.0,197.0,437.4111111111111,149.88526656607377,1200.0,197.0,436.6113397514897,426.79808603052186,418.9269147703217,437.0,330.0,347.0,430.0,386.0,6.354370040797351
2024-12-14,2024,12,14,5,Saturday,50,4,0,0,18.0,0.3,Sunny,0,0,0,0,25,488.0,659.0,427.0,484.7142857142857,441.5,418.0,370.0,531,-0.9749279121818236,-0.2225209339563146,-0.5000000000000004,0.8660254037844384,349,-0.27195815753410524,0.9623090774541487,-0.2393156642875578,0.970941817426052,1,Summer,0,0,1,0,3,0,0,0,1,713,0,0,0,1,0,0,0,574.0,467.0,356.0,659.0,726.0,533.0,329.0,297.0,465.6666666666667,109.00611603636392,574.0,356.0,478.57142857142856,90.51308771453515,615.0,356.0,450.64285714285717,104.50881975504905,659.0,274.0,414.53333333333336,140.25954594923334,726.0,197.0,428.98333333333335,159.22497586073976,1200.0,197.0,438.0888888888889,150.36806112915167,1200.0,197.0,470.9585048136173,446.42500789311896,428.93162994643,488.0,659.0,726.0,533.0,601.5,6.2766434893416445
2024-12-15,2024,12,15,6,Sunday,50,4,0,0,15.3,1.6,Cloudy,0,0,1,0,25,615.0,416.0,430.0,457.1428571428572,441.9285714285714,417.73333333333335,655.0,422,-0.7818314824680299,0.6234898018587334,-0.5000000000000004,0.8660254037844384,350,-0.2553532951161881,0.9668478136052773,-0.2393156642875578,0.970941817426052,1,Summer,0,0,1,0,1,1,0,0,0,714,0,0,0,0,0,1,1,531.0,574.0,467.0,416.0,420.0,564.0,412.0,437.0,524.0,53.842362503886285,574.0,467.0,484.7142857142857,92.69252808023333,615.0,356.0,441.5,89.38314244781319,615.0,274.0,418.0,141.85446646183706,726.0,197.0,432.35,159.2106402414793,1200.0,197.0,440.68888888888887,149.92347444534084,1200.0,197.0,485.968878610213,457.7016735073698,435.5166860789184,615.0,416.0,420.0,564.0,503.75,6.0473721790462776
2024-12-16,2024,12,16,0,Monday,51,4,0,0,15.1,0.2,Partly Cloudy,0,0,0,0,25,410.0,371.0,533.0,448.57142857142856,440.4285714285714,411.6333333333333,581.0,350,0.0,1.0,-0.5000000000000004,0.8660254037844384,351,-0.23867276600594997,0.9711000518829505,-0.12053668025532363,0.992708874098054,0,Summer,0,0,1,0,2,0,1,0,0,715,0,0,0,0,0,0,0,422.0,531.0,574.0,371.0,293.0,209.0,463.0,506.0,509.0,78.35177087979505,574.0,422.0,457.14285714285717,74.37389454960851,574.0,356.0,441.92857142857144,89.26577799402764,615.0,274.0,417.73333333333335,141.8386488191798,726.0,197.0,432.51666666666665,159.19420946656214,1200.0,197.0,440.52222222222224,149.93595844711717,1200.0,197.0,469.97665895765977,452.9414503730538,434.6446418157624,410.0,371.0,293.0,209.0,320.75,5.860786223465865
2024-12-17,2024,12,17,1,Tuesday,51,4,0,0,22.2,0.9,Cloudy,0,0,0,1,20,440.0,274.0,564.0,435.8571428571428,445.9285714285714,404.53333333333336,387.0,351,0.7818314824680298,0.6234898018587336,-0.5000000000000004,0.8660254037844384,352,-0.22192151300416674,0.9750645322571945,-0.12053668025532363,0.992708874098054,0,Summer,0,0,1,0,1,1,0,0,0,716,0,0,0,0,0,0,1,350.0,422.0,531.0,274.0,216.0,198.0,1200.0,415.0,434.3333333333333,91.12811494447382,531.0,350.0,448.57142857142856,83.59796078624854,574.0,350.0,440.42857142857144,90.71401747818733,615.0,274.0,411.6333333333333,140.64052570743758,726.0,197.0,430.6333333333333,159.49559971260544,1200.0,197.0,438.7888888888889,150.0721545142512,1200.0,197.0,439.9824942182448,439.2159236566466,429.1836971824874,440.0,274.0,216.0,198.0,282.0,5.863631175598097
2024-12-18,2024,12,18,2,Wednesday,51,4,0,1,25.6,1.1,Cloudy,0,0,0,1,20,356.0,394.0,209.0,444.4285714285714,447.5,411.4333333333333,628.0,416,0.9749279121818236,-0.22252093395631434,-0.5000000000000004,0.8660254037844384,353,-0.20510449986861926,0.9787400799669153,-0.12053668025532363,0.992708874098054,0,Summer,0,0,1,0,1,1,0,0,0,717,0,0,0,0,0,1,2,351.0,350.0,422.0,394.0,279.0,325.0,630.0,496.0,374.3333333333333,41.28357219685853,422.0,350.0,435.85714285714283,91.51216416671772,574.0,350.0,445.92857142857144,81.73735073694537,615.0,350.0,404.53333333333336,138.03566089297703,726.0,197.0,416.48333333333335,123.73392608042829,726.0,197.0,438.0777777777778,150.3375399064338,1200.0,197.0,417.7368706636836,427.4538005024271,424.139587686843,356.0,394.0,279.0,325.0,338.5,6.0330862217988015
2024-12-19,2024,12,19,3,Thursday,51,4,0,1,16.3,0.1,Sunny,0,0,0,0,25,467.0,408.0,198.0,447.8571428571428,453.4285714285714,421.2,514.0,491,0.43388373911755823,-0.900968867902419,-0.5000000000000004,0.8660254037844384,354,-0.1882267098432439,0.9821256058680006,-0.12053668025532363,0.992708874098054,0,Summer,0,0,1,0,3,0,0,0,1,718,0,0,0,0,0,1,1,416.0,351.0,350.0,408.0,197.0,633.0,610.0,383.0,372.3333333333333,37.81974792794408,416.0,350.0,444.42857142857144,85.39097755394974,574.0,350.0,447.5,80.86907747901921,615.0,350.0,411.43333333333334,133.0065290939104,726.0,197.0,412.9166666666667,120.51742846979354,726.0,197.0,437.18888888888887,150.22768446104337,1200.0,197.0,417.3026529977627,425.92662710210345,423.61445299736926,467.0,408.0,197.0,633.0,426.25,6.198478716492308
2024-12-20,2024,12,20,4,Friday,51,4,0,1,21.8,0.6,Cloudy,0,0,0,0,25,574.0,437.0,325.0,436.0,457.2857142857143,426.73333333333335,479.0,491,-0.433883739117558,-0.9009688679024191,-0.5000000000000004,0.8660254037844384,355,-0.1712931441814778,0.9852201067560606,-0.12053668025532363,0.992708874098054,0,Summer,0,0,1,0,1,1,0,0,0,719,0,0,0,0,0,1,1,491.0,416.0,351.0,437.0,330.0,347.0,319.0,650.0,419.3333333333333,70.05949852327828,491.0,351.0,447.85714285714283,86.91648975008304,574.0,350.0,453.42857142857144,80.7929112329444,615.0,350.0,421.2,127.43447268139911,726.0,197.0,410.93333333333334,118.17551822329652,726.0,197.0,438.3888888888889,150.22131197598173,1200.0,197.0,435.726989748322,434.60307682182304,427.9619076427003,574.0,437.0,330.0,347.0,422.0,6.198478716492308
2024-12-21,2024,12,21,5,Saturday,51,4,0,1,9.1,6.2,Rainy,0,0,0,0,25,531.0,488.0,633.0,409.57142857142856,447.1428571428572,417.1666666666667,384.0,346,-0.9749279121818236,-0.2225209339563146,-0.5000000000000004,0.8660254037844384,356,-0.154308820664281,0.9880226656636976,-0.12053668025532363,0.992708874098054,1,Summer,0,0,1,0,0,0,0,1,0,720,0,1,0,0,0,1,1,491.0,491.0,416.0,488.0,659.0,726.0,464.0,369.0,466.0,43.30127018922077,491.0,416.0,436.0,71.05397009785429,531.0,350.0,457.2857142857143,81.23605543905143,615.0,350.0,426.73333333333335,126.71524779200237,726.0,197.0,413.8,117.99365107884113,726.0,197.0,436.6222222222222,148.63125155506978,1200.0,197.0,449.5452423112415,442.12266657891337,432.0288813431713,531.0,488.0,659.0,726.0,601.0,5.849324779946859
2024-12-22,2024,12,22,6,Sunday,51,4,0,1,16.6,6.1,Rainy,0,0,0,0,25,422.0,615.0,347.0,416.4285714285714,436.7857142857143,421.26666666666665,565.0,470,-0.7818314824680299,0.6234898018587334,-0.5000000000000004,0.8660254037844384,357,-0.13727877211326517,0.9905324521322227,-0.12053668025532363,0.992708874098054,1,Summer,0,0,1,0,0,0,0,1,0,721,0,1,0,0,0,1,1,346.0,491.0,491.0,615.0,416.0,420.0,344.0,427.0,442.6666666666667,83.71578903249514,491.0,346.0,409.57142857142856,63.87189560064082,491.0,346.0,447.14285714285717,85.84051145347007,615.0,346.0,417.1666666666667,121.32489392147646,726.0,197.0,411.8333333333333,118.12606977962982,726.0,197.0,436.3666666666667,148.76853675454987,1200.0,197.0,423.65893173343113,429.30631103505823,426.4786309339344,422.0,615.0,416.0,420.0,468.25,6.154858094016418
2024-12-23,2024,12,23,0,Monday,52,4,0,1,19.3,0.9,Cloudy,0,0,0,0,25,350.0,410.0,726.0,424.4285714285714,436.5,410.6,788.0,406,0.0,1.0,-0.5000000000000004,0.8660254037844384,358,-0.12020804489935275,0.9927487224577402,6.432490598706546e-16,1.0,0,Summer,0,0,1,0,1,1,0,0,0,722,0,0,0,0,0,1,1,470.0,346.0,491.0,410.0,371.0,293.0,291.0,344.0,435.6666666666667,78.36027905344157,491.0,346.0,416.42857142857144,67.8794449566226,491.0,346.0,436.7857142857143,71.59520672764017,574.0,346.0,421.26666666666665,120.94967130383529,726.0,197.0,413.93333333333334,118.01965746443534,726.0,197.0,436.84444444444443,148.80716056764444,1200.0,197.0,435.2441988000734,434.73213623038384,429.28646119626126,350.0,410.0,371.0,293.0,356.0,6.008813185442595
2024-12-24,2024,12,24,1,Tuesday,52,4,0,1,15.0,0.1,Sunny,0,0,0,1,20,351.0,440.0,420.0,460.7142857142857,448.2857142857143,416.76666666666665,758.0,605,0.7818314824680298,0.6234898018587336,-0.5000000000000004,0.8660254037844384,359,-0.10310169744743544,0.9946708199115211,6.432490598706546e-16,1.0,0,Summer,0,0,1,0,3,0,0,0,1,723,0,0,0,0,0,1,2,406.0,470.0,346.0,440.0,274.0,216.0,367.0,374.0,407.3333333333333,62.01075175591113,470.0,346.0,424.42857142857144,61.770697321781604,491.0,346.0,436.5,71.71819852729088,574.0,346.0,410.6,106.38142176410203,659.0,197.0,415.85,116.91802502724393,726.0,197.0,437.53333333333336,148.5157427436452,1200.0,197.0,427.93314910005506,430.90118473299935,427.78410886101864,351.0,440.0,274.0,216.0,320.25,6.406879986069314
2024-12-25,2024,12,25,2,Wednesday,52,4,1,1,14.8,0.4,Sunny,0,0,1,0,25,416.0,356.0,293.0,546.8571428571429,495.6428571428572,440.9666666666666,783.0,1019,0.9749279121818236,-0.22252093395631434,-0.5000000000000004,0.8660254037844384,360,-0.0859647987374467,0.9962981749346077,6.432490598706546e-16,1.0,0,Summer,0,0,1,0,3,0,0,0,1,724,0,0,0,0,0,1,3,605.0,406.0,470.0,356.0,394.0,279.0,478.0,498.0,493.6666666666667,101.58904140375199,605.0,406.0,460.7142857142857,82.55445533245434,605.0,346.0,448.2857142857143,84.71711167756449,605.0,346.0,416.76666666666665,112.15066323641541,659.0,197.0,419.81666666666666,119.24671642662167,726.0,197.0,440.1,149.39887414403628,1200.0,197.0,472.1998618250413,454.1143601019328,439.2173921603078,416.0,356.0,394.0,279.0,361.25,6.927557906278317
2024-12-26,2024,12,26,3,Thursday,52,4,1,1,16.2,1.0,Cloudy,0,0,1,1,20,491.0,467.0,216.0,595.2857142857143,521.5714285714286,461.4333333333333,591.0,830,0.43388373911755823,-0.900968867902419,-0.5000000000000004,0.8660254037844384,361,-0.06880242680232064,0.9976303053065857,6.432490598706546e-16,1.0,0,Summer,0,0,1,0,1,1,0,0,0,725,0,0,0,0,0,1,4,1019.0,605.0,406.0,467.0,408.0,197.0,399.0,322.0,676.6666666666666,312.72085529003857,1019.0,406.0,546.8571428571429,223.09596483085394,1019.0,346.0,495.64285714285717,170.7677717490389,1019.0,346.0,440.96666666666664,154.75820591765287,1019.0,197.0,428.8333333333333,142.00288450957464,1019.0,197.0,445.8888888888889,161.28831358742372,1200.0,197.0,608.8998963687809,529.4324454216751,476.62272169835245,491.0,467.0,408.0,197.0,390.75,6.7226297948554485
2024-12-27,2024,12,27,4,Friday,52,4,0,1,21.0,5.9,Rainy,0,0,1,0,25,491.0,574.0,279.0,589.8571428571429,512.9285714285714,467.23333333333335,407.0,453,-0.433883739117558,-0.9009688679024191,-0.5000000000000004,0.8660254037844384,362,-0.05161966722325418,0.9986668162884759,6.432490598706546e-16,1.0,0,Summer,0,0,1,0,0,0,0,1,0,726,0,0,0,0,0,1,2,830.0,1019.0,605.0,574.0,437.0,330.0,305.0,744.0,818.0,207.26070539299027,1019.0,605.0,595.2857142857143,244.69825928117712,1019.0,346.0,521.5714285714286,192.28653070381685,1019.0,346.0,461.43333333333334,164.28773818986105,1019.0,197.0,436.01666666666665,151.07933617543165,1019.0,197.0,451.53333333333336,165.73175836373986,1200.0,197.0,664.1749222765857,569.5081193654518,499.42125578232975,491.0,574.0,437.0,330.0,458.0,6.118097198041348
2024-12-28,2024,12,28,5,Saturday,52,4,0,1,18.6,0.3,Sunny,0,0,0,0,25,346.0,531.0,197.0,658.0,533.7857142857143,488.1,613.0,823,-0.9749279121818236,-0.2225209339563146,-0.5000000000000004,0.8660254037844384,363,-0.034421611622745804,0.9994074007397048,6.432490598706546e-16,1.0,1,Summer,0,0,1,0,3,0,0,0,1,727,0,1,0,1,0,1,1,453.0,830.0,1019.0,531.0,488.0,659.0,266.0,346.0,767.3333333333334,288.15678602686637,1019.0,453.0,589.8571428571429,247.79926591997054,1019.0,346.0,512.9285714285714,192.467965080991,1019.0,346.0,467.23333333333335,160.65634416212865,1019.0,197.0,438.48333333333335,150.10905545993384,1019.0,197.0,448.3,162.77401788638252,1200.0,197.0,611.3811917074393,553.9737034500582,496.42633605443757,346.0,531.0,488.0,659.0,506.0,6.714170529909472
2024-12-29,2024,12,29,6,Sunday,52,4,0,1,8.3,2.9,Cloudy,0,0,1,0,25,470.0,422.0,330.0,655.1428571428571,535.7857142857143,492.1,756.0,450,-0.7818314824680299,0.6234898018587334,-0.5000000000000004,0.8660254037844384,364,-0.01721335615583528,0.9998518392091162,6.432490598706546e-16,1.0,1,Summer,0,0,1,0,1,1,0,0,0,728,0,1,0,0,0,1,2,823.0,453.0,830.0,422.0,615.0,416.0,326.0,338.0,702.0,215.66872745022613,830.0,453.0,658.0,234.8091423546652,1019.0,406.0,533.7857142857143,209.63307819265427,1019.0,346.0,488.1,164.9435326574442,1019.0,274.0,447.76666666666665,156.35480801273945,1019.0,197.0,453.6,167.11348495538164,1200.0,197.0,664.2858937805795,589.8438763233838,517.4956046960867,470.0,422.0,615.0,416.0,480.75,6.111467339502679
2024-12-30,2024,12,30,0,Monday,1,4,0,1,8.9,0.2,Partly Cloudy,0,0,0,0,25,406.0,350.0,659.0,638.5714285714286,531.5,479.8,445.0,290,0.0,1.0,-0.5000000000000004,0.8660254037844384,365,6.432490598706546e-16,1.0,0.12053668025532305,0.992708874098054,0,Summer,0,0,1,0,2,0,1,0,0,729,0,0,0,0,0,1,1,450.0,823.0,453.0,350.0,410.0,371.0,279.0,252.0,575.3333333333334,214.49087004656693,823.0,450.0,655.1428571428571,237.58326861083802,1019.0,406.0,535.7857142857143,208.6156490079041,1019.0,346.0,492.1,162.41291565763456,1019.0,274.0,449.8333333333333,155.53539753704203,1019.0,197.0,454.84444444444443,166.6593721250131,1200.0,197.0,610.7144203354346,571.1980261469326,513.1410495544037,406.0,350.0,410.0,371.0,384.25,5.673323267171493
2024-12-31,2024,12,31,1,Tuesday,1,4,0,1,16.5,8.0,Rainy,0,0,0,0,25,605.0,351.0,416.0,596.8571428571429,528.7857142857143,476.3666666666667,474.0,313,0.7818314824680298,0.6234898018587336,-0.5000000000000004,0.8660254037844384,366,0.017213356155833904,0.9998518392091162,0.12053668025532305,0.992708874098054,0,Summer,0,0,1,0,0,0,0,1,0,730,0,0,0,0,0,1,1,290.0,450.0,823.0,351.0,440.0,274.0,538.0,338.0,521.0,273.5013711117367,823.0,290.0,638.5714285714286,260.7712005717256,1019.0,290.0,531.5,213.28988940659363,1019.0,290.0,479.8,163.3074950240637,1019.0,274.0,450.01666666666665,155.33697560046872,1019.0,197.0,455.26666666666665,166.18716942321046,1200.0,197.0,530.535815251576,533.7049559940083,498.74485280895834,605.0,351.0,440.0,274.0,417.5,5.749392985908253
2025-01-01,2025,1,1,2,Wednesday,1,1,1,0,22.8,1.0,Cloudy,0,0,0,0,25,1019.0,416.0,371.0,576.0,561.4285714285714,493.1,299.0,873,0.9749279121818236,-0.22252093395631434,0.0,1.0,1,0.017213356155834685,0.9998518392091162,0.12053668025532305,0.992708874098054,0,Summer,0,0,1,0,1,1,0,0,0,731,0,0,0,0,0,1,1,313.0,290.0,450.0,416.0,356.0,394.0,413.0,321.0,351.0,86.50433515148201,450.0,290.0,596.8571428571429,288.8768068291562,1019.0,290.0,528.7857142857143,215.98831114078965,1019.0,290.0,476.3666666666667,165.75937760611893,1019.0,274.0,446.26666666666665,155.89184284838868,1019.0,197.0,454.9888888888889,166.4061293196739,1200.0,197.0,476.151861438682,504.27762852814055,486.76131391805785,1019.0,416.0,356.0,394.0,546.25,6.773080375655535
2025-01-02,2025,1,2,3,Thursday,1,1,0,0,6.8,3.0,Cloudy,0,0,0,0,25,830.0,491.0,274.0,507.1428571428572,551.2142857142857,495.56666666666666,279.0,348,0.43388373911755823,-0.900968867902419,0.0,1.0,2,0.03442161162274574,0.9994074007397048,0.12053668025532305,0.992708874098054,0,Summer,0,0,1,0,1,1,0,0,0,732,0,0,0,0,0,0,0,873.0,313.0,290.0,491.0,467.0,408.0,519.0,509.0,492.0,330.1560237221183,873.0,290.0,576.0,256.80861875464143,873.0,290.0,561.4285714285714,231.60102108374437,1019.0,290.0,493.1,179.52280615853408,1019.0,274.0,453.93333333333334,165.25797672141744,1019.0,197.0,461.1222222222222,171.506663006661,1200.0,197.0,575.3638960790115,553.4406113910552,511.67993882657026,830.0,491.0,467.0,408.0,549.0,5.855071922202427
2025-01-03,2025,1,3,4,Friday,1,1,0,0,18.0,0.8,Cloudy,0,0,0,1,20,453.0,491.0,394.0,504.7142857142857,547.2857142857143,496.9666666666666,325.0,436,-0.433883739117558,-0.9009688679024191,0.0,1.0,3,0.051619667223253764,0.998666816288476,0.12053668025532305,0.992708874098054,0,Summer,0,0,1,0,1,1,0,0,0,733,0,0,0,0,0,0,1,348.0,873.0,313.0,491.0,574.0,437.0,355.0,686.0,511.3333333333333,313.70102539413745,873.0,313.0,507.14285714285717,241.51703084974417,873.0,290.0,551.2142857142857,238.01072327860444,1019.0,290.0,495.56666666666666,176.8977268003367,1019.0,290.0,451.0833333333333,165.59101053004548,1019.0,197.0,459.3333333333333,171.84098999568354,1200.0,197.0,518.5229220592587,526.0485298722479,501.11994277324317,453.0,491.0,574.0,437.0,488.75,6.07993319509559
2025-01-04,2025,1,4,5,Saturday,1,1,0,0,17.9,2.0,Cloudy,0,0,0,0,25,823.0,346.0,408.0,460.0,559.0,500.3666666666667,340.0,510,-0.9749279121818236,-0.2225209339563146,0.0,1.0,4,0.06880242680231986,0.9976303053065857,0.12053668025532305,0.992708874098054,1,Summer,0,0,1,0,1,1,0,0,0,734,0,0,0,0,0,0,0,436.0,348.0,873.0,346.0,531.0,488.0,637.0,626.0,552.3333333333334,281.1695810953476,873.0,348.0,504.7142857142857,242.2366021652622,873.0,290.0,547.2857142857143,239.5301261192031,1019.0,290.0,496.96666666666664,176.23113414966804,1019.0,290.0,452.43333333333334,165.12392538473438,1019.0,197.0,456.55555555555554,170.14805919386995,1200.0,197.0,497.892191544444,514.0420592226149,496.91865614271137,823.0,346.0,531.0,488.0,547.0,6.236369590203704
2025-01-05,2025,1,5,6,Sunday,1,1,0,0,27.4,0.4,Sunny,0,0,0,0,25,450.0,470.0,437.0,474.2857142857143,564.7142857142857,504.1333333333333,601.0,550,-0.7818314824680299,0.6234898018587334,0.0,1.0,5,0.08596479873744647,0.9962981749346078,0.12053668025532305,0.992708874098054,1,Summer,0,0,1,0,3,0,0,0,1,735,0,0,0,1,0,0,0,510.0,436.0,348.0,470.0,422.0,615.0,329.0,290.0,431.3333333333333,81.10076037456905,510.0,348.0,460.0,198.66135339651098,873.0,290.0,559.0,232.84593784137786,1019.0,290.0,500.3666666666667,175.4376760018203,1019.0,290.0,450.31666666666666,163.5241641467311,1019.0,197.0,455.26666666666665,169.28725669966673,1200.0,197.0,500.91914365833304,513.5031179929329,497.76261381092354,450.0,470.0,422.0,615.0,489.25,6.311734809152915
2025-01-06,2025,1,6,0,Monday,2,1,0,0,18.6,0.3,Partly Cloudy,0,0,0,0,25,290.0,406.0,488.0,485.4285714285714,562.0,500.1333333333333,419.0,368,0.0,1.0,0.0,1.0,6,0.10310169744743485,0.9946708199115211,0.23931566428755774,0.970941817426052,0,Summer,0,0,1,0,2,0,1,0,0,736,0,0,0,0,0,0,0,550.0,510.0,436.0,406.0,350.0,410.0,429.0,432.0,498.6666666666667,57.83885660464998,550.0,436.0,474.2857142857143,201.39903532184934,873.0,290.0,564.7142857142857,231.47135678305654,1019.0,290.0,504.1333333333333,175.24322670433588,1019.0,290.0,454.0,163.233948778734,1019.0,197.0,458.15555555555557,168.65255229540784,1200.0,197.0,513.1893577437497,518.3693689272085,501.13276775860595,290.0,406.0,350.0,410.0,364.0,5.910796644040527
2025-01-07,2025,1,7,1,Tuesday,2,1,0,0,22.4,5.6,Rainy,0,0,0,1,20,313.0,605.0,615.0,493.57142857142856,545.2142857142857,491.9666666666666,395.0,370,0.7818314824680298,0.6234898018587336,0.0,1.0,7,0.1202080448993527,0.9927487224577402,0.23931566428755774,0.970941817426052,0,Summer,0,0,1,0,0,0,0,1,0,737,0,0,0,0,0,0,1,368.0,550.0,510.0,605.0,351.0,440.0,364.0,549.0,476.0,95.64517760974637,550.0,368.0,485.42857142857144,191.41391201865608,873.0,313.0,562.0,233.68782595591077,1019.0,290.0,500.1333333333333,176.98504385152597,1019.0,290.0,452.98333333333335,163.58188657617097,1019.0,197.0,457.44444444444446,168.8988202612526,1200.0,197.0,476.8920183078123,498.320119736914,492.5435569354701,313.0,605.0,351.0,440.0,427.25,5.916202062607435
2025-01-08,2025,1,8,2,Wednesday,2,1,0,0,21.2,5.0,Rainy,0,0,1,0,25,873.0,1019.0,410.0,401.4285714285714,488.7142857142857,485.9,279.0,228,0.9749279121818236,-0.22252093395631434,0.0,1.0,8,0.13727877211326478,0.9905324521322229,0.23931566428755774,0.970941817426052,0,Summer,0,0,1,0,0,0,0,1,0,738,0,0,0,0,0,1,1,370.0,368.0,550.0,1019.0,416.0,356.0,610.0,498.0,429.3333333333333,104.50518328453025,550.0,368.0,493.57142857142856,183.9219554982107,873.0,348.0,545.2142857142857,238.74678526113706,1019.0,290.0,491.96666666666664,177.15441994414715,1019.0,290.0,453.0833333333333,163.52839298034613,1019.0,197.0,455.4555555555556,168.8624971576492,1200.0,197.0,450.1690137308592,481.2107704386588,484.6375210041495,873.0,1019.0,416.0,356.0,666.0,5.43372200355424
2025-01-09,2025,1,9,3,Thursday,2,1,0,0,9.8,4.4,Cloudy,0,0,0,0,25,348.0,830.0,440.0,393.57142857142856,450.3571428571428,481.0,363.0,293,0.43388373911755823,-0.900968867902419,0.0,1.0,9,0.15430882066428117,0.9880226656636976,0.23931566428755774,0.970941817426052,0,Summer,0,0,1,0,1,1,0,0,0,739,0,0,0,0,0,0,0,228.0,370.0,368.0,830.0,491.0,467.0,409.0,532.0,322.0,81.41252974819002,370.0,228.0,401.42857142857144,108.08462293169093,550.0,228.0,488.7142857142857,209.84625455187538,873.0,228.0,485.9,183.0755167344512,1019.0,228.0,446.71666666666664,164.7472734957815,1019.0,197.0,452.4555555555556,170.4887331023854,1200.0,197.0,394.6267602981444,447.44933438017097,468.08026158452697,348.0,830.0,491.0,467.0,534.0,5.683579767338681
2025-01-10,2025,1,10,4,Friday,2,1,0,0,24.3,2.0,Cloudy,0,0,1,0,25,436.0,453.0,356.0,405.0,454.8571428571428,486.3333333333333,329.0,516,-0.433883739117558,-0.9009688679024191,0.0,1.0,10,0.1712931441814776,0.9852201067560606,0.23931566428755774,0.970941817426052,0,Summer,0,0,1,0,1,1,0,0,0,740,0,0,0,0,0,1,1,293.0,228.0,370.0,453.0,491.0,574.0,414.0,702.0,297.0,71.08445681019111,370.0,228.0,393.57142857142856,114.42880922631537,550.0,228.0,450.35714285714283,190.8868400762231,873.0,228.0,481.0,186.2854687356721,1019.0,228.0,444.78333333333336,165.87417036862695,1019.0,197.0,449.8,171.09608313144204,1200.0,197.0,369.22007022360833,426.8560897961482,456.78476083713815,436.0,453.0,491.0,574.0,488.5,6.248042874508429
2025-01-11,2025,1,11,5,Saturday,2,1,0,0,21.6,3.3,Cloudy,0,0,0,1,20,510.0,823.0,467.0,426.7142857142857,443.3571428571428,492.8333333333333,330.0,662,-0.9749279121818236,-0.2225209339563146,0.0,1.0,11,0.1882267098432442,0.9821256058680006,0.23931566428755774,0.970941817426052,1,Summer,0,0,1,0,1,1,0,0,0,741,0,0,0,0,0,0,1,516.0,293.0,228.0,823.0,346.0,531.0,410.0,543.0,345.6666666666667,151.05076409384117,516.0,228.0,405.0,123.0433527935043,550.0,228.0,454.85714285714283,191.69481239433938,873.0,228.0,486.3333333333333,184.86832841396827,1019.0,228.0,446.48333333333335,166.07589562409316,1019.0,197.0,447.73333333333335,169.12755640958875,1200.0,197.0,405.9150526677063,438.7419444899951,460.6050988476454,510.0,823.0,346.0,531.0,552.5,6.4967749901858625
2025-01-12,2025,1,12,6,Sunday,2,1,0,0,23.0,0.1,Sunny,0,0,0,0,25,550.0,450.0,574.0,459.1428571428572,466.7142857142857,499.6,601.0,777,-0.7818314824680299,0.6234898018587334,0.0,1.0,12,0.2051044998686192,0.9787400799669153,0.23931566428755774,0.970941817426052,1,Summer,0,0,1,0,3,0,0,0,1,742,0,0,0,1,0,0,0,662.0,516.0,293.0,450.0,470.0,422.0,394.0,465.0,490.3333333333333,185.83415545408562,662.0,293.0,426.7142857142857,154.14356326242816,662.0,228.0,443.35714285714283,171.6967842281432,873.0,228.0,492.8333333333333,187.57344921543356,1019.0,228.0,450.68333333333334,168.30908730682532,1019.0,197.0,449.05555555555554,170.34151823309998,1200.0,197.0,469.9362895007797,468.5096852246624,473.5983182768296,550.0,450.0,470.0,422.0,473.0,6.656726524178391
2025-01-13,2025,1,13,0,Monday,3,1,0,0,40.1,0.8,Cloudy,0,0,0,0,25,368.0,290.0,531.0,444.7142857142857,465.07142857142856,490.8,527.0,267,0.0,1.0,0.0,1.0,13,0.2219215130041655,0.9750645322571948,0.3546048870425356,0.9350162426854148,0,Summer,0,0,1,0,1,1,0,0,0,743,0,0,0,0,0,0,0,777.0,662.0,516.0,290.0,406.0,350.0,427.0,329.0,651.6666666666666,130.80647282658936,777.0,516.0,459.14285714285717,201.12220876159586,777.0,228.0,466.7142857142857,193.5245675405532,873.0,228.0,499.6,194.14882311577765,1019.0,228.0,457.06666666666666,173.31140452334105,1019.0,197.0,452.52222222222224,173.80915711241974,1200.0,197.0,546.7022171255848,509.6417271947074,493.1726203234858,368.0,290.0,406.0,350.0,353.5,5.5909869805108565
2025-01-14,2025,1,14,1,Tuesday,3,1,0,0,10.1,0.8,Cloudy,0,0,1,0,25,370.0,313.0,422.0,441.57142857142856,467.57142857142856,488.3333333333333,451.0,348,0.7818314824680298,0.6234898018587336,0.0,1.0,14,0.2386727660059501,0.9711000518829505,0.3546048870425356,0.9350162426854148,0,Summer,0,0,1,0,1,1,0,0,0,744,0,0,0,0,0,1,1,267.0,777.0,662.0,313.0,605.0,351.0,430.0,412.0,568.6666666666666,267.5038940526535,777.0,267.0,444.7142857142857,212.07523373063827,777.0,228.0,465.07142857142856,195.23022475872057,873.0,228.0,490.8,198.60833055417731,1019.0,228.0,454.4,175.00452294397283,1019.0,197.0,451.8333333333333,174.42600890999495,1200.0,197.0,476.77666284418854,477.2894969020798,478.5808383671319,370.0,313.0,605.0,351.0,409.75,5.855071922202427
2025-01-15,2025,1,15,2,Wednesday,3,1,0,0,29.1,2.0,Cloudy,0,0,1,0,25,228.0,873.0,350.0,460.8571428571428,431.1428571428572,488.76666666666665,418.0,363,0.9749279121818236,-0.22252093395631434,0.0,1.0,15,0.255353295116187,0.9668478136052775,0.3546048870425356,0.9350162426854148,0,Summer,0,0,1,0,1,1,0,0,0,745,0,0,0,0,0,1,1,348.0,267.0,777.0,873.0,1019.0,416.0,533.0,463.0,464.0,274.07480730632636,777.0,267.0,441.57142857142856,213.5250626529646,777.0,228.0,467.57142857142856,193.3481174087154,873.0,228.0,488.3333333333333,199.9472919052169,1019.0,228.0,453.03333333333336,175.51772972075423,1019.0,197.0,451.1222222222222,174.72043980282862,1200.0,197.0,444.5824971331414,460.05089731513584,470.1562681498976,228.0,873.0,1019.0,416.0,634.0,5.8971538676367405
2025-01-16,2025,1,16,3,Thursday,3,1,0,0,19.1,0.9,Cloudy,0,0,0,0,25,293.0,348.0,351.0,453.4285714285714,423.5,485.1,472.0,241,0.43388373911755823,-0.900968867902419,0.0,1.0,16,0.2719581575341055,0.9623090774541486,0.3546048870425356,0.9350162426854148,0,Summer,0,0,1,0,1,1,0,0,0,746,0,0,0,0,0,0,0,363.0,348.0,267.0,348.0,830.0,491.0,564.0,1200.0,326.0,51.64300533470058,363.0,267.0,460.85714285714283,196.43270991311402,777.0,267.0,431.14285714285717,155.40758180834135,777.0,228.0,488.76666666666665,199.6510202454713,1019.0,228.0,450.2,175.57709205428066,1019.0,197.0,450.0111111111111,174.96185744484222,1200.0,197.0,424.18687284985606,447.1107776731177,463.2429605273236,293.0,348.0,830.0,491.0,490.5,5.488937726156687
2025-01-17,2025,1,17,4,Friday,3,1,0,0,21.9,0.3,Sunny,0,0,0,0,25,516.0,436.0,416.0,443.4285714285714,424.2142857142857,486.1,376.0,446,-0.433883739117558,-0.9009688679024191,0.0,1.0,17,0.288482432880609,0.9574851883550393,0.3546048870425356,0.9350162426854148,0,Summer,0,0,1,0,3,0,0,0,1,747,0,0,0,0,0,0,0,241.0,363.0,348.0,436.0,453.0,491.0,209.0,630.0,317.3333333333333,66.53069467045451,363.0,241.0,453.42857142857144,204.64999156515773,777.0,241.0,423.5,162.2897456355803,777.0,228.0,485.1,203.24613072620235,1019.0,228.0,444.81666666666666,176.97490884750295,1019.0,197.0,439.35555555555555,157.05937552626108,1019.0,197.0,378.390154637392,419.6293406500353,448.9047050094318,516.0,436.0,453.0,491.0,474.0,6.102558594613569
2025-01-18,2025,1,18,5,Saturday,3,1,0,0,20.3,1.8,Cloudy,0,0,0,0,25,662.0,510.0,491.0,415.1428571428572,420.9285714285714,485.2,560.0,464,-0.9749279121818236,-0.2225209339563146,0.0,1.0,18,0.30492122465628907,0.9523775757303974,0.3546048870425356,0.9350162426854148,1,Summer,0,0,1,0,1,1,0,0,0,748,0,0,0,0,0,0,0,446.0,241.0,363.0,510.0,823.0,346.0,198.0,610.0,350.0,103.11643903859321,446.0,241.0,443.42857142857144,202.78466176616794,777.0,241.0,424.2142857142857,162.3709800575059,777.0,228.0,486.1,202.96803723229712,1019.0,228.0,448.76666666666665,174.2462086902837,1019.0,197.0,437.31111111111113,155.7419101327104,1019.0,197.0,395.292615978044,423.1454285633639,448.71730468624264,662.0,510.0,823.0,346.0,585.25,6.142037405587356
2025-01-19,2025,1,19,6,Sunday,3,1,0,0,18.4,3.4,Cloudy,0,0,0,0,25,777.0,550.0,491.0,374.2857142857143,416.7142857142857,485.2,591.0,491,-0.7818314824680299,0.6234898018587334,0.0,1.0,19,0.3212696616923644,0.9469877530760753,0.3546048870425356,0.9350162426854148,1,Summer,0,0,1,0,1,1,0,0,0,749,0,0,0,0,0,0,0,464.0,446.0,241.0,550.0,450.0,470.0,325.0,319.0,383.6666666666667,123.88031858747071,464.0,241.0,415.14285714285717,179.71220378838018,777.0,241.0,420.92857142857144,160.96079995104066,777.0,228.0,485.2,203.00541864689256,1019.0,228.0,453.2,171.11358107151722,1019.0,197.0,435.68888888888887,154.67970854222148,1019.0,197.0,412.469461983533,428.5927047549154,449.70328502906574,777.0,550.0,450.0,470.0,561.75,6.198478716492308
2025-01-20,2025,1,20,0,Monday,4,1,0,0,17.7,1.0,Cloudy,0,0,0,0,25,267.0,368.0,346.0,386.8571428571428,415.7857142857143,485.5,640.0,355,0.0,1.0,0.0,1.0,20,0.3375228995941133,0.9413173175128471,0.4647231720437685,0.8854560256532099,0,Summer,0,0,1,0,1,1,0,0,0,750,0,0,0,0,0,0,0,491.0,464.0,446.0,368.0,290.0,406.0,633.0,464.0,467.0,22.6495033058102,491.0,446.0,374.2857142857143,97.38876438569048,491.0,241.0,416.7142857142857,158.06786690991422,777.0,228.0,485.2,203.00541864689256,1019.0,228.0,455.96666666666664,170.345905978441,1019.0,197.0,437.6,154.28383299489118,1019.0,197.0,432.10209648764976,436.9136774542601,452.367589220739,267.0,368.0,290.0,406.0,332.75,5.87493073085203
2025-01-21,2025,1,21,1,Tuesday,4,1,0,0,22.1,0.3,Partly Cloudy,0,0,0,1,20,348.0,370.0,470.0,405.8571428571428,423.7142857142857,485.8666666666667,304.0,481,0.7818314824680298,0.6234898018587336,0.0,1.0,21,0.3536761221763716,0.9353679493131483,0.4647231720437685,0.8854560256532099,0,Summer,0,0,1,0,2,0,1,0,0,751,0,0,0,0,0,0,1,355.0,491.0,464.0,370.0,313.0,605.0,347.0,344.0,436.6666666666667,72.0023147776045,491.0,355.0,386.85714285714283,86.27751458989546,491.0,241.0,415.7857142857143,158.41385845136892,777.0,228.0,485.5,202.79916173396802,1019.0,228.0,451.3333333333333,169.22612158289496,1019.0,197.0,436.3888888888889,154.50193224088576,1019.0,197.0,412.8265723657373,425.9918537936921,446.0858092710139,348.0,370.0,313.0,605.0,409.0,6.1779441140506
2025-01-22,2025,1,22,2,Wednesday,4,1,0,0,12.9,0.4,Sunny,0,0,0,0,25,363.0,228.0,406.0,416.4285714285714,438.6428571428572,486.9,554.0,437,0.9749279121818236,-0.22252093395631434,0.0,1.0,22,0.3697245428906731,0.9291414114031743,0.4647231720437685,0.8854560256532099,0,Summer,0,0,1,0,3,0,0,0,1,752,0,0,0,0,0,0,0,481.0,355.0,491.0,228.0,873.0,1019.0,726.0,291.0,442.3333333333333,75.79797710581228,491.0,355.0,405.85714285714283,90.81928681256507,491.0,241.0,423.7142857142857,158.723479224539,777.0,228.0,485.8666666666667,202.78011419427648,1019.0,228.0,453.56666666666666,168.70929431629014,1019.0,197.0,437.9111111111111,154.25614510327395,1019.0,197.0,429.869929274303,433.32627328786646,448.33833770514207,363.0,228.0,873.0,1019.0,620.75,6.082218910376446
2025-01-23,2025,1,23,3,Thursday,4,1,0,0,24.3,0.5,Cloudy,0,0,0,0,25,241.0,293.0,605.0,428.0,440.7142857142857,477.4666666666666,397.0,322,0.43388373911755823,-0.900968867902419,0.0,1.0,23,0.38566340624360707,0.9226395488404876,0.4647231720437685,0.8854560256532099,0,Summer,0,0,1,0,1,1,0,0,0,753,0,0,0,0,0,0,0,437.0,481.0,355.0,293.0,348.0,830.0,420.0,367.0,424.3333333333333,63.94789545663909,481.0,355.0,416.42857142857144,89.29325682427431,491.0,241.0,438.64285714285717,148.39220752029766,777.0,241.0,486.9,202.43778950751704,1019.0,228.0,448.75,164.88153168722528,1019.0,197.0,439.53333333333336,153.45944821740684,1019.0,197.0,431.6524469557272,433.8161035161509,447.6068320467458,241.0,293.0,348.0,830.0,428.0,5.777652323222656
2025-01-24,2025,1,24,4,Friday,4,1,0,0,18.4,0.7,Cloudy,0,0,0,0,25,446.0,516.0,1019.0,422.7142857142857,433.07142857142856,457.1333333333333,269.0,409,-0.433883739117558,-0.9009688679024191,0.0,1.0,24,0.401487989205973,0.9158642882672872,0.4647231720437685,0.8854560256532099,0,Summer,0,0,1,0,1,1,0,0,0,754,0,0,0,0,0,0,0,322.0,437.0,481.0,516.0,436.0,453.0,293.0,478.0,413.3333333333333,82.09953308839974,481.0,322.0,428.0,64.6065012208531,491.0,322.0,440.7142857142857,146.39169195185673,777.0,241.0,477.46666666666664,203.33643487365106,1019.0,228.0,447.1166666666667,165.6547452769416,1019.0,197.0,439.03333333333336,153.7714230986945,1019.0,197.0,404.23933521679544,418.9072897139975,439.50316546308477,446.0,516.0,436.0,453.0,462.75,6.016157159698354
2025-01-25,2025,1,25,5,Saturday,4,1,0,0,14.8,2.1,Cloudy,0,0,1,0,25,464.0,662.0,830.0,432.8571428571428,424.0,447.3,606.0,535,-0.9749279121818236,-0.2225209339563146,0.0,1.0,25,0.4171936026123168,0.9088176373395029,0.4647231720437685,0.8854560256532099,1,Summer,0,0,1,0,1,1,0,0,0,755,0,0,0,0,0,1,1,409.0,322.0,437.0,662.0,510.0,823.0,216.0,399.0,389.3333333333333,59.96943666012915,437.0,322.0,422.7142857142857,64.40164150525608,491.0,322.0,433.07142857142856,144.94479813188997,777.0,241.0,457.1333333333333,175.97525949412054,873.0,228.0,449.05,164.49845962907688,1019.0,197.0,438.26666666666665,153.74696854598017,1019.0,197.0,405.42950141259655,417.5863177521312,437.5352193041761,464.0,662.0,510.0,823.0,614.75,6.284134161070802
2025-01-26,2025,1,26,6,Sunday,4,1,0,0,18.2,1.8,Cloudy,0,0,0,0,25,491.0,777.0,453.0,427.0,400.6428571428572,447.2,793.0,450,-0.7818314824680299,0.6234898018587334,0.0,1.0,26,0.4327755925504312,0.901501684131884,0.4647231720437685,0.8854560256532099,1,Summer,0,0,1,0,1,1,0,0,0,756,0,0,0,0,0,0,0,535.0,409.0,322.0,777.0,550.0,450.0,279.0,305.0,422.0,107.0934171646414,535.0,322.0,432.85714285714283,76.4513539697605,535.0,322.0,424.0,132.9968189324604,777.0,241.0,447.3,162.1179115378044,873.0,228.0,454.3666666666667,161.9742568651133,1019.0,197.0,439.77777777777777,154.02478844549782,1019.0,197.0,437.82212605944744,433.24147538518037,443.82326967164863,491.0,777.0,550.0,450.0,567.0,6.111467339502679
2025-01-27,2025,1,27,0,Monday,5,1,1,0,26.8,2.4,Cloudy,0,0,0,0,25,355.0,267.0,823.0,443.0,414.9285714285714,435.3333333333333,569.0,467,0.0,1.0,0.0,1.0,27,0.4482293417404106,0.893918596519257,0.5680647467311558,0.8229838658936564,0,Summer,0,0,1,0,1,1,0,0,0,757,0,0,0,0,0,1,1,450.0,535.0,409.0,267.0,368.0,290.0,197.0,266.0,464.6666666666667,64.26766942509462,535.0,409.0,427.0,72.73467765332727,535.0,322.0,400.64285714285717,86.99036829341479,535.0,241.0,447.2,162.11519956819146,873.0,228.0,457.21666666666664,160.33239748602236,1019.0,197.0,441.3888888888889,153.35606613767658,1019.0,197.0,440.8665945445856,435.475945333823,444.22176840251007,355.0,267.0,368.0,290.0,320.0,6.148468295917647
2025-01-28,2025,1,28,1,Tuesday,5,1,0,0,17.8,0.9,Cloudy,0,0,0,0,25,481.0,348.0,450.0,421.2857142857143,413.57142857142856,431.3,435.0,329,0.7818314824680298,0.6234898018587336,0.0,1.0,28,0.4635502709028509,0.886070621534138,0.5680647467311558,0.8229838658936564,0,Summer,0,0,1,0,1,1,0,0,0,758,0,0,0,0,0,0,0,467.0,450.0,535.0,348.0,370.0,313.0,330.0,326.0,484.0,44.97777228809703,535.0,450.0,443.0,66.28976793844902,535.0,322.0,414.92857142857144,79.45048219412462,535.0,241.0,435.3333333333333,145.8743751771824,873.0,228.0,461.71666666666664,156.6519505650002,1019.0,228.0,443.6222222222222,152.2326411408344,1019.0,197.0,447.39994590843924,439.6791526226466,445.6913317313804,481.0,348.0,370.0,313.0,378.0,5.799092654460526
2025-01-29,2025,1,29,2,Wednesday,5,1,0,0,22.3,3.5,Cloudy,0,0,0,0,25,437.0,363.0,290.0,408.0,412.2142857142857,433.1,317.0,344,0.9749279121818236,-0.22252093395631434,0.0,1.0,29,0.47873384011578846,0.8779600847008882,0.5680647467311558,0.8229838658936564,0,Summer,0,0,1,0,1,1,0,0,0,759,0,0,0,0,0,0,0,329.0,467.0,450.0,363.0,228.0,873.0,659.0,279.0,415.3333333333333,75.24847728248885,467.0,329.0,421.2857142857143,75.95769499248593,535.0,322.0,413.57142857142856,80.83193798123355,535.0,241.0,431.3,147.12231598934608,873.0,228.0,461.7,156.6662543569525,1019.0,228.0,443.65555555555557,152.2069231037113,1019.0,197.0,417.7999594313294,424.9219322729604,438.16285871645266,437.0,363.0,228.0,873.0,475.25,5.84354441703136
2025-01-30,2025,1,30,3,Thursday,5,1,0,0,16.8,0.5,Cloudy,0,0,1,0,25,322.0,241.0,313.0,422.4285714285714,425.2142857142857,436.76666666666665,343.0,423,0.43388373911755823,-0.900968867902419,0.0,1.0,30,0.4937755501599772,0.869589389346611,0.5680647467311558,0.8229838658936564,0,Summer,0,0,1,0,1,1,0,0,0,760,0,0,0,0,0,1,1,344.0,329.0,467.0,241.0,293.0,348.0,416.0,538.0,380.0,75.71657678474317,467.0,329.0,408.0,80.73413156775823,535.0,322.0,412.2142857142857,81.89879173658105,535.0,241.0,433.1,145.65697776767794,873.0,228.0,456.45,155.21373180995596,1019.0,228.0,444.3777777777778,151.56973236859363,1019.0,197.0,399.34996957349705,414.1323413032324,432.0878355734557,322.0,241.0,293.0,348.0,301.0,6.049733455231958
2025-01-31,2025,1,31,4,Friday,5,1,0,0,24.3,1.3,Cloudy,0,0,0,0,25,409.0,446.0,873.0,408.1428571428572,415.4285714285714,417.9666666666666,443.0,309,-0.433883739117558,-0.9009688679024191,0.0,1.0,31,0.5086709438521044,0.8609610158889943,0.5680647467311558,0.8229838658936564,0,Summer,0,0,1,0,1,1,0,0,0,761,0,0,0,0,0,0,0,423.0,344.0,329.0,446.0,516.0,436.0,371.0,413.0,365.3333333333333,50.50082507576724,423.0,329.0,422.42857142857144,71.2737846683651,535.0,329.0,425.2142857142857,65.41721553163124,535.0,322.0,436.76666666666665,143.90338792909395,873.0,228.0,456.56666666666666,155.18544037362156,1019.0,228.0,443.1,151.25601854494047,1019.0,197.0,405.2624771801228,415.31469579613474,431.50152360097474,409.0,446.0,516.0,436.0,451.75,5.736572297479192
2025-02-01,2025,2,1,5,Saturday,5,1,0,0,23.9,3.2,Cloudy,1,0,0,0,25,535.0,464.0,348.0,411.7142857142857,422.2857142857143,425.03333333333336,487.0,560,-0.9749279121818236,-0.2225209339563146,0.49999999999999994,0.8660254037844387,32,0.5234156073655503,0.8520775211013093,0.5680647467311558,0.8229838658936564,1,Summer,0,0,1,0,1,1,0,0,0,762,0,0,1,0,0,1,1,309.0,423.0,344.0,464.0,662.0,510.0,274.0,519.0,358.6666666666667,58.3980593284849,423.0,309.0,408.14285714285717,83.40349427417866,535.0,309.0,415.42857142857144,71.98580446140639,535.0,309.0,417.96666666666664,119.76398725693032,777.0,228.0,455.53333333333336,155.96930018074102,1019.0,228.0,441.94444444444446,151.88451860298628,1019.0,197.0,381.1968578850921,401.1394030233168,423.5981994976861,535.0,464.0,662.0,510.0,542.75,6.329720905522696
2025-02-02,2025,2,2,6,Sunday,5,1,0,0,29.7,0.4,Sunny,1,0,0,0,25,450.0,491.0,436.0,452.7142857142857,439.8571428571428,435.06666666666666,735.0,737,-0.7818314824680299,0.6234898018587334,0.49999999999999994,0.8660254037844387,33,0.5380051715382996,0.8429415373547828,0.5680647467311558,0.8229838658936564,1,Summer,0,0,1,0,3,0,0,0,1,763,0,0,1,1,0,1,1,560.0,309.0,423.0,491.0,777.0,550.0,394.0,355.0,430.6666666666667,125.6755080886218,560.0,309.0,411.7142857142857,90.01428458067933,560.0,309.0,422.2857142857143,80.9790367663397,560.0,309.0,425.03333333333336,121.73161075690768,777.0,228.0,460.3,154.69240118070084,1019.0,228.0,442.4,152.17943282612424,1019.0,197.0,425.8976434138191,422.3208159535412,432.3983156591257,450.0,491.0,777.0,550.0,567.0,6.6039438246004725
2025-02-03,2025,2,3,0,Monday,6,1,0,0,19.6,0.2,Sunny,1,0,0,1,20,467.0,355.0,510.0,469.1428571428572,456.07142857142856,437.4666666666666,803.0,582,0.0,1.0,0.49999999999999994,0.8660254037844387,34,0.5524353131676196,0.8335557718385699,0.6631226582407952,0.7485107481711011,0,Summer,0,0,1,0,3,0,0,0,1,764,0,0,0,0,0,1,2,737.0,560.0,309.0,355.0,267.0,368.0,408.0,637.0,535.3333333333334,215.06355649745316,737.0,309.0,452.7142857142857,153.40221020323727,737.0,309.0,439.85714285714283,116.10662019345443,737.0,309.0,435.06666666666666,134.41083016025104,777.0,228.0,466.01666666666665,158.4918852295469,1019.0,228.0,446.64444444444445,155.01513598522988,1019.0,197.0,503.67323256036434,464.27804049306906,452.05003722950477,467.0,355.0,267.0,368.0,364.25,6.368187186350492
2025-02-04,2025,2,4,1,Tuesday,6,1,0,0,23.8,4.3,Cloudy,1,0,1,0,25,329.0,481.0,550.0,487.7142857142857,454.5,434.4333333333333,338.0,459,0.7818314824680298,0.6234898018587336,0.49999999999999994,0.8660254037844387,35,0.5667017562911176,0.8239230057575542,0.6631226582407952,0.7485107481711011,0,Summer,0,0,1,0,1,1,0,0,0,765,0,0,0,0,1,1,2,582.0,737.0,560.0,481.0,348.0,370.0,437.0,329.0,626.3333333333334,96.46933882500296,737.0,560.0,469.14285714285717,161.14944262126056,737.0,309.0,456.07142857142856,119.15501492768752,737.0,309.0,437.46666666666664,136.4227034733902,777.0,228.0,468.9166666666667,159.0033889060729,1019.0,228.0,446.03333333333336,154.36331359578165,1019.0,197.0,523.2549244202733,479.97430176065984,460.4339057953432,329.0,481.0,348.0,370.0,382.0,6.131226489483141
2025-02-05,2025,2,5,2,Wednesday,6,1,0,0,21.0,0.8,Cloudy,1,0,0,0,25,344.0,437.0,368.0,507.57142857142856,457.7857142857143,438.26666666666665,481.0,483,0.9749279121818236,-0.22252093395631434,0.49999999999999994,0.8660254037844387,36,0.5808002734538009,0.8140460935082178,0.6631226582407952,0.7485107481711011,0,Summer,0,0,1,0,1,1,0,0,0,766,0,0,0,0,0,1,1,459.0,582.0,737.0,437.0,363.0,228.0,488.0,429.0,592.6666666666666,139.30661625828552,737.0,459.0,487.7142857142857,149.36723679767098,737.0,309.0,454.5,118.9458506405971,737.0,309.0,434.43333333333334,134.8367297073055,777.0,228.0,469.28333333333336,158.95389926137554,1019.0,228.0,447.47777777777776,153.86330046817943,1019.0,197.0,507.19119331520494,477.17772819257186,460.34139574403076,344.0,437.0,363.0,228.0,343.0,6.182084906716632
2025-02-06,2025,2,6,3,Thursday,6,1,0,0,27.0,2.3,Cloudy,1,0,1,0,25,423.0,322.0,370.0,507.57142857142856,465.0,440.03333333333336,426.0,423,0.43388373911755823,-0.900968867902419,0.49999999999999994,0.8660254037844387,37,0.5947266869607634,0.8039279618328213,0.6631226582407952,0.7485107481711011,0,Summer,0,0,1,0,1,1,0,0,0,767,0,0,0,0,1,1,2,483.0,459.0,582.0,322.0,241.0,293.0,615.0,364.0,508.0,65.19969325081125,582.0,459.0,507.57142857142856,135.69064957082514,737.0,309.0,457.7857142857143,119.06053959188974,737.0,309.0,438.26666666666665,134.51725522780723,777.0,228.0,469.2,158.94523094663145,1019.0,228.0,448.0777777777778,153.8957204052509,1019.0,197.0,501.1433949864037,477.9540311002289,461.80324117989977,423.0,322.0,241.0,293.0,319.75,6.049733455231958
2025-02-07,2025,2,7,4,Friday,6,1,0,0,16.9,0.1,Sunny,1,0,0,0,25,309.0,409.0,228.0,539.4285714285714,473.7857142857143,450.1666666666667,500.0,532,-0.433883739117558,-0.9009688679024191,0.49999999999999994,0.8660254037844387,38,0.6084768701151261,0.7935716089521474,0.6631226582407952,0.7485107481711011,0,Summer,0,0,1,0,3,0,0,0,1,768,0,0,0,0,0,1,1,423.0,483.0,459.0,409.0,446.0,516.0,410.0,610.0,455.0,30.19933774108104,483.0,423.0,507.57142857142856,135.69064957082514,737.0,309.0,465.0,113.1112454451533,737.0,309.0,440.03333333333336,133.93654785223768,777.0,228.0,466.0,157.8893626798768,1019.0,228.0,448.73333333333335,153.65902716473724,1019.0,197.0,481.6075462398028,470.62682695353175,459.29980626506756,309.0,409.0,446.0,516.0,420.0,6.278521424165844
2025-02-08,2025,2,8,5,Saturday,6,1,0,0,24.2,2.3,Cloudy,1,0,0,1,20,560.0,535.0,293.0,571.7142857142857,491.7142857142857,466.6,328.0,786,-0.9749279121818236,-0.2225209339563146,0.49999999999999994,0.8660254037844387,39,0.6220467484408675,0.7829801036770628,0.6631226582407952,0.7485107481711011,1,Summer,0,0,1,0,1,1,0,0,0,769,0,0,1,0,0,1,2,532.0,423.0,483.0,535.0,464.0,662.0,440.0,409.0,479.3333333333333,54.592429267557016,532.0,423.0,539.4285714285714,103.70930068040731,737.0,423.0,473.7857142857143,113.2038179374012,737.0,309.0,450.1666666666667,128.74060617443502,777.0,241.0,468.03333333333336,157.94152175341782,1019.0,228.0,447.8666666666667,152.95759858958334,1019.0,197.0,494.2056596798521,478.80991669306087,463.99014134474066,560.0,535.0,464.0,662.0,555.25,6.668228248417403
2025-02-09,2025,2,9,6,Sunday,6,1,0,0,19.5,0.8,Cloudy,1,0,0,0,25,737.0,450.0,516.0,557.7142857142857,505.2142857142857,470.7,428.0,639,-0.7818314824680299,0.6234898018587334,0.49999999999999994,0.8660254037844387,40,0.6354323008901774,0.7721565844991642,0.6631226582407952,0.7485107481711011,1,Summer,0,0,1,0,1,1,0,0,0,770,0,0,1,0,0,1,1,786.0,532.0,423.0,450.0,491.0,777.0,356.0,414.0,580.3333333333334,186.26414935068212,786.0,423.0,571.7142857142857,140.00680255582174,786.0,423.0,491.7142857142857,140.28181995892737,786.0,309.0,466.6,139.03995952541007,786.0,241.0,473.8,163.13182773554345,1019.0,228.0,452.05555555555554,156.99032827227344,1019.0,197.0,567.154244759889,519.7685944673194,484.7649709354026,737.0,450.0,491.0,777.0,613.75,6.461468176353717
2025-02-10,2025,2,10,0,Monday,7,1,0,0,20.2,0.1,Sunny,1,0,0,0,25,582.0,467.0,662.0,570.4285714285714,519.7857142857143,471.0,493.0,671,0.0,1.0,0.49999999999999994,0.8660254037844387,41,0.6486295610349814,0.7611042586607747,0.7485107481711011,0.6631226582407953,0,Summer,0,0,1,0,3,0,0,0,1,771,0,0,0,0,0,1,1,639.0,786.0,532.0,467.0,355.0,267.0,467.0,410.0,652.3333333333334,127.52385397772923,786.0,532.0,557.7142857142857,124.7981226965034,786.0,423.0,505.2142857142857,144.97436302348723,786.0,309.0,470.7,142.32167305329762,786.0,241.0,478.51666666666665,163.75814035055933,1019.0,228.0,454.55555555555554,158.16462133074864,1019.0,197.0,585.1156835699168,535.6661152050102,494.71561797182824,582.0,467.0,355.0,267.0,417.75,6.51025834052315
2025-02-11,2025,2,11,1,Tuesday,7,1,0,0,21.0,1.9,Cloudy,1,0,0,0,25,459.0,329.0,777.0,563.1428571428571,525.4285714285714,458.7,315.0,408,0.7818314824680298,0.6234898018587336,0.49999999999999994,0.8660254037844387,42,0.6616346182422783,0.7498264012045686,0.7485107481711011,0.6631226582407953,0,Summer,0,0,1,0,1,1,0,0,0,772,0,0,0,0,0,1,1,671.0,639.0,786.0,329.0,481.0,348.0,574.0,394.0,698.6666666666666,77.30674830396892,786.0,639.0,570.4285714285714,132.00992026214976,786.0,423.0,519.7857142857143,150.96621046875572,786.0,309.0,471.0,142.74766741255084,786.0,241.0,481.9166666666667,165.62212368251826,1019.0,228.0,457.4555555555556,159.72357871648907,1019.0,197.0,606.5867626774376,553.7106331776755,506.0888039091297,459.0,329.0,481.0,348.0,404.25,6.013715156042802
2025-02-12,2025,2,12,2,Wednesday,7,1,0,0,21.8,0.6,Cloudy,1,0,0,0,25,483.0,344.0,267.0,565.7142857142857,536.6428571428571,466.5,360.0,501,0.9749279121818236,-0.22252093395631434,0.49999999999999994,0.8660254037844387,43,0.6744436188329455,0.7383263540031065,0.7485107481711011,0.6631226582407953,0,Summer,0,0,1,0,1,1,0,0,0,773,0,0,0,0,0,1,1,408.0,671.0,639.0,344.0,437.0,363.0,531.0,427.0,572.6666666666666,143.5002903597522,671.0,408.0,563.1428571428571,140.32988345493726,786.0,408.0,525.4285714285714,144.62988003107156,786.0,309.0,458.7,130.87560558763846,786.0,241.0,479.15,165.44422225622188,1019.0,228.0,457.6111111111111,159.66789229589088,1019.0,197.0,556.9400720080782,534.2825487539855,499.76049397950845,483.0,344.0,437.0,363.0,406.75,6.218600119691729
2025-02-13,2025,2,13,3,Thursday,7,1,0,0,19.9,1.0,Cloudy,1,0,0,1,20,423.0,423.0,348.0,565.5714285714286,536.5714285714286,468.9666666666666,615.0,422,0.43388373911755823,-0.900968867902419,0.49999999999999994,0.8660254037844387,44,0.6870527672236669,0.7266075247685656,0.7485107481711011,0.6631226582407953,0,Summer,0,0,1,0,1,1,0,0,0,774,0,0,0,0,0,1,2,501.0,408.0,671.0,423.0,322.0,241.0,422.0,430.0,526.6666666666666,133.36541280756862,671.0,408.0,565.7142857142857,138.77285311581963,786.0,408.0,536.6428571428571,135.26362132054288,786.0,309.0,466.5,125.93642347875682,786.0,241.0,478.65,165.3301601777692,1019.0,228.0,458.43333333333334,159.69901817010134,1019.0,197.0,542.9550540060586,529.8448755867873,499.84046210986276,423.0,423.0,322.0,241.0,352.25,6.0473721790462776
2025-02-14,2025,2,14,4,Friday,7,1,0,0,21.6,0.2,Sunny,1,0,0,0,25,532.0,309.0,363.0,569.4285714285714,554.4285714285714,475.5,322.0,559,-0.433883739117558,-0.9009688679024191,0.49999999999999994,0.8660254037844387,45,0.6994583270516471,0.7146733860429609,0.7485107481711011,0.6631226582407953,0,Summer,0,0,1,0,3,0,0,0,1,775,0,0,0,0,0,1,1,422.0,501.0,408.0,309.0,409.0,446.0,350.0,533.0,443.6666666666667,50.14312847572617,501.0,408.0,565.5714285714286,138.9446618176428,786.0,408.0,536.5714285714286,135.3284973603201,786.0,309.0,468.96666666666664,124.24877251411561,786.0,241.0,478.65,165.3301601777692,1019.0,228.0,458.34444444444443,159.71724742836125,1019.0,197.0,512.716290504544,515.4655588418824,494.8184968124523,532.0,309.0,409.0,446.0,424.0,6.327936783729195
2025-02-15,2025,2,15,5,Saturday,7,1,0,0,28.4,0.3,Sunny,1,0,0,1,20,786.0,560.0,241.0,544.4285714285714,558.0714285714286,487.8333333333333,586.0,611,-0.9749279121818236,-0.2225209339563146,0.49999999999999994,0.8660254037844387,46,0.7116566222817746,0.7025274741691571,0.7485107481711011,0.6631226582407953,1,Summer,0,0,1,0,3,0,0,0,1,776,0,0,1,1,0,1,2,559.0,422.0,501.0,560.0,535.0,464.0,351.0,564.0,494.0,68.76772498781573,559.0,422.0,569.4285714285714,138.2303116093541,786.0,408.0,554.4285714285714,118.42863107940013,786.0,408.0,475.5,123.63621554020304,786.0,241.0,482.1333333333333,164.77447007561761,1019.0,228.0,458.6333333333333,159.87723169195522,1019.0,197.0,524.287217878408,521.2701509962981,498.9592389535844,786.0,560.0,535.0,464.0,586.25,6.416732282512326
2025-02-16,2025,2,16,6,Sunday,7,1,0,0,25.4,0.7,Cloudy,1,0,0,0,25,639.0,737.0,446.0,545.7142857142857,551.7142857142857,494.56666666666666,662.0,648,-0.7818314824680299,0.6234898018587334,0.49999999999999994,0.8660254037844387,47,0.7236440382959124,0.6901733882429719,0.7485107481711011,0.6631226582407953,1,Summer,0,0,1,0,1,1,0,0,0,777,0,0,1,0,0,1,1,611.0,559.0,422.0,737.0,450.0,491.0,416.0,209.0,530.6666666666666,97.6336690559829,611.0,422.0,544.4285714285714,104.15990454241881,671.0,408.0,558.0714285714286,119.39363743240537,786.0,408.0,487.8333333333333,117.75166250626197,786.0,309.0,486.46666666666664,164.68619020105447,1019.0,228.0,459.15555555555557,160.3014653714983,1019.0,197.0,545.965413408806,533.2341308634583,506.1876751501274,639.0,737.0,450.0,491.0,579.25,6.47543271670409
2025-02-17,2025,2,17,0,Monday,8,1,0,0,24.8,0.2,Sunny,1,0,0,0,25,671.0,582.0,464.0,512.7142857142857,541.5714285714286,493.76666666666665,765.0,440,0.0,1.0,0.49999999999999994,0.8660254037844387,48,0.7354170229639855,0.6776147890466889,0.8229838658936564,0.5680647467311559,0,Summer,0,0,1,0,3,0,0,0,1,778,0,0,0,0,0,1,1,648.0,611.0,559.0,582.0,467.0,355.0,491.0,198.0,606.0,44.71017781221479,648.0,559.0,545.7142857142857,105.56785224949645,671.0,408.0,551.7142857142857,111.22356458359586,786.0,408.0,494.56666666666666,121.00746153492585,786.0,309.0,490.3333333333333,165.72395535507565,1019.0,228.0,464.03333333333336,159.27987169786982,1019.0,197.0,571.4740600566045,548.5362467483305,515.3368573985063,671.0,582.0,467.0,355.0,518.75,6.089044875446846
2025-02-18,2025,2,18,1,Tuesday,8,1,0,0,18.2,4.8,Cloudy,1,0,0,0,25,408.0,459.0,491.0,506.1428571428572,534.6428571428571,489.4666666666666,334.0,362,0.7818314824680298,0.6234898018587336,0.49999999999999994,0.8660254037844387,49,0.7469720876965552,0.6648553979642865,0.8229838658936564,0.5680647467311559,0,Summer,0,0,1,0,1,1,0,0,0,779,0,0,0,0,0,1,1,440.0,648.0,611.0,459.0,329.0,481.0,491.0,325.0,566.3333333333334,110.9609540934702,648.0,440.0,512.7142857142857,95.50168285727491,648.0,408.0,541.5714285714286,114.67057451386839,786.0,408.0,493.76666666666665,121.29550218608617,786.0,309.0,489.48333333333335,165.8512189770043,1019.0,228.0,466.72222222222223,156.7611098711665,1019.0,197.0,538.6055450424533,534.0647471818864,510.4764149856994,408.0,459.0,329.0,481.0,419.25,5.8944028342648505
2025-02-19,2025,2,19,2,Wednesday,8,1,0,0,16.1,0.0,Partly Cloudy,1,0,1,0,25,501.0,483.0,355.0,496.0,530.8571428571429,491.9666666666666,636.0,430,0.9749279121818236,-0.22252093395631434,0.49999999999999994,0.8660254037844387,50,0.7583058084785624,0.6518989958787126,0.8229838658936564,0.5680647467311559,0,Summer,0,0,1,0,2,0,1,0,0,780,0,0,0,0,1,1,2,362.0,440.0,648.0,483.0,344.0,437.0,346.0,633.0,483.3333333333333,147.84225828001004,648.0,362.0,506.14285714285717,105.01655198337203,648.0,362.0,534.6428571428571,122.69324296036781,786.0,362.0,489.46666666666664,123.66047324702537,786.0,309.0,487.3333333333333,166.6653672265729,1019.0,228.0,467.1333333333333,156.43343704182647,1019.0,197.0,494.45415878183996,511.1227808909683,500.897291438235,501.0,483.0,344.0,437.0,441.25,6.066108090103747
2025-02-20,2025,2,20,3,Thursday,8,1,0,0,25.3,1.3,Cloudy,1,0,0,0,25,422.0,423.0,481.0,497.2857142857143,531.4285714285714,490.3,306.0,431,0.43388373911755823,-0.900968867902419,0.49999999999999994,0.8660254037844387,51,0.7694148268839378,0.6387494220515272,0.8229838658936564,0.5680647467311559,0,Summer,0,0,1,0,1,1,0,0,0,781,0,0,0,0,0,1,1,430.0,362.0,440.0,423.0,423.0,322.0,470.0,347.0,410.6666666666667,42.44211744639043,440.0,362.0,496.0,108.95105934929418,648.0,362.0,530.8571428571429,125.20128848123971,786.0,362.0,491.96666666666664,121.58904310133775,786.0,309.0,488.73333333333335,165.8086365507005,1019.0,228.0,464.8777777777778,155.47555375437946,1019.0,197.0,478.34061908638,500.30641010550585,496.32327263576826,422.0,423.0,423.0,322.0,397.5,6.068425588244111
2025-02-21,2025,2,21,4,Friday,8,1,0,0,24.9,0.3,Sunny,1,0,1,0,25,559.0,532.0,437.0,503.0,536.2142857142857,495.7,426.0,599,-0.433883739117558,-0.9009688679024191,0.49999999999999994,0.8660254037844387,52,0.7802958510707755,0.6254105729852463,0.8229838658936564,0.5680647467311559,0,Summer,0,0,1,0,3,0,0,0,1,782,0,0,0,0,1,1,2,431.0,430.0,362.0,532.0,309.0,409.0,406.0,726.0,407.6666666666667,39.55165398985481,431.0,362.0,497.2857142857143,107.98103889991452,648.0,362.0,531.4285714285714,124.68835877172651,786.0,362.0,490.3,122.08621882745949,786.0,309.0,488.0833333333333,165.95969407207645,1019.0,228.0,465.81111111111113,155.011409108516,1019.0,197.0,466.505464314785,491.0655554247718,492.1088679495897,559.0,532.0,309.0,409.0,452.25,6.396929655216146
2025-02-22,2025,2,22,5,Saturday,8,1,0,0,27.9,0.7,Cloudy,1,0,0,0,25,611.0,786.0,322.0,483.4285714285714,513.9285714285714,500.76666666666665,668.0,474,-0.9749279121818236,-0.2225209339563146,0.49999999999999994,0.8660254037844387,53,0.7909456567567772,0.6118864012687243,0.8229838658936564,0.5680647467311559,1,Summer,0,0,1,0,1,1,0,0,0,783,0,0,1,0,0,1,1,599.0,431.0,430.0,786.0,560.0,535.0,605.0,420.0,486.6666666666667,97.28480525412587,599.0,430.0,503.0,112.74454901827148,648.0,362.0,536.2142857142857,125.99095118388367,786.0,362.0,495.7,123.22481557062245,786.0,309.0,491.3,166.21196391701946,1019.0,228.0,464.4,153.1835060208961,1019.0,197.0,499.62909823608874,505.4568147014689,499.0050700173581,611.0,786.0,560.0,535.0,623.0,6.163314804034641
2025-02-23,2025,2,23,6,Sunday,8,1,0,0,17.5,5.2,Rainy,1,0,0,1,20,648.0,639.0,409.0,462.7142857142857,504.2142857142857,503.9,535.0,503,-0.7818314824680299,0.6234898018587334,0.49999999999999994,0.8660254037844387,54,0.8013610881746766,0.5981809144059164,0.8229838658936564,0.5680647467311559,1,Summer,0,0,1,0,0,0,0,1,0,784,0,0,1,0,0,1,2,474.0,599.0,431.0,639.0,737.0,450.0,1019.0,293.0,501.3333333333333,87.27160668472419,599.0,431.0,483.42857142857144,102.27716777276902,648.0,362.0,513.9285714285714,104.10162511530886,671.0,362.0,500.76666666666665,118.88495839816518,786.0,309.0,489.1166666666667,165.5521927703571,1019.0,228.0,465.0,153.11338238432498,1019.0,197.0,493.22182367706654,501.26257274127306,497.3918396936576,648.0,639.0,737.0,450.0,618.5,6.222576268071369
2025-02-24,2025,2,24,0,Monday,9,1,0,0,19.4,0.4,Partly Cloudy,1,0,0,0,25,440.0,671.0,535.0,450.7142857142857,481.7142857142857,497.9333333333333,599.0,356,0.0,1.0,0.49999999999999994,0.8660254037844387,55,0.811539059007361,0.5842981736283684,0.8854560256532099,0.4647231720437686,0,Summer,0,0,1,0,2,0,1,0,0,785,0,0,0,0,0,1,1,503.0,474.0,599.0,671.0,582.0,467.0,830.0,216.0,525.3333333333334,65.42425645991858,599.0,474.0,462.7142857142857,74.22873272463205,599.0,362.0,504.2142857142857,97.68015196503346,671.0,362.0,503.9,117.61490346568124,786.0,309.0,480.51666666666665,150.25531848977363,873.0,228.0,467.3333333333333,152.05927289024532,1019.0,197.0,495.6663677577999,501.4942297091033,497.75365648761516,440.0,671.0,582.0,467.0,540.0,5.877735781779639
2025-02-25,2025,2,25,1,Tuesday,9,1,0,0,12.3,6.8,Rainy,1,0,0,0,25,362.0,408.0,450.0,433.8571428571428,470.0,491.06666666666666,408.0,244,0.7818314824680298,0.6234898018587336,0.49999999999999994,0.8660254037844387,56,0.8214765533024142,0.5702422926917871,0.8854560256532099,0.4647231720437686,0,Summer,0,0,1,0,0,0,0,1,0,786,0,0,0,0,0,1,1,356.0,503.0,474.0,408.0,459.0,329.0,453.0,279.0,444.3333333333333,77.8609872357987,503.0,356.0,450.7142857142857,84.58075881608573,599.0,356.0,481.7142857142857,92.44576669712733,648.0,356.0,497.93333333333334,120.48806875638687,786.0,309.0,472.6166666666667,143.89521748765398,873.0,228.0,468.8888888888889,150.16353964661656,1019.0,197.0,460.7497758183499,482.0949990812229,488.6082592948658,362.0,408.0,459.0,329.0,389.5,5.501258210544727
2025-02-26,2025,2,26,2,Wednesday,9,1,0,0,18.5,0.5,Cloudy,1,0,0,0,25,430.0,501.0,467.0,413.0,454.5,484.9666666666666,233.0,284,0.9749279121818236,-0.22252093395631434,0.49999999999999994,0.8660254037844387,57,0.8311706263658079,0.5560174366570446,0.8854560256532099,0.4647231720437686,0,Summer,0,0,1,0,1,1,0,0,0,787,0,0,0,0,0,1,1,244.0,356.0,503.0,501.0,483.0,344.0,823.0,197.0,367.6666666666667,129.89354615735616,503.0,244.0,433.85714285714283,112.39428895845329,599.0,244.0,470.0,111.02806298062968,648.0,244.0,491.06666666666666,128.891008041768,786.0,244.0,469.1333333333333,146.87691914841864,873.0,228.0,468.5,150.70517762106826,1019.0,197.0,406.56233186376244,450.3489992037265,472.8270812758422,430.0,501.0,483.0,344.0,439.5,5.652489180268651
2025-02-27,2025,2,27,3,Thursday,9,1,0,0,25.5,2.7,Cloudy,1,0,0,0,25,431.0,422.0,329.0,398.57142857142856,447.9285714285714,485.0,382.0,330,0.43388373911755823,-0.900968867902419,0.49999999999999994,0.8660254037844387,58,0.8406184056344782,0.5416278206559814,0.8854560256532099,0.4647231720437686,0,Summer,0,0,1,0,1,1,0,0,0,788,0,0,0,0,0,1,1,284.0,244.0,356.0,422.0,423.0,423.0,450.0,330.0,294.6666666666667,56.75679107677968,356.0,244.0,413.0,125.95766484550848,599.0,244.0,454.5,121.06117334764096,648.0,244.0,484.96666666666664,134.2867450087967,786.0,244.0,460.15,141.24192792294312,873.0,228.0,469.46666666666664,149.21579275997814,1019.0,228.0,375.92174889782183,428.16913264322966,460.6446889354653,431.0,422.0,423.0,423.0,424.75,5.802118375377063
2025-02-28,2025,2,28,4,Friday,9,1,0,0,18.2,1.6,Cloudy,1,0,0,0,25,599.0,559.0,344.0,376.1428571428572,439.57142857142856,488.26666666666665,372.0,442,-0.433883739117558,-0.9009688679024191,0.49999999999999994,0.8660254037844387,59,0.8498170915275278,0.5270777086423722,0.8854560256532099,0.4647231720437686,0,Summer,0,0,1,0,1,1,0,0,0,789,0,0,0,0,0,1,1,330.0,284.0,244.0,559.0,532.0,309.0,290.0,659.0,286.0,43.03486958269868,330.0,244.0,398.57142857142856,129.29276486957482,599.0,244.0,447.92857142857144,125.38093603446656,648.0,244.0,485.0,134.2468133571588,786.0,244.0,458.15,142.23420945392527,873.0,228.0,469.46666666666664,149.21579275997814,1019.0,228.0,364.4413116733664,415.0799149574657,452.21599932672564,599.0,559.0,532.0,309.0,499.75,6.093569770045136
2025-03-01,2025,3,1,5,Saturday,9,1,0,0,21.1,4.3,Cloudy,1,0,0,0,25,474.0,611.0,423.0,368.57142857142856,426.0,488.2,457.0,421,-0.9749279121818236,-0.2225209339563146,0.8660254037844386,0.5000000000000001,60,0.8587639582758029,0.5123714121284237,0.8854560256532099,0.4647231720437686,1,Autumn,1,0,0,0,1,1,0,0,0,790,0,0,1,0,0,1,1,442.0,330.0,284.0,611.0,786.0,560.0,313.0,416.0,352.0,81.26499861563947,442.0,284.0,376.14285714285717,98.73605989611718,503.0,244.0,439.57142857142856,121.23893401411522,648.0,244.0,488.26666666666665,131.86877838458878,786.0,244.0,460.68333333333334,140.53197858725875,873.0,228.0,467.05555555555554,147.8658943827074,1019.0,228.0,383.8309837550248,418.6692596298036,451.5569025959692,474.0,611.0,786.0,560.0,607.75,6.045005314036012
2025-03-02,2025,3,2,6,Sunday,9,1,0,0,17.7,1.6,Cloudy,1,0,0,0,25,503.0,648.0,309.0,350.85714285714283,406.7857142857143,490.53333333333336,507.0,379,-0.7818314824680299,0.6234898018587334,0.8660254037844386,0.5000000000000001,61,0.8674563547295968,0.49751328890718066,0.8854560256532099,0.4647231720437686,1,Autumn,1,0,0,0,1,1,0,0,0,791,0,0,1,0,0,1,1,421.0,442.0,330.0,648.0,639.0,737.0,873.0,371.0,397.6666666666667,59.53430383680671,442.0,330.0,368.57142857142856,91.76756351939302,503.0,244.0,426.0,110.75405879001177,648.0,244.0,488.2,131.90341293851233,786.0,244.0,462.48333333333335,139.2945290354545,873.0,228.0,467.1111111111111,147.8474346077735,1019.0,228.0,393.1232378162686,418.98002501249647,449.58548952526155,503.0,648.0,639.0,737.0,631.75,5.940171252720432
2025-03-03,2025,3,3,0,Monday,10,1,0,0,19.8,1.5,Cloudy,1,0,0,0,25,356.0,440.0,560.0,347.42857142857144,399.07142857142856,482.9333333333333,412.0,332,0.0,1.0,0.8660254037844386,0.5000000000000001,62,0.8758917051442429,0.48250774176121847,0.9350162426854148,0.35460488704253557,0,Autumn,1,0,0,0,1,1,0,0,0,792,0,0,0,0,0,1,1,379.0,421.0,442.0,440.0,671.0,582.0,348.0,274.0,414.0,32.07802986468906,442.0,379.0,350.85714285714283,71.1440523900369,442.0,244.0,406.7857142857143,90.81695755870487,599.0,244.0,490.53333333333336,129.21586678842957,786.0,244.0,454.25,128.82475614807197,786.0,228.0,467.2,147.79139565351383,1019.0,228.0,389.5924283622015,413.6493550108303,445.0315869752447,356.0,440.0,671.0,582.0,512.25,5.808142489980444
2025-03-04,2025,3,4,1,Tuesday,10,1,0,0,13.9,0.4,Sunny,1,0,0,0,25,244.0,362.0,737.0,365.4285714285714,399.6428571428572,470.7,302.0,370,0.7818314824680298,0.6234898018587336,0.8660254037844386,0.5000000000000001,63,0.8840675099433636,0.4673592171580022,0.9350162426854148,0.35460488704253557,0,Autumn,1,0,0,0,3,0,0,0,1,793,0,0,0,0,0,1,1,332.0,379.0,421.0,362.0,408.0,459.0,436.0,394.0,377.3333333333333,44.52340208624242,421.0,332.0,347.42857142857144,71.43261893294388,442.0,244.0,399.07142857142856,92.35255548978772,599.0,244.0,482.93333333333334,131.67094129537202,786.0,244.0,453.98333333333335,129.06475731942064,786.0,228.0,467.84444444444443,147.0641464498951,1019.0,228.0,375.1943212716511,402.7627743427196,437.73922652522896,244.0,362.0,408.0,459.0,368.25,5.916202062607435
2025-03-05,2025,3,5,2,Wednesday,10,1,0,0,18.8,0.4,Sunny,1,0,0,0,25,284.0,430.0,582.0,397.4285714285714,405.2142857142857,468.23333333333335,306.0,508,0.9749279121818236,-0.22252093395631434,0.8660254037844386,0.5000000000000001,64,0.8919813464595485,0.45207220393230435,0.9350162426854148,0.35460488704253557,0,Autumn,1,0,0,0,3,0,0,0,1,794,0,0,0,0,0,1,1,370.0,332.0,379.0,430.0,501.0,483.0,510.0,408.0,360.3333333333333,24.946609656087844,379.0,332.0,365.42857142857144,55.01471664581367,442.0,284.0,399.64285714285717,92.13001443850627,599.0,244.0,470.7,124.08205016203546,786.0,244.0,452.8833333333333,129.50114084526834,786.0,228.0,467.5777777777778,147.22122601128092,1019.0,228.0,373.89574095373837,398.394404430357,433.36895384618197,284.0,430.0,501.0,483.0,424.5,6.2324480165505225
2025-03-06,2025,3,6,3,Thursday,10,1,0,0,6.5,5.0,Rainy,1,0,0,0,25,330.0,431.0,459.0,387.2857142857143,392.9285714285714,461.56666666666666,198.0,259,0.43388373911755823,-0.900968867902419,0.8660254037844386,0.5000000000000001,65,0.8996308696522433,0.43665123195606403,0.9350162426854148,0.35460488704253557,0,Autumn,1,0,0,0,0,0,0,1,0,795,0,0,0,0,0,1,1,508.0,370.0,332.0,431.0,422.0,423.0,550.0,437.0,403.3333333333333,92.6138938460813,508.0,332.0,397.42857142857144,64.14529637954102,508.0,330.0,405.2142857142857,96.36802739133205,599.0,244.0,468.23333333333335,122.51887492400412,786.0,244.0,452.85,129.4864465127857,786.0,228.0,468.68888888888887,147.14386787319455,1019.0,228.0,407.4218057153038,413.00848383964274,438.18386004965413,330.0,431.0,422.0,423.0,401.5,5.560681631015528
2025-03-07,2025,3,7,4,Friday,10,1,0,0,17.8,0.8,Cloudy,1,0,0,1,20,442.0,599.0,483.0,380.7142857142857,378.4285714285714,458.6666666666667,466.0,396,-0.433883739117558,-0.9009688679024191,0.8660254037844386,0.5000000000000001,66,0.9070138128026359,0.4211008707960896,0.9350162426854148,0.35460488704253557,0,Autumn,1,0,0,0,1,1,0,0,0,796,0,0,0,0,0,1,2,259.0,508.0,370.0,599.0,559.0,532.0,368.0,488.0,379.0,124.74373731775027,508.0,259.0,387.2857142857143,80.1908437951088,508.0,259.0,392.92857142857144,103.52588995082195,599.0,244.0,461.56666666666666,128.34159250927257,786.0,244.0,448.0,131.2240934884461,786.0,228.0,466.7111111111111,148.76195028529347,1019.0,228.0,370.3163542864778,392.47401932769037,426.6236110141926,442.0,599.0,559.0,532.0,533.0,5.983936280687191
2025-03-08,2025,3,8,5,Saturday,10,1,0,0,12.0,0.9,Cloudy,1,0,1,0,25,421.0,474.0,423.0,404.57142857142856,386.57142857142856,464.1666666666667,498.0,588,-0.9749279121818236,-0.2225209339563146,0.8660254037844386,0.5000000000000001,67,0.9141279881853337,0.40542572835999735,0.9350162426854148,0.35460488704253557,1,Autumn,1,0,0,0,1,1,0,0,0,797,0,0,1,0,1,1,2,396.0,259.0,508.0,474.0,611.0,786.0,370.0,615.0,387.6666666666667,124.708994596754,508.0,259.0,380.7142857142857,76.77177060550888,508.0,259.0,378.42857142857144,85.00200385485302,508.0,244.0,458.6666666666667,128.82260813931757,786.0,244.0,448.46666666666664,130.98433942705242,786.0,228.0,465.68888888888887,148.93001481688736,1019.0,228.0,376.7372657148584,392.94415008399835,424.6478941745673,421.0,474.0,611.0,786.0,573.0,6.3784261836515865
2025-03-09,2025,3,9,6,Sunday,10,1,0,0,23.3,2.9,Cloudy,1,0,0,0,25,379.0,503.0,532.0,433.0,391.9285714285714,465.7,470.0,578,-0.7818314824680299,0.6234898018587334,0.8660254037844386,0.5000000000000001,68,0.9209712877166346,0.38963044953078796,0.9350162426854148,0.35460488704253557,1,Autumn,1,0,0,0,1,1,0,0,0,798,0,0,1,0,0,1,1,588.0,396.0,259.0,503.0,648.0,639.0,228.0,410.0,414.3333333333333,165.26443456876382,588.0,259.0,404.57142857142856,110.09368305047823,588.0,259.0,386.57142857142856,99.14535893223645,588.0,244.0,464.1666666666667,130.75512341338924,786.0,244.0,452.1,131.79191354015734,786.0,228.0,465.3888888888889,148.65280372374858,1019.0,228.0,429.55294928614376,418.95159673946523,435.186739711692,379.0,503.0,648.0,639.0,542.25,6.361302477572996
2025-03-10,2025,3,10,0,Monday,11,1,1,0,21.6,0.8,Cloudy,1,0,0,0,25,332.0,356.0,786.0,461.4285714285714,404.4285714285714,457.2,425.0,531,0.0,1.0,0.8660254037844386,0.5000000000000001,69,0.9275416835791966,0.37371971479046906,0.970941817426052,0.23931566428755804,0,Autumn,1,0,0,0,1,1,0,0,0,799,0,0,0,0,0,1,2,578.0,588.0,396.0,356.0,440.0,671.0,293.0,440.0,520.6666666666666,108.08021712290008,588.0,396.0,433.0,126.81351137267184,588.0,259.0,391.92857142857144,107.58714842161359,588.0,244.0,465.7,131.8432062507691,786.0,244.0,457.93333333333334,129.42936908569453,786.0,241.0,467.25555555555553,149.0038504223938,1019.0,228.0,466.6647119646078,440.15805050753653,444.40049843996997,332.0,356.0,440.0,671.0,449.75,6.2766434893416445
2025-03-11,2025,3,11,1,Tuesday,11,1,0,0,20.4,6.1,Rainy,1,0,0,0,25,370.0,244.0,639.0,439.7142857142857,402.57142857142856,443.1666666666667,408.0,218,0.7818314824680298,0.6234898018587336,0.8660254037844386,0.5000000000000001,70,0.9338372288229252,0.35769823883312546,0.970941817426052,0.23931566428755804,0,Autumn,1,0,0,0,0,0,0,1,0,800,0,0,0,0,0,1,1,531.0,578.0,588.0,244.0,362.0,408.0,516.0,356.0,565.6666666666666,30.43572462310081,588.0,531.0,461.42857142857144,122.63476552057259,588.0,259.0,404.42857142857144,113.11581150832377,588.0,244.0,457.2,117.97147521972127,671.0,244.0,461.9,127.92724362315082,786.0,241.0,468.26666666666665,149.1255258898023,1019.0,228.0,482.7485339734559,452.270310439865,449.9875630567461,370.0,244.0,362.0,408.0,346.0,5.389071729816501
2025-03-12,2025,3,12,2,Wednesday,11,1,0,0,24.6,2.7,Cloudy,1,0,0,0,25,508.0,284.0,671.0,413.4285714285714,405.4285714285714,431.6,297.0,324,0.9749279121818236,-0.22252093395631434,0.8660254037844386,0.5000000000000001,71,0.9398560579418954,0.3415707691678556,0.970941817426052,0.23931566428755804,0,Autumn,1,0,0,0,1,1,0,0,0,801,0,0,0,0,0,1,1,218.0,531.0,578.0,284.0,430.0,501.0,662.0,467.0,442.3333333333333,195.69448978786608,578.0,218.0,439.7142857142857,151.56595295526697,588.0,218.0,402.57142857142856,116.12573708350199,588.0,218.0,443.1666666666667,120.61025384822547,671.0,218.0,456.93333333333334,131.52545241423195,786.0,218.0,466.73333333333335,150.99064633578752,1019.0,218.0,416.56140048009195,421.034269047883,435.020623504698,508.0,284.0,430.0,501.0,430.75,5.783825182329737
2025-03-13,2025,3,13,3,Thursday,11,1,0,0,14.7,1.8,Cloudy,1,0,0,0,25,259.0,330.0,408.0,423.8571428571428,405.57142857142856,429.06666666666666,336.0,332,0.43388373911755823,-0.900968867902419,0.8660254037844386,0.5000000000000001,72,0.9455963874271426,0.3253420847119801,0.970941817426052,0.23931566428755804,0,Autumn,1,0,0,0,1,1,0,0,0,802,0,0,0,0,0,1,1,324.0,218.0,531.0,330.0,431.0,422.0,777.0,574.0,357.6666666666667,159.1927552790428,531.0,218.0,413.42857142857144,153.69000958949528,588.0,218.0,405.42857142857144,113.44515061386282,588.0,218.0,431.6,114.49095733002176,648.0,218.0,451.3,129.8207760657173,786.0,218.0,465.14444444444445,151.7383585754473,1019.0,218.0,393.421050360069,408.09636650816526,427.85800263342713,259.0,330.0,431.0,422.0,360.5,5.808142489980444
2025-03-14,2025,3,14,4,Friday,11,1,0,0,25.5,4.3,Cloudy,1,0,0,0,25,396.0,442.0,501.0,417.2857142857143,399.0,424.03333333333336,238.0,350,-0.433883739117558,-0.9009688679024191,0.8660254037844386,0.5000000000000001,73,0.9510565162951535,0.30901699437494745,0.970941817426052,0.23931566428755804,0,Autumn,1,0,0,0,1,1,0,0,0,803,0,0,0,0,0,1,1,332.0,324.0,218.0,442.0,599.0,559.0,267.0,531.0,291.3333333333333,63.63437226321336,332.0,218.0,423.85714285714283,143.61108194405807,588.0,218.0,405.57142857142856,113.34407404394348,588.0,218.0,429.06666666666666,115.86375272449244,648.0,218.0,443.8833333333333,123.45342793967502,786.0,218.0,462.4555555555556,151.93176773618043,1019.0,218.0,378.06578777005177,397.95018430707654,421.67361536675446,396.0,442.0,599.0,559.0,499.0,5.860786223465865
2025-03-15,2025,3,15,5,Saturday,11,1,0,0,22.2,0.1,Partly Cloudy,1,0,0,0,25,588.0,421.0,422.0,425.0,414.7857142857143,431.3666666666667,346.0,642,-0.9749279121818236,-0.2225209339563146,0.8660254037844386,0.5000000000000001,74,0.9562348265919056,0.29260033563334836,0.970941817426052,0.23931566428755804,1,Autumn,1,0,0,0,2,0,1,0,0,804,0,0,1,0,0,1,1,350.0,332.0,324.0,421.0,474.0,611.0,348.0,422.0,335.3333333333333,13.316656236954492,350.0,324.0,417.2857142857143,146.12861262795707,588.0,218.0,399.0,113.73586133601822,588.0,218.0,424.03333333333336,115.91092993398398,648.0,218.0,445.26666666666665,121.89296035994356,786.0,218.0,460.44444444444446,152.21193910791374,1019.0,218.0,371.0493408275388,391.5568263994664,417.0495111495445,588.0,421.0,474.0,611.0,523.5,6.466144724237619
2025-03-16,2025,3,16,6,Sunday,11,1,0,0,17.6,0.6,Cloudy,1,0,1,0,25,578.0,379.0,559.0,411.4285714285714,422.2142857142857,428.8333333333333,416.0,483,-0.7818314824680299,0.6234898018587334,0.8660254037844386,0.5000000000000001,75,0.9611297838723007,0.27609697309746883,0.970941817426052,0.23931566428755804,1,Autumn,1,0,0,0,1,1,0,0,0,805,0,0,1,0,1,1,2,642.0,350.0,332.0,379.0,503.0,648.0,363.0,350.0,441.3333333333333,174.01532499562566,642.0,332.0,425.0,157.61662348876817,642.0,218.0,414.7857142857143,131.0438438500216,642.0,218.0,431.3666666666667,122.5472416530933,648.0,218.0,450.1666666666667,123.8108407765061,786.0,218.0,462.8888888888889,153.34989325981445,1019.0,218.0,438.7870056206541,424.9492495462042,431.56244591409006,578.0,379.0,503.0,648.0,527.0,6.182084906716632
2025-03-17,2025,3,17,0,Monday,12,1,0,0,23.0,1.3,Cloudy,1,1,0,0,25,531.0,332.0,611.0,401.4285714285714,431.4285714285714,423.8333333333333,420.0,461,0.0,1.0,0.8660254037844386,0.5000000000000001,76,0.9657399376548549,0.2595117970697999,0.992708874098054,0.120536680255323,0,Autumn,1,0,0,0,1,1,0,0,0,806,0,0,0,0,0,1,2,483.0,642.0,350.0,332.0,356.0,440.0,241.0,351.0,491.6666666666667,146.1927950801038,642.0,350.0,411.42857142857144,145.9016302660317,642.0,218.0,422.2142857142857,131.804738196276,642.0,218.0,428.8333333333333,120.58766544498361,648.0,218.0,452.1666666666667,123.34726597131736,786.0,218.0,464.3666666666667,152.88994720077628,1019.0,218.0,449.8402542154906,432.6893496067104,434.8809977906004,531.0,332.0,356.0,440.0,414.75,6.135564891081739
2025-03-18,2025,3,18,1,Tuesday,12,1,0,0,14.1,0.5,Cloudy,1,1,0,0,25,218.0,370.0,648.0,433.8571428571428,436.7857142857143,417.06666666666666,549.0,445,0.7818314824680298,0.6234898018587336,0.8660254037844386,0.5000000000000001,77,0.9700639218515071,0.2428497220959356,0.992708874098054,0.120536680255323,0,Autumn,1,0,0,0,1,1,0,0,0,807,0,0,0,0,0,1,2,461.0,483.0,642.0,370.0,244.0,362.0,446.0,416.0,528.6666666666666,98.76402853940913,642.0,461.0,401.42857142857144,138.5542699244084,642.0,218.0,431.42857142857144,129.50183502454757,642.0,218.0,423.8333333333333,115.78817857989907,648.0,218.0,455.8333333333333,120.19322954883343,786.0,218.0,465.5888888888889,152.41242793736598,1019.0,218.0,452.6301906616179,436.46410299248237,436.56609470733594,218.0,370.0,244.0,362.0,298.5,6.100318952020064
2025-03-19,2025,3,19,2,Wednesday,12,1,0,0,15.2,2.7,Cloudy,1,1,0,0,25,324.0,508.0,440.0,455.57142857142856,434.5,418.26666666666665,419.0,476,0.9749279121818236,-0.22252093395631434,0.8660254037844386,0.5000000000000001,78,0.9741004551724205,0.22611568550828828,0.992708874098054,0.120536680255323,0,Autumn,1,0,0,0,1,1,0,0,0,808,0,0,0,0,0,1,2,445.0,461.0,483.0,508.0,284.0,430.0,464.0,491.0,463.0,19.078784028335733,483.0,445.0,433.85714285714283,112.60170006328926,642.0,324.0,436.7857142857143,128.31102750823737,642.0,218.0,417.06666666666666,107.89903752513545,642.0,218.0,455.81666666666666,120.19468552884759,786.0,218.0,465.9111111111111,152.33704828324073,1019.0,218.0,450.72264299621344,437.6022225934847,437.1102176294433,324.0,508.0,284.0,430.0,386.5,6.1675164908883415
2025-03-20,2025,3,20,3,Thursday,12,1,0,0,16.1,5.0,Rainy,1,1,1,0,25,332.0,259.0,362.0,457.57142857142856,440.7142857142857,417.73333333333335,441.0,346,0.43388373911755823,-0.900968867902419,0.8660254037844386,0.5000000000000001,79,0.9778483415056568,0.20931464596304847,0.992708874098054,0.120536680255323,0,Autumn,1,0,0,0,0,0,0,1,0,809,0,0,0,0,1,1,3,476.0,445.0,461.0,259.0,330.0,431.0,491.0,491.0,460.6666666666667,15.502687938974066,476.0,445.0,455.57142857142856,102.04714130057314,642.0,332.0,434.5,127.2252696234875,642.0,218.0,418.26666666666665,108.36207929845695,642.0,218.0,456.01666666666665,120.21851455968788,786.0,218.0,465.74444444444447,152.31749522235282,1019.0,218.0,457.0419822471601,442.7219262476867,439.61923584689856,332.0,259.0,330.0,431.0,338.0,5.849324779946859
2025-03-21,2025,3,21,4,Friday,12,1,0,0,16.4,1.1,Cloudy,1,1,0,0,25,350.0,396.0,430.0,489.57142857142856,453.4285714285714,422.53333333333336,442.0,574,-0.433883739117558,-0.9009688679024191,0.8660254037844386,0.5000000000000001,80,0.9813064702716093,0.19245158197082998,0.992708874098054,0.120536680255323,0,Autumn,1,0,0,0,1,1,0,0,0,810,0,0,0,0,0,1,2,346.0,476.0,445.0,396.0,442.0,599.0,355.0,346.0,422.3333333333333,67.89943544193282,476.0,346.0,457.57142857142856,99.32246664754393,642.0,346.0,440.7142857142857,119.90793171392775,642.0,218.0,417.73333333333335,108.68744600707224,642.0,218.0,453.6,120.95848846692581,786.0,218.0,464.1333333333333,152.81340608288158,1019.0,218.0,429.28148668537006,429.82566941466183,433.5792851470987,350.0,396.0,442.0,599.0,446.75,6.354370040797351
2025-03-22,2025,3,22,5,Saturday,12,1,0,0,14.3,0.8,Cloudy,1,1,0,1,20,642.0,588.0,431.0,488.57142857142856,456.7857142857143,429.3333333333333,583.0,635,-0.9749279121818236,-0.2225209339563146,0.8660254037844386,0.5000000000000001,81,0.9844738167520922,0.1755314904214282,0.992708874098054,0.120536680255323,1,Autumn,1,0,0,0,1,1,0,0,0,811,0,0,1,0,0,1,3,574.0,346.0,476.0,588.0,421.0,474.0,481.0,470.0,465.3333333333333,114.37365664056217,574.0,346.0,489.57142857142856,94.87334916061766,642.0,346.0,453.42857142857144,124.16348669625593,642.0,218.0,422.53333333333336,112.36539328990676,642.0,218.0,457.25,121.23665399204347,786.0,218.0,466.6666666666667,152.72285245804352,1019.0,218.0,465.46111501402754,449.0489134927069,442.6386861053504,642.0,588.0,421.0,474.0,531.25,6.455198563340122
2025-03-23,2025,3,23,6,Sunday,12,1,0,0,23.4,6.5,Rainy,1,1,0,0,25,483.0,578.0,599.0,492.2857142857143,451.8571428571428,426.3333333333333,464.0,509,-0.7818314824680299,0.6234898018587334,0.8660254037844386,0.5000000000000001,82,0.9873494423939864,0.15855938510313478,0.992708874098054,0.120536680255323,1,Autumn,1,0,0,0,0,0,0,1,0,812,0,0,1,0,0,1,2,635.0,574.0,346.0,578.0,379.0,503.0,437.0,406.0,518.3333333333334,152.32968631666392,635.0,346.0,488.57142857142856,93.01766345316253,635.0,346.0,456.7857142857143,128.63674470349437,642.0,218.0,429.3333333333333,118.87934576945965,642.0,218.0,459.81666666666666,123.3595395123563,786.0,218.0,468.5,153.7502169542636,1019.0,218.0,507.8458362605206,473.84239169367936,455.0490934533924,483.0,578.0,379.0,503.0,485.75,6.234410725718371
2025-03-24,2025,3,24,0,Monday,13,1,0,0,17.5,1.2,Cloudy,1,0,0,0,25,461.0,531.0,474.0,472.4285714285714,436.9285714285714,421.26666666666665,615.0,322,0.0,1.0,0.8660254037844386,0.5000000000000001,83,0.989932495087353,0.141540295217043,1.0,-1.6081226496766364e-16,0,Autumn,1,0,0,0,1,1,0,0,0,813,0,0,0,0,0,1,1,509.0,635.0,574.0,531.0,332.0,356.0,322.0,605.0,572.6666666666666,63.01058112200871,635.0,509.0,492.2857142857143,93.27685365926276,635.0,346.0,451.85714285714283,124.90295133721678,642.0,218.0,426.3333333333333,115.53871819567186,642.0,218.0,461.01666666666665,123.48395787756147,786.0,218.0,469.64444444444445,153.6630862305993,1019.0,218.0,508.13437719539047,478.5300728011888,458.52979710156063,461.0,531.0,332.0,356.0,420.0,5.777652323222656
2025-03-25,2025,3,25,1,Tuesday,13,1,0,0,19.9,1.3,Cloudy,1,0,0,0,25,445.0,218.0,503.0,450.2857142857143,442.07142857142856,414.1666666666667,476.0,290,0.7818314824680298,0.6234898018587336,0.8660254037844386,0.5000000000000001,84,0.9922222094179323,0.12447926388678915,1.0,-1.6081226496766364e-16,0,Autumn,1,0,0,0,1,1,0,0,0,814,0,0,0,0,0,1,1,322.0,509.0,635.0,218.0,370.0,244.0,409.0,1019.0,488.6666666666667,157.48756564673047,635.0,322.0,472.42857142857144,113.62343822594795,635.0,322.0,436.92857142857144,127.18518557037724,642.0,218.0,421.26666666666665,116.70325862936589,642.0,218.0,461.01666666666665,123.48395787756147,786.0,218.0,466.5,153.75767086007315,1019.0,218.0,461.60078289654285,457.65939642769695,449.72142309500833,445.0,218.0,370.0,244.0,319.25,5.673323267171493
2025-03-26,2025,3,26,2,Wednesday,13,1,0,0,16.2,0.9,Cloudy,1,0,0,0,25,476.0,324.0,356.0,425.57142857142856,440.57142857142856,412.4,341.0,303,0.9749279121818236,-0.22252093395631434,0.8660254037844386,0.5000000000000001,85,0.994217906893952,0.10738134666416309,1.0,-1.6081226496766364e-16,0,Autumn,1,0,0,0,1,1,0,0,0,815,0,0,0,0,0,1,1,290.0,322.0,509.0,324.0,508.0,284.0,535.0,830.0,373.6666666666667,118.28919364562954,509.0,290.0,450.2857142857143,133.2650420349295,635.0,290.0,442.07142857142856,118.83308545098909,642.0,290.0,414.1666666666667,118.03099631856894,642.0,218.0,459.03333333333336,125.2762326352324,786.0,218.0,458.4,143.16163568702422,873.0,218.0,418.70058717240715,435.3048102373374,439.4168151533949,476.0,324.0,508.0,284.0,398.0,5.717027701406222
2025-03-27,2025,3,27,3,Thursday,13,1,0,0,11.2,4.8,Cloudy,1,0,1,0,25,346.0,332.0,244.0,444.4285714285714,451.0,420.2,280.0,478,0.43388373911755823,-0.900968867902419,0.8660254037844386,0.5000000000000001,86,0.995918996147179,0.09025161003104117,1.0,-1.6081226496766364e-16,0,Autumn,1,0,0,0,1,1,0,0,0,816,0,0,0,0,1,1,2,303.0,290.0,322.0,332.0,259.0,330.0,450.0,453.0,305.0,16.093476939428367,322.0,290.0,425.57142857142856,143.36068399071561,635.0,290.0,440.57142857142856,120.55813426004738,642.0,290.0,412.4,119.32124128037583,642.0,218.0,455.1666666666667,126.4664712941021,786.0,218.0,452.5444444444444,138.49326930557416,873.0,218.0,389.77544037930534,417.6641688723591,430.6157303047888,346.0,332.0,259.0,330.0,316.75,6.171700597410915
2025-03-28,2025,3,28,4,Friday,13,1,0,0,19.6,1.7,Cloudy,1,0,0,0,25,574.0,350.0,284.0,409.8571428571428,449.7142857142857,421.8,319.0,332,-0.433883739117558,-0.9009688679024191,0.8660254037844386,0.5000000000000001,87,0.9973249731081555,0.07309512989807777,1.0,-1.6081226496766364e-16,0,Autumn,1,0,0,0,1,1,0,0,0,817,0,0,0,0,0,1,1,478.0,303.0,290.0,350.0,396.0,442.0,467.0,823.0,357.0,104.99047575851779,478.0,290.0,444.42857142857144,139.78657200992453,635.0,290.0,451.0,116.69684591347675,642.0,290.0,420.2,115.52112808695549,642.0,218.0,455.6333333333333,126.49873941445567,786.0,218.0,452.8222222222222,138.51926226152855,873.0,218.0,411.831580284479,425.7089463560446,433.6727799625444,574.0,350.0,396.0,442.0,440.5,5.808142489980444
2025-03-29,2025,3,29,5,Saturday,13,1,0,0,10.9,2.9,Cloudy,1,0,0,0,25,635.0,642.0,330.0,407.8571428571428,448.2142857142857,431.5,665.0,621,-0.9749279121818236,-0.2225209339563146,0.8660254037844386,0.5000000000000001,88,0.9984354211555643,0.055916990100603484,1.0,-1.6081226496766364e-16,1,Autumn,1,0,0,0,1,1,0,0,0,818,0,0,1,0,0,1,1,332.0,478.0,303.0,642.0,588.0,421.0,329.0,450.0,371.0,93.79232377972045,478.0,303.0,409.85714285714283,132.11538968067384,635.0,290.0,449.7142857142857,117.98724088217716,642.0,290.0,421.8,113.8905705884624,642.0,218.0,453.3833333333333,127.48985890765515,786.0,218.0,447.3666666666667,133.34852956474106,873.0,218.0,391.87368521335924,413.2144201752386,427.11324577141255,635.0,642.0,588.0,421.0,571.5,6.432940092739179
2025-03-30,2025,3,30,6,Sunday,13,1,0,0,18.2,3.3,Cloudy,1,0,0,0,25,509.0,483.0,442.0,404.57142857142856,448.4285714285714,432.9666666666666,754.0,486,-0.7818314824680299,0.6234898018587334,0.8660254037844386,0.5000000000000001,89,0.9992500112396835,0.03872228089217446,1.0,-1.6081226496766364e-16,1,Autumn,1,0,0,0,1,1,0,0,0,819,0,0,1,0,0,1,1,621.0,332.0,478.0,483.0,578.0,379.0,344.0,290.0,477.0,144.50259513240553,621.0,332.0,407.85714285714283,128.18661990944932,621.0,290.0,448.2142857142857,115.46106807819736,635.0,290.0,431.5,118.11617600685686,642.0,218.0,458.25,128.23239298308957,786.0,218.0,449.26666666666665,134.59884634796177,873.0,218.0,449.1552639100194,440.9191641518735,439.6220686248698,509.0,483.0,578.0,379.0,487.25,6.18826412308259
2025-03-31,2025,3,31,0,Monday,14,1,0,0,13.0,0.8,Cloudy,1,0,0,0,25,322.0,461.0,421.0,406.57142857142856,439.5,430.1333333333333,975.0,336,0.0,1.0,0.8660254037844386,0.5000000000000001,90,0.9997685019798909,0.021516097436222254,0.992708874098054,-0.12053668025532288,0,Autumn,1,0,0,0,1,1,0,0,0,820,0,0,0,0,0,1,1,486.0,621.0,332.0,461.0,531.0,332.0,423.0,313.0,479.6666666666667,144.60405711228591,621.0,332.0,404.57142857142856,125.42707993472737,621.0,290.0,448.42857142857144,115.53335468147684,635.0,290.0,432.96666666666664,118.52352693360774,642.0,218.0,460.6166666666667,127.39569900233607,786.0,218.0,451.44444444444446,133.57471596103017,873.0,218.0,458.3664479325146,446.92994226495705,442.614193229717,322.0,461.0,531.0,332.0,411.5,5.820082930352362
2025-04-01,2025,4,1,1,Tuesday,14,2,0,1,23.4,1.1,Cloudy,1,0,0,0,25,290.0,445.0,379.0,429.8571428571428,440.07142857142856,432.6,409.0,453,0.7818314824680298,0.6234898018587336,1.0,6.123233995736766e-17,91,0.9999907397361901,0.004303538296244289,0.992708874098054,-0.12053668025532288,0,Autumn,1,0,0,0,1,1,0,0,0,821,0,0,0,0,0,1,2,336.0,486.0,621.0,445.0,218.0,370.0,309.0,873.0,481.0,142.56577429383222,621.0,336.0,406.57142857142856,123.99443151859343,621.0,290.0,439.5,119.25715588915033,635.0,290.0,430.1333333333333,119.82824873710842,642.0,218.0,459.1666666666667,128.3228405718538,786.0,218.0,451.7,133.3286427077547,873.0,218.0,427.77483594938593,432.1392832962961,435.7358581826385,290.0,445.0,218.0,370.0,330.75,6.118097198041348
2025-04-02,2025,4,2,2,Wednesday,14,2,0,1,19.1,3.8,Cloudy,1,0,0,0,25,303.0,476.0,332.0,458.4285714285714,442.0,438.3,318.0,503,0.9749279121818236,-0.22252093395631434,1.0,6.123233995736766e-17,92,0.9999166586547379,-0.01291029607500882,0.992708874098054,-0.12053668025532288,0,Autumn,1,0,0,0,1,1,0,0,0,822,0,0,0,0,0,1,2,453.0,336.0,486.0,476.0,324.0,508.0,560.0,348.0,425.0,78.82258559575364,486.0,336.0,429.85714285714283,113.298173817923,621.0,303.0,440.07142857142856,119.30469349572866,635.0,290.0,432.6,119.50056990197403,642.0,218.0,461.56666666666666,126.80431563348647,786.0,218.0,447.03333333333336,125.53968440119058,786.0,218.0,434.08112696203943,434.9207121901233,436.84967378375865,303.0,476.0,324.0,508.0,402.75,6.222576268071369
2025-04-03,2025,4,3,3,Thursday,14,2,0,1,15.9,0.9,Cloudy,1,0,1,0,25,478.0,346.0,370.0,448.57142857142856,446.5,439.6,274.0,409,0.43388373911755823,-0.900968867902419,1.0,6.123233995736766e-17,93,0.9995462806873573,-0.030120304846908114,0.992708874098054,-0.12053668025532288,0,Autumn,1,0,0,0,1,1,0,0,0,823,0,0,0,0,1,1,3,503.0,453.0,336.0,346.0,332.0,259.0,737.0,436.0,430.6666666666667,85.71075389548993,503.0,336.0,458.42857142857144,100.46700477081589,621.0,332.0,442.0,120.14542470241199,635.0,290.0,438.3,118.61155087089973,642.0,218.0,460.6166666666667,126.26674638612448,786.0,218.0,448.75555555555553,125.22862787099406,786.0,218.0,451.3108452215296,443.99795056477353,441.11743676545166,478.0,346.0,332.0,259.0,353.75,6.016157159698354
2025-04-04,2025,4,4,4,Friday,14,2,0,1,20.6,3.2,Cloudy,1,0,0,0,25,332.0,574.0,508.0,463.57142857142856,436.7142857142857,437.23333333333335,405.0,437,-0.433883739117558,-0.9009688679024191,1.0,6.123233995736766e-17,94,0.9988797155850336,-0.04732138832243185,0.992708874098054,-0.12053668025532288,0,Autumn,1,0,0,0,1,1,0,0,0,824,0,0,0,0,0,1,2,409.0,503.0,453.0,574.0,350.0,396.0,582.0,510.0,455.0,47.03190406521839,503.0,409.0,448.57142857142856,101.6052117148483,621.0,332.0,446.5,117.4221509701701,635.0,290.0,439.6,118.04955125592039,642.0,218.0,455.15,121.09232015284879,786.0,218.0,448.4555555555556,125.29185354321568,786.0,218.0,440.73313391614715,439.331557156137,439.0453440709064,332.0,574.0,350.0,396.0,413.0,6.082218910376446
2025-04-05,2025,4,5,5,Saturday,14,2,0,1,12.1,5.7,Rainy,1,0,0,0,25,621.0,635.0,259.0,429.4285714285714,418.6428571428572,441.3333333333333,335.0,382,-0.9749279121818236,-0.2225209339563146,1.0,6.123233995736766e-17,95,0.9979171608653922,-0.06450844944931623,0.992708874098054,-0.12053668025532288,1,Autumn,1,0,0,0,0,0,0,1,0,825,0,1,1,0,0,1,2,437.0,409.0,503.0,635.0,642.0,588.0,459.0,550.0,449.6666666666667,48.263167460634406,503.0,409.0,463.57142857142856,88.42295543363807,621.0,336.0,436.7142857142857,111.54056079873621,635.0,290.0,437.23333333333335,117.34055457141181,642.0,218.0,452.73333333333335,119.95943758898963,786.0,218.0,447.64444444444445,125.12513387042732,786.0,218.0,439.79985043711036,439.0206828686521,438.9133863889125,621.0,635.0,642.0,588.0,621.5,5.948034989180646
2025-04-06,2025,4,6,6,Sunday,14,2,0,1,17.7,2.0,Cloudy,1,0,0,0,25,486.0,509.0,396.0,438.57142857142856,421.57142857142856,446.4666666666666,366.0,550,-0.7818314824680299,0.6234898018587334,1.0,6.123233995736766e-17,96,0.9966589017541702,-0.08167639533042241,0.992708874098054,-0.12053668025532288,1,Autumn,1,0,0,0,1,1,0,0,0,826,0,1,1,0,0,1,2,382.0,437.0,409.0,509.0,483.0,578.0,483.0,368.0,409.3333333333333,27.501515109776047,437.0,382.0,429.42857142857144,58.62552670085343,503.0,336.0,418.64285714285717,96.4130593953841,621.0,290.0,441.3333333333333,112.96546110337837,642.0,218.0,451.45,120.30264448958083,786.0,218.0,445.77777777777777,124.83380212230013,786.0,218.0,425.3498878278328,431.41792515283186,435.2415550089827,486.0,509.0,483.0,578.0,514.0,6.311734809152915
2025-04-07,2025,4,7,0,Monday,15,2,0,1,16.3,2.7,Cloudy,1,0,0,0,25,336.0,322.0,588.0,435.2857142857143,420.9285714285714,437.3,444.0,313,0.0,1.0,1.0,6.123233995736766e-17,97,0.9951053111006976,-0.09882013873287143,0.9709418174260521,-0.2393156642875575,0,Autumn,1,0,0,0,1,1,0,0,0,827,0,0,0,0,0,1,2,550.0,382.0,437.0,322.0,461.0,531.0,423.0,370.0,456.3333333333333,85.65239829294472,550.0,382.0,438.57142857142856,72.31149549658394,550.0,336.0,421.57142857142856,99.92744620720751,621.0,290.0,446.46666666666664,114.32522674923682,642.0,218.0,452.56666666666666,120.90987912514233,786.0,218.0,447.8,125.03367636248673,786.0,218.0,456.5124158708746,447.2288684657876,442.6453256535645,336.0,322.0,461.0,531.0,412.5,5.749392985908253
2025-04-08,2025,4,8,1,Tuesday,15,2,0,1,16.6,3.3,Cloudy,1,0,1,0,25,453.0,290.0,578.0,432.0,430.9285714285714,432.3666666666667,354.0,430,0.7818314824680298,0.6234898018587336,1.0,6.123233995736766e-17,98,0.9932568492674143,-0.11593459959550041,0.9709418174260521,-0.2393156642875575,0,Autumn,1,0,0,0,1,1,0,0,0,828,0,0,0,0,1,1,3,313.0,550.0,382.0,290.0,445.0,218.0,532.0,228.0,415.0,121.8974979234599,550.0,313.0,435.2857142857143,78.04424874329216,550.0,313.0,420.92857142857144,100.64367020159884,621.0,290.0,437.3,113.60826524084644,642.0,218.0,450.73333333333335,122.19293811138931,786.0,218.0,447.1666666666667,125.5753724155471,786.0,218.0,420.63431190315595,429.33168600368265,434.28111109527003,453.0,290.0,445.0,218.0,351.5,6.066108090103747
2025-04-09,2025,4,9,2,Wednesday,15,2,0,1,20.6,3.7,Cloudy,1,0,0,0,25,503.0,303.0,531.0,436.4285714285714,447.4285714285714,432.4666666666666,292.0,534,0.9749279121818236,-0.22252093395631434,1.0,6.123233995736766e-17,99,0.9911140639934547,-0.1330147065341959,0.9709418174260521,-0.2393156642875575,0,Autumn,1,0,0,0,1,1,0,0,0,829,0,0,0,0,0,1,2,430.0,313.0,550.0,303.0,476.0,324.0,786.0,293.0,431.0,118.50316451470783,550.0,313.0,432.0,77.65736711134859,550.0,313.0,430.92857142857144,93.32281795814038,621.0,303.0,432.3666666666667,110.45750730276444,642.0,218.0,449.03333333333336,121.75189646894762,786.0,218.0,449.4111111111111,123.40049846424222,786.0,218.0,422.97573392736695,429.42079453652497,434.0049103794462,503.0,303.0,476.0,324.0,401.5,6.282266746896006
2025-04-10,2025,4,10,3,Thursday,15,2,0,1,18.4,1.0,Cloudy,1,0,0,0,25,409.0,478.0,218.0,436.7142857142857,442.6428571428572,438.9,196.0,411,0.43388373911755823,-0.900968867902419,1.0,6.123233995736766e-17,100,0.9886775902323405,-0.1500553983446526,0.9709418174260521,-0.2393156642875575,0,Autumn,1,0,0,0,1,1,0,0,0,830,0,0,0,0,0,1,2,534.0,430.0,313.0,478.0,346.0,332.0,639.0,516.0,425.6666666666667,110.56370712549956,534.0,313.0,436.42857142857144,83.07598357900523,550.0,313.0,447.42857142857144,89.2987331167896,621.0,313.0,432.46666666666664,110.55119997581203,642.0,218.0,444.8333333333333,114.03258033795038,671.0,218.0,452.0888888888889,122.58036982391296,786.0,218.0,450.7318004455252,443.36468859832166,440.4562064839981,409.0,478.0,346.0,332.0,391.25,6.021023349349527
2025-04-11,2025,4,11,4,Friday,15,2,0,1,16.7,0.1,Sunny,1,0,0,0,25,437.0,332.0,324.0,450.7142857142857,457.1428571428572,445.9333333333333,348.0,535,-0.433883739117558,-0.9009688679024191,1.0,6.123233995736766e-17,101,0.9859481499638304,-0.16705162550211924,0.9709418174260521,-0.2393156642875575,0,Autumn,1,0,0,0,3,0,0,0,1,831,0,0,0,0,0,1,2,411.0,534.0,430.0,332.0,574.0,350.0,671.0,662.0,458.3333333333333,66.2142985565296,534.0,411.0,436.7142857142857,82.96930011700026,550.0,313.0,442.64285714285717,89.32964633471683,621.0,313.0,438.9,102.997941057426,642.0,290.0,441.03333333333336,111.2166867535147,671.0,218.0,450.9222222222222,122.46487483372498,786.0,218.0,440.79885033414394,439.04939678521214,438.55580606567565,437.0,332.0,574.0,350.0,423.25,6.284134161070802
2025-04-12,2025,4,12,5,Saturday,15,2,0,1,8.9,1.0,Cloudy,1,0,0,1,20,382.0,621.0,332.0,473.1428571428572,451.2857142857143,452.8333333333333,639.0,539,-0.9749279121818236,-0.2225209339563146,1.0,6.123233995736766e-17,102,0.9829265519799822,-0.18399835165768005,0.9709418174260521,-0.2393156642875575,1,Autumn,1,0,0,0,1,1,0,0,0,832,0,1,1,0,0,1,3,535.0,411.0,534.0,621.0,635.0,642.0,408.0,777.0,493.3333333333333,71.30451131122938,535.0,411.0,450.7142857142857,90.91335487835762,550.0,313.0,457.14285714285717,86.41657350198555,621.0,313.0,445.93333333333334,102.08141893583802,642.0,290.0,438.76666666666665,107.78326757137036,648.0,218.0,449.5111111111111,120.72470721163836,786.0,218.0,464.34913775060795,451.84281054718383,444.77801212595466,382.0,621.0,635.0,642.0,570.0,6.29156913955832
2025-04-13,2025,4,13,6,Sunday,15,2,0,1,11.7,2.2,Cloudy,1,0,0,0,25,550.0,486.0,350.0,481.4285714285714,460.0,461.4333333333333,387.0,608,-0.7818314824680299,0.6234898018587334,1.0,6.123233995736766e-17,103,0.9796136916454901,-0.20089055513063506,0.9709418174260521,-0.2393156642875575,1,Autumn,1,0,0,0,1,1,0,0,0,833,0,1,1,0,0,1,2,539.0,535.0,411.0,486.0,509.0,483.0,501.0,267.0,495.0,72.77362159464035,539.0,411.0,473.14285714285717,90.50124966251177,550.0,313.0,451.2857142857143,76.68760663229033,550.0,313.0,452.8333333333333,101.10598172328845,642.0,290.0,440.95,108.47407329067727,648.0,218.0,446.8666666666667,115.9841329713835,786.0,218.0,483.01185331295596,463.4637691408927,450.8568500533124,550.0,486.0,509.0,483.0,507.0,6.411818267709897
2025-04-14,2025,4,14,0,Monday,16,2,0,1,15.0,1.2,Cloudy,1,0,0,0,25,313.0,336.0,642.0,487.57142857142856,461.4285714285714,451.9,444.0,356,0.0,1.0,1.0,6.123233995736766e-17,104,0.9760105506323683,-0.21772323039653177,0.9350162426854148,-0.35460488704253545,0,Autumn,1,0,0,0,1,1,0,0,0,834,0,0,0,0,0,1,2,608.0,539.0,535.0,336.0,322.0,461.0,422.0,348.0,560.6666666666666,41.040630274561316,608.0,535.0,481.42857142857144,100.78170657888504,608.0,313.0,460.0,87.15326905912485,608.0,313.0,461.43333333333334,103.01211289114943,642.0,290.0,442.73333333333335,110.3415140258378,648.0,218.0,450.65555555555557,115.61153096635516,786.0,218.0,514.2588899847169,482.73526658877364,460.99511779180847,313.0,336.0,322.0,461.0,358.0,5.877735781779639
2025-04-15,2025,4,15,1,Tuesday,16,2,0,1,15.9,2.8,Cloudy,1,0,0,1,20,430.0,453.0,483.0,504.2857142857143,468.1428571428572,454.03333333333336,342.0,547,0.7818314824680298,0.6234898018587336,1.0,6.123233995736766e-17,105,0.9721181966290613,-0.23449138957040985,0.9350162426854148,-0.35460488704253545,0,Autumn,1,0,0,0,1,1,0,0,0,835,0,0,0,0,0,1,3,356.0,608.0,539.0,453.0,290.0,445.0,559.0,363.0,501.0,130.2267253677213,608.0,356.0,487.57142857142856,89.4815756508147,608.0,356.0,461.42857142857144,85.10420245043824,608.0,313.0,451.9,98.87622007617291,635.0,290.0,441.6333333333333,110.87937661347183,648.0,218.0,450.74444444444447,115.53476650844013,786.0,218.0,474.6941674885377,465.8372310436039,454.221239224595,430.0,453.0,290.0,445.0,404.5,6.306275286948016
2025-04-16,2025,4,16,2,Wednesday,16,2,0,1,11.0,0.9,Cloudy,0,0,0,0,25,534.0,503.0,461.0,482.4285714285714,459.4285714285714,451.3666666666667,436.0,381,0.9749279121818236,-0.22252093395631434,1.0,6.123233995736766e-17,106,0.9679377830240642,-0.25119006388481935,0.9350162426854148,-0.35460488704253545,0,Autumn,1,0,0,0,1,1,0,0,0,836,0,0,0,0,0,1,1,547.0,356.0,608.0,503.0,303.0,476.0,611.0,241.0,503.6666666666667,131.46989515981687,608.0,356.0,504.2857142857143,87.84781212550595,608.0,356.0,468.14285714285717,88.04531800145841,608.0,313.0,454.03333333333336,100.25123039345878,635.0,290.0,441.43333333333334,110.67472062449839,648.0,218.0,452.7888888888889,115.59261031981801,786.0,218.0,492.77062561640327,476.6589335711234,460.2069657262341,534.0,503.0,303.0,476.0,454.0,5.945420608606575
2025-04-17,2025,4,17,3,Thursday,16,2,0,1,25.1,2.0,Cloudy,0,0,0,0,25,411.0,409.0,445.0,471.2857142857143,454.0,447.6333333333333,296.0,333,0.43388373911755823,-0.900968867902419,1.0,6.123233995736766e-17,107,0.9634705485641488,-0.2678143051621742,0.9350162426854148,-0.35460488704253545,0,Autumn,1,0,0,0,1,1,0,0,0,837,0,0,0,0,0,1,1,381.0,547.0,356.0,409.0,478.0,346.0,648.0,446.0,428.0,103.81233067415405,547.0,356.0,482.42857142857144,97.70338981300739,608.0,356.0,459.42857142857144,90.33758420989031,608.0,313.0,451.3666666666667,101.11975942973011,635.0,290.0,437.6,108.66699247810865,648.0,218.0,454.34444444444443,113.63594156771003,786.0,218.0,464.82796921230243,463.90440909497363,455.09683890518676,411.0,409.0,478.0,346.0,411.0,5.8111409929767
2025-04-18,2025,4,18,4,Friday,16,2,1,1,21.6,0.4,Partly Cloudy,0,0,0,0,25,535.0,437.0,476.0,490.4285714285714,470.57142857142856,454.06666666666666,299.0,669,-0.433883739117558,-0.9009688679024191,1.0,6.123233995736766e-17,108,0.9587178169872964,-0.2843591872810034,0.9350162426854148,-0.35460488704253545,0,Autumn,1,0,0,0,2,0,1,0,0,838,0,0,0,0,0,1,2,333.0,381.0,547.0,437.0,332.0,574.0,440.0,464.0,420.3333333333333,112.29128787814858,547.0,333.0,471.2857142857143,110.78013402789414,608.0,333.0,454.0,95.72396211543281,608.0,313.0,447.6333333333333,103.40462316528247,635.0,290.0,432.35,105.90382989505487,642.0,218.0,453.0888888888889,114.35118826308063,786.0,218.0,431.87097690922684,446.4504878823105,447.21962349194894,535.0,437.0,332.0,574.0,469.5,6.507277712385012
2025-04-19,2025,4,19,5,Saturday,16,2,1,0,17.9,2.8,Cloudy,0,0,0,1,20,539.0,382.0,346.0,515.0,494.07142857142856,466.23333333333335,345.0,711,-0.9749279121818236,-0.2225209339563146,1.0,6.123233995736766e-17,109,0.9536809966304457,-0.30081980763566735,0.9350162426854148,-0.35460488704253545,1,Autumn,1,0,0,0,1,1,0,0,0,839,1,0,0,0,0,1,2,669.0,333.0,381.0,382.0,621.0,635.0,362.0,491.0,461.0,181.72506706560847,669.0,333.0,490.42857142857144,132.97851598768054,669.0,333.0,470.57142857142856,111.35923455591384,669.0,313.0,454.06666666666666,110.95818825228692,669.0,290.0,436.1666666666667,110.22260475451529,669.0,218.0,455.3666666666667,116.590751652035,786.0,218.0,491.15323268192014,476.1237561646691,461.5280348795652,539.0,382.0,621.0,635.0,544.25,6.568077911411976
2025-04-20,2025,4,20,6,Sunday,16,2,1,0,15.8,1.6,Cloudy,0,0,0,0,25,608.0,550.0,574.0,510.0,495.7142857142857,466.2,290.0,573,-0.7818314824680299,0.6234898018587334,1.0,6.123233995736766e-17,110,0.9483615800121715,-0.3171912885891061,0.9350162426854148,-0.35460488704253545,1,Autumn,1,0,0,0,1,1,0,0,0,840,1,0,0,0,0,1,1,711.0,669.0,333.0,550.0,486.0,509.0,430.0,355.0,571.0,207.18108021728213,711.0,333.0,515.0,157.14430735261598,711.0,333.0,494.07142857142856,125.09717102237823,711.0,313.0,466.23333333333335,118.45781537318919,711.0,290.0,441.98333333333335,115.33260548086862,711.0,218.0,457.81111111111113,119.61331841635267,786.0,218.0,546.1149245114401,507.44058867604656,477.6230003712062,608.0,550.0,486.0,509.0,538.25,6.352629396319567
2025-04-21,2025,4,21,0,Monday,17,2,1,0,14.7,0.5,Cloudy,0,0,0,0,25,356.0,313.0,635.0,506.2857142857143,496.9285714285714,456.03333333333336,395.0,330,0.0,1.0,1.0,6.123233995736766e-17,111,0.9427611433904207,-0.3334687789181868,0.8854560256532099,-0.4647231720437685,0,Autumn,1,0,0,0,1,1,0,0,0,841,0,0,0,0,0,1,1,573.0,711.0,669.0,313.0,336.0,322.0,431.0,481.0,651.0,70.73895673530886,711.0,573.0,510.0,154.22170188833167,711.0,333.0,495.7142857142857,126.0356656307609,711.0,313.0,466.2,118.42658135914363,711.0,290.0,444.3666666666667,116.55186765173428,711.0,218.0,460.23333333333335,119.71520981343242,786.0,218.0,552.83619338358,516.1818435192404,483.7763551859672,356.0,313.0,336.0,322.0,331.75,5.802118375377063
2025-04-22,2025,4,22,1,Tuesday,17,2,0,0,11.7,0.7,Cloudy,0,0,0,0,25,547.0,430.0,509.0,458.8571428571428,481.57142857142856,446.23333333333335,236.0,215,0.7818314824680298,0.6234898018587336,1.0,6.123233995736766e-17,112,0.9368813462954315,-0.3496474552512284,0.8854560256532099,-0.4647231720437685,0,Autumn,1,0,0,0,1,1,0,0,0,842,0,0,0,0,0,0,0,330.0,573.0,711.0,430.0,453.0,290.0,599.0,437.0,538.0,192.89634522198676,711.0,330.0,506.2857142857143,158.79411647970946,711.0,330.0,496.92857142857144,124.2085493686473,711.0,330.0,456.03333333333336,116.51209300365355,711.0,290.0,442.68333333333334,117.47390502397525,711.0,218.0,458.55555555555554,120.47659207685085,786.0,218.0,497.12714503768507,491.357597716675,473.85530001267904,547.0,430.0,453.0,290.0,430.0,5.375278407684165
2025-04-23,2025,4,23,2,Wednesday,17,2,0,0,15.8,2.8,Cloudy,0,0,0,0,25,381.0,534.0,322.0,433.0,457.7142857142857,442.1666666666667,250.0,200,0.9749279121818236,-0.22252093395631434,1.0,6.123233995736766e-17,113,0.9307239310379795,-0.36572252349726897,0.8854560256532099,-0.4647231720437685,0,Autumn,1,0,0,0,1,1,0,0,0,843,0,0,0,0,0,0,0,215.0,330.0,573.0,534.0,503.0,303.0,474.0,322.0,372.6666666666667,182.77399523272788,573.0,215.0,458.85714285714283,190.93491785721895,711.0,215.0,481.57142857142856,144.71814212233582,711.0,215.0,446.23333333333335,124.025493300796,711.0,215.0,436.28333333333336,119.26001953667055,711.0,215.0,456.0888888888889,123.16551797876004,786.0,215.0,426.5953587782638,454.5099180211184,457.15495807637717,381.0,534.0,503.0,303.0,430.25,5.303304908059076
2025-04-24,2025,4,24,3,Thursday,17,2,0,0,16.5,1.3,Cloudy,0,0,0,0,25,333.0,411.0,290.0,422.7142857142857,447.0,441.2,223.0,261,0.43388373911755823,-0.900968867902419,1.0,6.123233995736766e-17,114,0.9242907221930934,-0.3816892202666588,0.8854560256532099,-0.4647231720437685,0,Autumn,1,0,0,0,1,1,0,0,0,844,0,0,0,0,0,0,0,200.0,215.0,330.0,411.0,409.0,478.0,503.0,409.0,248.33333333333334,71.12196097783888,330.0,200.0,433.0,214.08798814194773,711.0,200.0,457.7142857142857,161.9185115902573,711.0,200.0,442.1666666666667,130.0912367727262,711.0,200.0,431.71666666666664,122.97927228776977,711.0,200.0,454.73333333333335,125.31056251829558,786.0,200.0,369.94651908369786,420.5752622849693,440.5643156198367,333.0,411.0,409.0,478.0,407.75,5.568344503761097
2025-04-25,2025,4,25,4,Friday,17,2,1,0,10.5,0.5,Cloudy,0,0,0,0,25,669.0,535.0,303.0,389.7142857142857,440.07142857142856,445.7,459.0,438,-0.433883739117558,-0.9009688679024191,1.0,6.123233995736766e-17,115,0.9175836260593937,-0.39754281428255595,0.8854560256532099,-0.4647231720437685,0,Autumn,1,0,0,0,1,1,0,0,0,845,0,0,0,0,0,1,1,261.0,200.0,215.0,535.0,437.0,332.0,356.0,535.0,225.33333333333334,31.785741037975434,261.0,200.0,422.7142857142857,221.30123834998793,711.0,200.0,447.0,170.0081446012782,711.0,200.0,441.2,131.3624624910944,711.0,200.0,427.68333333333334,124.56003816370912,711.0,200.0,453.0888888888889,126.87874813808898,786.0,200.0,342.7098893127734,399.29856064697344,428.9795210637182,669.0,535.0,437.0,332.0,493.25,6.0844994130751715
2025-04-26,2025,4,26,5,Saturday,17,2,0,0,16.8,6.8,Rainy,0,0,1,1,20,711.0,539.0,478.0,331.0,423.0,439.76666666666665,277.0,300,-0.9749279121818236,-0.2225209339563146,1.0,6.123233995736766e-17,116,0.9106046300942163,-0.4132786077829042,0.8854560256532099,-0.4647231720437685,1,Autumn,1,0,0,0,0,0,0,1,0,846,0,0,0,0,0,1,2,438.0,261.0,200.0,539.0,382.0,621.0,244.0,450.0,299.6666666666667,123.62173487430611,438.0,200.0,389.7142857142857,193.9928815581597,711.0,200.0,440.07142857142856,168.11189693210224,711.0,200.0,445.7,128.75133745539023,711.0,200.0,429.05,124.20955843565221,711.0,200.0,452.0111111111111,126.58678192568962,786.0,200.0,366.53241698458004,404.4587525607103,429.5614874467041,711.0,539.0,382.0,621.0,563.25,5.707110264748875
2025-04-27,2025,4,27,6,Sunday,17,2,0,0,14.9,2.5,Cloudy,0,0,0,0,25,573.0,608.0,332.0,294.85714285714283,402.4285714285714,439.3666666666667,333.0,320,-0.7818314824680299,0.6234898018587334,1.0,6.123233995736766e-17,117,0.9033558023246845,-0.4288919379124835,0.8854560256532099,-0.4647231720437685,1,Autumn,1,0,0,0,1,1,0,0,0,847,0,0,0,0,0,0,0,300.0,438.0,261.0,608.0,550.0,486.0,284.0,467.0,333.0,92.99999999999945,438.0,261.0,331.0,133.22412193993523,573.0,200.0,423.0,169.4230027066977,711.0,200.0,439.76666666666665,131.287965499727,711.0,200.0,429.98333333333335,122.99999885168359,711.0,200.0,450.34444444444443,127.59699206689524,786.0,200.0,349.899312738435,390.53091888594895,421.2026818049813,573.0,608.0,550.0,486.0,554.25,5.771441123130016
2025-04-28,2025,4,28,0,Monday,18,2,0,0,7.9,6.3,Rainy,0,0,0,0,25,330.0,356.0,621.0,266.0,386.1428571428572,422.9333333333333,383.0,128,0.0,1.0,1.0,6.123233995736766e-17,118,0.895839290734909,-0.4443781781046132,0.8229838658936565,-0.5680647467311557,0,Autumn,1,0,0,0,0,0,0,1,0,848,0,0,0,0,0,0,0,320.0,300.0,438.0,356.0,313.0,336.0,330.0,329.0,352.6666666666667,74.57434768962604,438.0,300.0,294.85714285714283,80.52417560672646,438.0,200.0,402.42857142857144,162.57860313645833,711.0,200.0,439.3666666666667,131.6454180439033,711.0,200.0,430.5833333333333,122.36196535268543,711.0,200.0,448.7111111111111,128.32019680807807,786.0,200.0,342.42448455382623,381.12679636782246,414.67347652724055,330.0,356.0,313.0,336.0,333.75,4.859812404361672
2025-04-29,2025,4,29,1,Tuesday,18,2,0,0,12.1,1.1,Cloudy,0,0,0,0,25,215.0,547.0,486.0,264.57142857142856,361.7142857142857,413.56666666666666,279.0,205,0.7818314824680298,0.6234898018587336,1.0,6.123233995736766e-17,119,0.8880573226294932,-0.45973273945210397,0.8229838658936565,-0.5680647467311557,0,Autumn,1,0,0,0,1,1,0,0,0,849,0,0,0,0,0,0,0,128.0,320.0,300.0,547.0,430.0,453.0,442.0,344.0,249.33333333333334,105.55251457607835,320.0,128.0,266.0,99.73464794142537,438.0,128.0,386.14285714285717,178.25127344149965,711.0,128.0,422.93333333333334,138.76820994721393,711.0,128.0,427.21666666666664,127.83292746641143,711.0,128.0,446.47777777777776,132.11998528557345,786.0,128.0,288.8183634153697,347.3765568521128,396.1784135254831,215.0,547.0,430.0,453.0,411.25,5.327876168789581
2025-04-30,2025,4,30,2,Wednesday,18,2,0,0,13.8,1.3,Cloudy,0,0,0,0,25,200.0,381.0,336.0,272.2857142857143,352.6428571428572,410.8333333333333,246.0,254,0.9749279121818236,-0.22252093395631434,1.0,6.123233995736766e-17,120,0.8800122039735357,-0.47495107206704995,0.8229838658936565,-0.5680647467311557,0,Autumn,1,0,0,0,1,1,0,0,0,850,0,0,0,0,0,0,0,205.0,128.0,320.0,381.0,534.0,503.0,421.0,423.0,217.66666666666666,96.62470353555159,320.0,128.0,264.57142857142856,100.65428810679542,438.0,128.0,361.7142857142857,177.94529348237123,711.0,128.0,413.56666666666666,143.75834208678197,711.0,128.0,423.26666666666665,130.99099033148286,711.0,128.0,444.93333333333334,134.12854810117904,786.0,128.0,267.86377256152724,328.39301593849774,383.8443223302907,200.0,381.0,534.0,503.0,404.5,5.541263545158426
2025-05-01,2025,5,1,3,Thursday,18,2,0,0,17.7,4.6,Cloudy,0,0,0,1,20,261.0,333.0,453.0,268.42857142857144,345.57142857142856,403.53333333333336,263.0,234,0.43388373911755823,-0.900968867902419,0.8660254037844387,-0.4999999999999998,121,0.8717063187093219,-0.49002866642905923,0.8229838658936565,-0.5680647467311557,0,Autumn,1,0,0,0,1,1,0,0,0,851,0,0,0,0,0,0,1,254.0,205.0,128.0,333.0,411.0,409.0,379.0,309.0,195.66666666666666,63.51640208114149,254.0,128.0,272.2857142857143,96.87915889690359,438.0,128.0,352.64285714285717,180.11048196672357,711.0,128.0,410.8333333333333,146.04535982507895,711.0,128.0,420.48333333333335,132.80168618322352,711.0,128.0,443.05555555555554,135.61382392091116,786.0,128.0,264.39782942114545,318.47394714669804,375.4672692767236,261.0,333.0,411.0,409.0,353.5,5.459585514144159
2025-05-02,2025,5,2,4,Friday,18,2,0,0,13.7,1.5,Cloudy,0,0,0,0,25,438.0,669.0,503.0,237.8571428571429,313.7857142857143,394.23333333333335,314.0,224,-0.433883739117558,-0.9009688679024191,0.8660254037844387,-0.4999999999999998,122,0.8631421280499114,-0.5049610547215204,0.8229838658936565,-0.5680647467311557,0,Autumn,1,0,0,0,1,1,0,0,0,852,0,0,0,0,0,0,0,234.0,254.0,205.0,669.0,535.0,437.0,332.0,560.0,231.0,24.637369989507864,254.0,205.0,268.42857142857144,97.93510971191985,438.0,128.0,345.57142857142856,182.86342708981667,711.0,128.0,403.53333333333336,149.30199281145332,711.0,128.0,418.06666666666666,134.87255335952366,711.0,128.0,442.22222222222223,136.67313403899067,786.0,128.0,256.7983720658591,307.210754193805,366.3403486782253,438.0,669.0,535.0,437.0,519.75,5.41610040220442
2025-05-03,2025,5,3,5,Saturday,18,2,0,0,8.0,2.5,Cloudy,0,0,1,0,25,300.0,711.0,409.0,228.8571428571429,279.92857142857144,388.5,210.0,237,-0.9749279121818236,-0.2225209339563146,0.8660254037844387,-0.4999999999999998,123,0.854322169749827,-0.5197438121555155,0.8229838658936565,-0.5680647467311557,1,Autumn,1,0,0,0,1,1,0,0,0,853,0,0,0,0,0,1,1,224.0,234.0,254.0,711.0,539.0,382.0,370.0,737.0,237.33333333333334,15.275252316516285,254.0,224.0,237.85714285714286,63.54113778078145,320.0,128.0,313.7857142857143,159.50316060115526,711.0,128.0,394.23333333333335,151.56486794571583,711.0,128.0,416.26666666666665,136.7482986188175,711.0,128.0,438.4888888888889,138.00238106107733,786.0,128.0,248.59877904939432,296.1159869679643,357.15710037640434,300.0,711.0,539.0,382.0,483.0,5.472270673671475
2025-05-04,2025,5,4,6,Sunday,18,2,0,0,13.5,0.6,Cloudy,0,0,0,0,25,320.0,573.0,437.0,225.57142857142856,260.2142857142857,383.8333333333333,334.0,297,-0.7818314824680299,0.6234898018587334,0.8660254037844387,-0.4999999999999998,124,0.8452490573530633,-0.5343725582809786,0.8229838658936565,-0.5680647467311557,1,Autumn,1,0,0,0,1,1,0,0,0,854,0,0,0,0,0,0,0,237.0,224.0,234.0,573.0,608.0,550.0,508.0,582.0,231.66666666666666,6.806859285546917,237.0,224.0,228.85714285714286,57.441067107743145,320.0,128.0,279.92857142857144,111.90824832851098,573.0,128.0,388.5,154.2169877489014,711.0,128.0,414.05,138.57671497117914,711.0,128.0,432.93333333333334,135.8984088504712,786.0,128.0,245.69908428704574,288.2338553722358,349.4050293843783,320.0,573.0,608.0,550.0,512.75,5.697093486505405
2025-05-05,2025,5,5,0,Monday,19,2,0,0,7.4,1.2,Cloudy,0,0,0,1,20,128.0,330.0,382.0,237.57142857142856,251.78571428571428,378.1666666666667,358.0,212,0.0,1.0,0.8660254037844387,-0.4999999999999998,125,0.8359254794186372,-0.548842958284719,0.7485107481711013,-0.663122658240795,0,Autumn,1,0,0,0,1,1,0,0,0,855,0,0,0,0,0,0,1,297.0,237.0,224.0,330.0,356.0,313.0,259.0,459.0,252.66666666666666,38.940124978397755,297.0,224.0,225.57142857142858,51.73283013991961,297.0,128.0,260.2142857142857,74.2989580333047,438.0,128.0,383.8333333333333,154.81581567013484,711.0,128.0,410.53333333333336,138.8291800845121,711.0,128.0,429.76666666666665,135.70623014024207,786.0,128.0,258.52431321528434,289.4026746559377,346.0240597466765,128.0,330.0,356.0,313.0,281.75,5.3612921657094255
2025-05-06,2025,5,6,1,Tuesday,19,2,0,0,15.2,0.3,Sunny,0,0,0,0,25,205.0,215.0,550.0,240.7142857142857,252.64285714285717,367.4,324.0,227,0.7818314824680298,0.6234898018587336,0.8660254037844387,-0.4999999999999998,126,0.8263541987239096,-0.5631507242749186,0.7485107481711013,-0.663122658240795,0,Autumn,1,0,0,0,3,0,0,0,1,856,0,0,0,0,0,0,0,212.0,297.0,237.0,215.0,547.0,430.0,396.0,483.0,248.66666666666666,43.684474740269415,297.0,212.0,237.57142857142858,30.859126920341996,297.0,205.0,251.78571428571428,72.44327071941926,438.0,128.0,378.1666666666667,157.96444020036932,711.0,128.0,409.75,139.82769360289512,711.0,128.0,427.02222222222224,137.59286774187515,786.0,128.0,246.89323491146325,279.082318035146,337.3773462146329,205.0,215.0,547.0,430.0,349.25,5.429345628954441
2025-05-07,2025,5,7,2,Wednesday,19,2,0,0,10.6,0.5,Cloudy,0,0,0,0,25,254.0,200.0,313.0,233.0,252.64285714285717,363.6333333333333,137.0,200,0.9749279121818236,-0.22252093395631434,0.8660254037844387,-0.4999999999999998,127,0.8165380514459161,-0.5772916165517272,0.7485107481711013,-0.663122658240795,0,Autumn,1,0,0,0,1,1,0,0,0,857,0,0,0,0,0,0,0,227.0,212.0,297.0,200.0,381.0,534.0,588.0,423.0,245.33333333333334,45.36885862938627,297.0,212.0,240.71428571428572,27.974478164417842,297.0,212.0,252.64285714285714,72.04443836203247,438.0,128.0,367.4,156.8523575499121,711.0,128.0,406.93333333333334,141.79764367369603,711.0,128.0,424.1777777777778,139.06094192130254,786.0,128.0,241.91992618359745,272.1380089637932,330.25622710401143,254.0,200.0,381.0,534.0,342.25,5.303304908059076
2025-05-08,2025,5,8,3,Thursday,19,2,0,0,11.7,0.0,Sunny,0,0,0,0,25,234.0,261.0,430.0,239.0,253.7142857142857,358.5,276.0,276,0.43388373911755823,-0.900968867902419,0.8660254037844387,-0.4999999999999998,128,0.8064799463209448,-0.5912614448635781,0.7485107481711013,-0.663122658240795,0,Autumn,1,0,0,0,3,0,0,0,1,858,0,0,0,0,0,0,0,200.0,227.0,212.0,261.0,333.0,411.0,578.0,532.0,213.0,13.52774925846512,227.0,200.0,233.0,30.983866769660324,297.0,200.0,252.64285714285714,72.04443836203247,438.0,128.0,363.6333333333333,159.53758249981416,711.0,128.0,400.46666666666664,142.24679754718352,711.0,128.0,421.7,141.05457147796164,786.0,128.0,231.4399446376981,262.5196077686208,321.85259954891393,234.0,261.0,333.0,411.0,309.75,5.6240175061873385
2025-05-09,2025,5,9,4,Friday,19,2,0,0,16.0,0.1,Sunny,0,0,0,0,25,224.0,438.0,534.0,244.8571428571429,241.3571428571429,349.53333333333336,443.0,265,-0.433883739117558,-0.9009688679024191,0.8660254037844387,-0.4999999999999998,129,0.7961828637826158,-0.6050560696488488,0.7485107481711013,-0.663122658240795,0,Autumn,1,0,0,0,3,0,0,0,1,859,0,0,0,0,0,0,0,276.0,200.0,227.0,438.0,669.0,535.0,531.0,786.0,234.33333333333334,38.52704677668971,276.0,200.0,239.0,35.01428280002408,297.0,200.0,253.71428571428572,72.28940615164741,438.0,128.0,358.5,159.8058628245641,711.0,128.0,395.43333333333334,141.1975856454013,711.0,128.0,418.85555555555555,141.3861205392824,786.0,128.0,242.57995847827357,264.31699339947136,318.89436731995175,224.0,438.0,669.0,535.0,466.5,5.583496308781699
2025-05-10,2025,5,10,5,Saturday,19,2,0,0,8.1,7.6,Rainy,0,0,0,1,20,237.0,300.0,411.0,237.7142857142857,233.28571428571428,342.06666666666666,236.0,187,-0.9749279121818236,-0.2225209339563146,0.8660254037844387,-0.4999999999999998,130,0.7856498550787147,-0.6186714032625031,0.7485107481711013,-0.663122658240795,1,Autumn,1,0,0,0,0,0,0,1,0,860,0,0,0,0,0,0,1,265.0,276.0,200.0,300.0,711.0,539.0,218.0,639.0,247.0,41.07310555582452,276.0,200.0,244.85714285714286,35.51257322615358,297.0,200.0,241.35714285714286,49.585368721109354,320.0,128.0,349.53333333333336,157.14362710663713,711.0,128.0,391.0,141.044769908863,711.0,128.0,413.06666666666666,136.77561383275076,711.0,128.0,248.1849688587052,264.40806094620854,315.4173113638259,237.0,300.0,711.0,539.0,446.75,5.236441962829949
2025-05-11,2025,5,11,6,Sunday,19,2,0,0,7.8,0.6,Cloudy,0,0,0,0,25,297.0,320.0,535.0,238.14285714285717,231.8571428571429,334.2333333333333,348.0,300,-0.7818314824680299,0.6234898018587334,0.8660254037844387,-0.4999999999999998,131,0.7748840413670407,-0.6321034111873487,0.7485107481711013,-0.663122658240795,1,Autumn,1,0,0,0,1,1,0,0,0,861,0,0,0,0,0,0,0,187.0,265.0,276.0,320.0,573.0,608.0,324.0,671.0,242.66666666666666,48.52147290976683,276.0,187.0,237.71428571428572,41.82389383161445,297.0,187.0,233.28571428571428,48.49017120300021,320.0,128.0,342.06666666666666,159.42740934536522,711.0,128.0,390.48333333333335,141.74427817545322,711.0,128.0,408.0444444444444,136.68481837984237,711.0,128.0,232.8887266440289,254.08698615338074,307.1323235339016,297.0,320.0,573.0,608.0,449.5,5.707110264748875
2025-05-12,2025,5,12,0,Monday,20,2,0,0,10.2,2.2,Cloudy,0,0,0,0,25,212.0,128.0,539.0,235.42857142857144,236.5,322.7,385.0,193,0.0,1.0,0.8660254037844387,-0.4999999999999998,132,0.7638886127905428,-0.6453481132295501,0.6631226582407952,-0.7485107481711012,0,Autumn,1,0,0,0,1,1,0,0,0,862,0,0,0,0,0,0,0,300.0,187.0,265.0,128.0,330.0,356.0,332.0,408.0,250.66666666666666,57.84750066626247,300.0,187.0,238.14285714285714,42.54185613968419,300.0,187.0,231.85714285714286,45.967977387030096,300.0,128.0,334.23333333333335,155.34182182913693,711.0,128.0,390.0833333333333,141.96875899673663,711.0,128.0,403.9222222222222,134.23785930731552,711.0,128.0,249.66654498302168,260.20872133292994,306.6721736284887,212.0,128.0,330.0,356.0,256.5,5.267858159063328
2025-05-13,2025,5,13,1,Tuesday,20,2,0,0,15.1,3.7,Cloudy,0,0,0,0,25,227.0,205.0,608.0,230.8571428571429,235.78571428571428,308.93333333333334,280.0,195,0.7818314824680298,0.6234898018587336,0.8660254037844387,-0.4999999999999998,133,0.7526668275320084,-0.6584015846980488,0.6631226582407952,-0.7485107481711012,0,Autumn,1,0,0,0,1,1,0,0,0,863,0,0,0,0,0,0,0,193.0,300.0,187.0,205.0,215.0,547.0,350.0,501.0,226.66666666666666,63.57934675138804,300.0,187.0,235.42857142857142,45.02168789541817,300.0,187.0,236.5,37.09810279204049,300.0,187.0,322.7,152.43181630056623,711.0,128.0,387.76666666666665,144.0514699289827,711.0,128.0,401.53333333333336,136.06510338639535,711.0,128.0,235.49990873726625,251.2475584885393,299.33848500729584,227.0,205.0,215.0,547.0,298.5,5.278114659230518
2025-05-14,2025,5,14,2,Wednesday,20,2,0,0,7.4,1.6,Cloudy,0,0,0,0,25,200.0,254.0,356.0,230.14285714285717,231.57142857142856,303.56666666666666,247.0,195,0.9749279121818236,-0.22252093395631434,0.8660254037844387,-0.4999999999999998,134,0.741222010848596,-0.6712599575675313,0.6631226582407952,-0.7485107481711012,0,Autumn,1,0,0,0,1,1,0,0,0,864,0,0,0,0,0,0,0,195.0,193.0,300.0,254.0,200.0,381.0,642.0,422.0,229.33333333333334,61.20729803980271,300.0,193.0,230.85714285714286,47.572501060412186,300.0,187.0,235.78571428571428,37.84010605657967,300.0,187.0,308.93333333333334,144.2045800921043,711.0,128.0,385.18333333333334,146.11528901390113,711.0,128.0,398.1333333333333,137.36862569685476,711.0,128.0,225.3749315529497,243.74788402340076,292.6069698455348,200.0,254.0,200.0,381.0,258.75,5.278114659230518
2025-05-15,2025,5,15,3,Thursday,20,2,0,0,3.5,0.3,Sunny,0,0,0,0,25,276.0,234.0,547.0,237.42857142857144,238.2142857142857,296.2333333333333,237.0,327,0.43388373911755823,-0.900968867902419,0.8660254037844387,-0.4999999999999998,135,0.7295575540864875,-0.6839194216246106,0.6631226582407952,-0.7485107481711012,0,Autumn,1,0,0,0,3,0,0,0,1,865,0,0,0,0,0,0,0,195.0,195.0,193.0,234.0,261.0,333.0,483.0,559.0,194.33333333333334,1.1547005383375042,195.0,193.0,230.14285714285714,48.147096040601646,300.0,187.0,231.57142857142858,38.92540061690282,300.0,187.0,303.56666666666666,145.3836027687541,711.0,128.0,377.73333333333335,144.1818374826977,711.0,128.0,395.6111111111111,138.99977321495035,711.0,128.0,217.7811986647123,237.248166153614,286.3097459845326,276.0,234.0,261.0,333.0,276.0,5.793013608384144
2025-05-16,2025,5,16,4,Friday,20,2,0,0,10.6,2.6,Cloudy,0,0,0,0,25,265.0,224.0,381.0,227.8571428571429,236.3571428571429,290.1333333333333,257.0,198,-0.433883739117558,-0.9009688679024191,0.8660254037844387,-0.4999999999999998,136,0.717676913675962,-0.6963762255968722,0.6631226582407952,-0.7485107481711012,0,Autumn,1,0,0,0,1,1,0,0,0,866,0,0,0,0,0,0,0,327.0,195.0,195.0,224.0,438.0,669.0,461.0,611.0,239.0,76.21023553302997,327.0,195.0,237.42857142857142,58.90064273236563,327.0,187.0,238.21428571428572,46.55877769249698,327.0,187.0,296.23333333333335,138.0443914941436,711.0,128.0,375.1333333333333,143.657014632448,711.0,128.0,393.03333333333336,138.08387371367868,711.0,128.0,245.08589899853422,249.21507733313214,288.93492366294987,265.0,224.0,438.0,669.0,399.0,5.293304824724492
2025-05-17,2025,5,17,5,Saturday,20,2,0,0,13.7,1.8,Cloudy,0,0,0,0,25,187.0,237.0,333.0,246.57142857142856,242.14285714285717,289.6333333333333,355.0,318,-0.9749279121818236,-0.2225209339563146,0.8660254037844387,-0.4999999999999998,137,0.705583610107178,-0.7086266782644596,0.6631226582407952,-0.7485107481711012,1,Autumn,1,0,0,0,1,1,0,0,0,867,0,0,0,0,0,0,0,198.0,327.0,195.0,237.0,300.0,711.0,445.0,648.0,240.0,75.35914012248217,327.0,195.0,227.85714285714286,59.11691402474917,327.0,187.0,236.35714285714286,47.67454915740902,327.0,187.0,290.1333333333333,138.21266305908782,711.0,128.0,370.75,144.9987288079873,711.0,128.0,388.44444444444446,137.6206405272333,711.0,128.0,233.31442424890065,242.3864003553812,283.06815439437247,187.0,237.0,300.0,711.0,358.75,5.765191102784844
2025-05-18,2025,5,18,6,Sunday,20,2,0,0,15.6,2.6,Cloudy,0,0,0,0,25,300.0,297.0,669.0,241.7142857142857,239.92857142857144,276.2,379.0,266,-0.7818314824680299,0.6234898018587334,0.8660254037844387,-0.4999999999999998,138,0.6932812268869777,-0.7206671495538609,0.6631226582407952,-0.7485107481711012,1,Autumn,1,0,0,0,1,1,0,0,0,868,0,0,0,0,0,0,0,318.0,198.0,327.0,297.0,320.0,573.0,476.0,440.0,281.0,72.02083032012268,327.0,198.0,246.57142857142858,64.51577880089317,327.0,193.0,242.14285714285714,52.43583205705868,327.0,187.0,289.6333333333333,138.07930837855008,711.0,128.0,368.6333333333333,144.82332505582804,711.0,128.0,384.77777777777777,134.9986914441593,711.0,128.0,254.4858181866755,252.46821364133038,285.32182185280004,300.0,297.0,320.0,573.0,372.5,5.58724865840025
2025-05-19,2025,5,19,0,Monday,21,2,0,0,10.6,2.9,Cloudy,0,0,0,0,25,193.0,212.0,711.0,242.14285714285717,238.78571428571428,259.03333333333336,235.0,196,0.0,1.0,0.8660254037844387,-0.4999999999999998,139,0.6807734094770161,-0.7324940716135789,0.5680647467311558,-0.8229838658936564,0,Autumn,1,0,0,0,1,1,0,0,0,869,0,0,0,0,0,0,0,266.0,318.0,198.0,212.0,128.0,330.0,346.0,362.0,260.6666666666667,60.1775151807819,318.0,198.0,241.71428571428572,61.007415630436476,327.0,193.0,239.92857142857142,50.562169326805424,327.0,187.0,276.2,118.04978493897308,711.0,128.0,365.1333333333333,144.7221143967993,711.0,128.0,382.84444444444443,135.44416413416403,711.0,128.0,257.3643636400066,254.27245182248635,284.07525270100655,193.0,212.0,128.0,330.0,215.75,5.2832037287379885
2025-05-20,2025,5,20,1,Tuesday,21,2,0,0,10.8,7.4,Rainy,0,0,0,0,25,195.0,227.0,573.0,233.28571428571428,232.07142857142856,244.36666666666667,267.0,133,0.7818314824680298,0.6234898018587336,0.8660254037844387,-0.4999999999999998,140,0.6680638642135335,-0.7441039398713607,0.5680647467311558,-0.8229838658936564,0,Autumn,1,0,0,0,0,0,0,1,0,870,0,0,0,0,0,0,0,196.0,266.0,318.0,227.0,205.0,215.0,574.0,430.0,260.0,61.22091146005507,318.0,196.0,242.14285714285714,60.61745780281662,327.0,195.0,238.78571428571428,51.41561955345388,327.0,187.0,259.03333333333336,85.63695759277637,573.0,128.0,362.6333333333333,146.34472498547217,711.0,128.0,381.0,136.8541419898395,711.0,128.0,242.02327273000498,246.50279157948816,278.39297833319966,195.0,227.0,205.0,215.0,210.5,4.897839799950911
2025-05-21,2025,5,21,2,Wednesday,21,2,0,0,15.5,1.7,Cloudy,0,0,0,0,25,195.0,200.0,330.0,230.7142857142857,230.42857142857144,239.26666666666668,325.0,177,0.9749279121818236,-0.22252093395631434,0.8660254037844387,-0.4999999999999998,141,0.6551563572090853,-0.7554933140726803,0.5680647467311558,-0.8229838658936564,0,Autumn,1,0,0,0,1,1,0,0,0,871,0,0,0,0,0,0,0,133.0,196.0,266.0,200.0,254.0,200.0,635.0,431.0,198.33333333333334,66.53069467045445,266.0,133.0,233.28571428571428,72.09649618327389,327.0,133.0,232.07142857142858,58.69538611890987,327.0,133.0,244.36666666666667,65.26681753589806,438.0,128.0,355.28333333333336,146.6232450490051,711.0,128.0,377.7,139.21969139424917,711.0,128.0,214.76745454750375,231.3690860355564,269.01278618267065,195.0,200.0,254.0,200.0,212.25,5.181783550292085
2025-05-22,2025,5,22,3,Thursday,21,2,0,0,6.4,0.8,Cloudy,0,0,0,0,25,327.0,276.0,215.0,209.8571428571429,223.64285714285717,238.13333333333333,341.0,181,0.43388373911755823,-0.900968867902419,0.8660254037844387,-0.4999999999999998,142,0.6420547132365637,-0.766658819300159,0.5680647467311558,-0.8229838658936564,0,Autumn,1,0,0,0,1,1,0,0,0,872,0,0,0,0,0,0,0,177.0,133.0,196.0,276.0,234.0,261.0,509.0,599.0,168.66666666666666,32.31614663497547,196.0,133.0,230.71428571428572,73.985841631388,327.0,133.0,230.42857142857142,59.970139089526434,327.0,133.0,239.26666666666668,64.31545818012479,438.0,128.0,347.65,143.70707317789189,711.0,128.0,374.8777777777778,140.69377279350806,711.0,128.0,205.3255909106278,224.1198745641489,263.0764773966919,327.0,276.0,234.0,261.0,274.5,5.204006687076795
2025-05-23,2025,5,23,4,Friday,21,2,0,0,10.8,2.1,Cloudy,0,0,0,0,25,198.0,265.0,200.0,208.8571428571429,218.3571428571429,237.83333333333331,201.0,191,-0.433883739117558,-0.9009688679024191,0.8660254037844387,-0.4999999999999998,143,0.6287628145958344,-0.777597146973627,0.5680647467311558,-0.8229838658936564,0,Autumn,1,0,0,0,1,1,0,0,0,873,0,0,0,0,0,0,0,181.0,177.0,133.0,265.0,224.0,438.0,322.0,474.0,163.66666666666666,26.633312473915748,181.0,133.0,209.85714285714286,61.91238048357468,318.0,133.0,223.64285714285714,59.79144155743395,327.0,133.0,238.13333333333333,65.05315244996203,438.0,128.0,342.18333333333334,143.703849383667,711.0,128.0,370.23333333333335,140.11023348809942,711.0,128.0,199.24419318297083,218.3705579555957,257.78122079045374,198.0,265.0,224.0,438.0,281.25,5.2574953720277815
2025-05-24,2025,5,24,5,Saturday,21,2,0,0,12.6,0.1,Partly Cloudy,0,0,0,0,25,318.0,187.0,261.0,216.57142857142856,231.57142857142856,241.53333333333333,262.0,372,-0.9749279121818236,-0.2225209339563146,0.8660254037844387,-0.4999999999999998,144,0.6152845999633276,-0.7883050558305255,0.5680647467311558,-0.8229838658936564,1,Autumn,1,0,0,0,2,0,1,0,0,874,0,0,0,0,0,0,0,191.0,181.0,177.0,187.0,237.0,300.0,290.0,503.0,183.0,7.211102550921255,191.0,177.0,208.85714285714286,62.191715877676074,318.0,133.0,218.35714285714286,59.12126669671181,327.0,133.0,237.83333333333334,65.25551018262934,438.0,128.0,340.0,145.00496776995655,711.0,128.0,367.0888888888889,140.92851358959135,711.0,128.0,197.18314488722814,214.72115022818295,253.47275493300512,318.0,187.0,237.0,300.0,260.5,5.921578419643816
2025-05-25,2025,5,25,6,Sunday,21,2,0,0,13.3,4.6,Cloudy,0,0,1,0,25,266.0,300.0,438.0,226.57142857142856,234.14285714285717,238.13333333333333,470.0,336,-0.7818314824680299,0.6234898018587334,0.8660254037844387,-0.4999999999999998,145,0.6016240632249226,-0.7987793728863649,0.5680647467311558,-0.8229838658936564,1,Autumn,1,0,0,0,1,1,0,0,0,875,0,0,0,0,0,1,1,372.0,191.0,181.0,300.0,297.0,320.0,303.0,356.0,248.0,107.50348831549562,372.0,181.0,216.57142857142858,79.05031550191589,372.0,133.0,231.57142857142858,71.0457212328376,372.0,133.0,241.53333333333333,69.61556174291384,438.0,128.0,341.3666666666667,144.9121261102236,711.0,128.0,365.6333333333333,140.18354340897676,711.0,128.0,240.88735866542112,235.69166353109188,261.11967396958545,266.0,300.0,297.0,320.0,295.75,5.820082930352362
2025-05-26,2025,5,26,0,Monday,22,2,0,0,10.5,0.3,Sunny,0,0,0,0,25,196.0,193.0,300.0,238.28571428571428,240.2142857142857,237.4,323.0,278,0.0,1.0,0.8660254037844387,-0.4999999999999998,146,0.5877852522924732,-0.8090169943749473,0.46472317204376906,-0.8854560256532096,0,Autumn,1,0,0,0,3,0,0,0,1,876,0,0,0,0,0,0,0,336.0,372.0,191.0,193.0,212.0,128.0,478.0,244.0,299.6666666666667,95.81405603215656,372.0,191.0,226.57142857142858,90.01269751699357,372.0,133.0,234.14285714285714,74.2903422057976,372.0,133.0,238.13333333333333,61.73398624316352,372.0,128.0,341.9166666666667,144.8266399862869,711.0,128.0,365.4111111111111,140.21483471857,711.0,128.0,264.66551899906585,249.06610839361298,265.9506627457412,196.0,193.0,212.0,128.0,182.25,5.631211781821365
2025-05-27,2025,5,27,1,Tuesday,22,2,0,0,12.1,0.8,Cloudy,0,0,0,0,25,133.0,195.0,320.0,246.0,239.64285714285717,232.96666666666667,237.0,187,0.7818314824680298,0.6234898018587336,0.8660254037844387,-0.4999999999999998,147,0.5737722679043246,-0.8190148866680801,0.46472317204376906,-0.8854560256532096,0,Autumn,1,0,0,0,1,1,0,0,0,877,0,0,0,0,0,0,0,278.0,336.0,372.0,195.0,227.0,205.0,332.0,284.0,328.6666666666667,47.427137098218715,372.0,278.0,238.28571428571428,90.70412391527832,372.0,133.0,240.21428571428572,74.1424601399493,372.0,133.0,237.4,61.10115976098792,372.0,128.0,338.5833333333333,143.94034683273387,711.0,128.0,365.7888888888889,139.9295564705052,711.0,128.0,267.9991392492994,252.9239606077979,266.72803934279017,133.0,195.0,227.0,205.0,190.0,5.236441962829949
2025-05-28,2025,5,28,2,Wednesday,22,2,0,0,4.5,3.4,Cloudy,0,0,0,1,20,177.0,195.0,128.0,249.28571428571428,240.0,235.36666666666667,178.0,200,0.9749279121818236,-0.22252093395631434,0.8660254037844387,-0.4999999999999998,148,0.5595892624101765,-0.8287700871745038,0.46472317204376906,-0.8854560256532096,0,Autumn,1,0,0,0,1,1,0,0,0,878,0,0,0,0,0,0,1,187.0,278.0,336.0,195.0,200.0,254.0,621.0,330.0,267.0,75.10659092250094,336.0,187.0,246.0,82.15026881676489,372.0,177.0,239.64285714285714,74.54746257132935,372.0,133.0,232.96666666666667,59.71049889391944,372.0,128.0,336.1666666666667,145.26389389678542,711.0,128.0,364.7111111111111,140.93653400282318,711.0,128.0,247.74935443697456,244.13409919342487,261.5842948690618,177.0,195.0,200.0,254.0,206.5,5.303304908059076
2025-05-29,2025,5,29,3,Thursday,22,2,0,0,10.0,1.8,Cloudy,0,0,0,0,25,181.0,327.0,205.0,255.0,232.42857142857144,235.9,282.0,221,0.43388373911755823,-0.900968867902419,0.8660254037844387,-0.4999999999999998,149,0.545240438540651,-0.8382797052177744,0.46472317204376906,-0.8854560256532096,0,Autumn,1,0,0,0,1,1,0,0,0,879,0,0,0,0,0,0,0,200.0,187.0,278.0,327.0,276.0,234.0,486.0,442.0,221.66666666666666,49.21720566360136,278.0,187.0,249.28571428571428,79.34253648099589,372.0,181.0,240.0,74.32879139854762,372.0,133.0,235.36666666666667,56.71798555182746,372.0,133.0,329.15,141.38849292712413,711.0,128.0,363.26666666666665,141.95875330689995,711.0,128.0,235.81201582773093,238.24955263430155,257.6111145549288,181.0,327.0,276.0,234.0,254.5,5.402677381872279
2025-05-30,2025,5,30,4,Friday,22,2,0,0,13.4,1.0,Cloudy,0,0,1,0,25,191.0,198.0,254.0,260.57142857142856,234.7142857142857,235.1,110.0,230,-0.433883739117558,-0.9009688679024191,0.8660254037844387,-0.4999999999999998,150,0.5307300481619334,-0.8475409228928311,0.46472317204376906,-0.8854560256532096,0,Autumn,1,0,0,0,1,1,0,0,0,880,0,0,0,0,0,1,1,221.0,200.0,187.0,198.0,265.0,224.0,336.0,421.0,202.66666666666666,17.156145643274115,221.0,187.0,255.0,74.92218185112738,372.0,187.0,232.42857142857142,70.06119773862702,372.0,133.0,235.9,56.497390846070324,372.0,133.0,324.73333333333335,140.54227504009734,711.0,128.0,360.81111111111113,142.49193901461464,711.0,128.0,232.1090118707982,235.94961228306136,255.24910716428823,191.0,198.0,265.0,224.0,219.5,5.442417710521793
2025-05-31,2025,5,31,5,Saturday,22,2,0,0,9.1,1.3,Cloudy,0,0,0,0,25,372.0,318.0,234.0,242.57142857142856,229.57142857142856,235.5,222.0,246,-0.9749279121818236,-0.2225209339563146,0.8660254037844387,-0.4999999999999998,151,0.5160623910158528,-0.8565509959010036,0.46472317204376906,-0.8854560256532096,1,Autumn,1,0,0,0,1,1,0,0,0,881,0,0,0,0,0,0,0,230.0,221.0,200.0,318.0,187.0,237.0,453.0,379.0,217.0,15.394804318337412,230.0,200.0,260.57142857142856,70.7009126363947,372.0,187.0,234.71428571428572,69.37016491417148,372.0,133.0,235.1,56.40209705076554,372.0,133.0,322.96666666666664,141.06351095975822,711.0,128.0,358.68888888888887,143.00684704629418,711.0,128.0,231.58175890309866,235.15633064531983,253.62013250852772,372.0,318.0,187.0,237.0,278.5,5.5093883366279774
2025-06-01,2025,6,1,6,Sunday,22,2,0,0,10.2,3.9,Cloudy,1,0,0,0,25,336.0,266.0,224.0,236.0,231.28571428571428,237.7,318.0,290,-0.7818314824680299,0.6234898018587334,0.49999999999999994,-0.8660254037844387,152,0.5012418134457758,-0.865307254363206,0.46472317204376906,-0.8854560256532096,1,Winter,0,0,0,1,1,1,0,0,0,882,0,0,1,0,0,1,1,246.0,230.0,221.0,266.0,300.0,297.0,503.0,332.0,232.33333333333334,12.662279942144442,246.0,221.0,242.57142857142858,50.85881484678064,336.0,187.0,229.57142857142858,65.26833875590528,372.0,133.0,235.5,56.436567993601365,372.0,133.0,319.51666666666665,140.35892146977417,711.0,128.0,357.2111111111111,143.48100093031437,711.0,128.0,235.18631917732398,236.60215322594388,253.12851105636466,336.0,266.0,300.0,297.0,299.75,5.673323267171493
2025-06-02,2025,6,2,0,Monday,23,2,0,0,11.3,0.8,Cloudy,1,0,0,0,25,278.0,196.0,237.0,226.0,232.14285714285717,236.7333333333333,268.0,208,0.0,1.0,0.49999999999999994,-0.8660254037844387,153,0.48627270710869,-0.8738071036110808,0.35460488704253584,-0.9350162426854147,0,Winter,0,0,0,1,1,1,0,0,0,883,0,0,0,0,0,1,1,290.0,246.0,230.0,196.0,193.0,212.0,409.0,370.0,255.33333333333334,31.069813860614502,290.0,230.0,236.0,38.16193566020204,290.0,187.0,231.28571428571428,66.60033329949603,372.0,133.0,237.7,57.253308893986066,372.0,133.0,315.96666666666664,138.31834647562647,711.0,128.0,356.74444444444447,143.6321425883468,711.0,128.0,248.88973938299299,243.72186612915135,255.50731679466372,278.0,196.0,193.0,212.0,219.75,5.342334251964811
2025-06-03,2025,6,3,1,Tuesday,23,2,0,0,9.0,4.1,Cloudy,1,0,0,0,25,187.0,133.0,297.0,219.14285714285717,232.57142857142856,231.46666666666667,215.0,139,0.7818314824680298,0.6234898018587336,0.49999999999999994,-0.8660254037844387,154,0.4711595076738638,-0.8820480249558537,0.35460488704253584,-0.9350162426854147,0,Winter,0,0,0,1,1,1,0,0,0,884,0,0,0,0,0,1,1,208.0,290.0,246.0,133.0,195.0,227.0,437.0,508.0,248.0,41.036569057365156,290.0,208.0,226.0,34.29771615331551,290.0,187.0,232.14285714285714,66.18721366507899,372.0,133.0,236.73333333333332,57.50977927834114,372.0,133.0,312.6166666666667,138.4609216933003,711.0,128.0,354.94444444444446,144.47676700682328,711.0,128.0,238.66730453724475,238.9589506452645,252.44232861436285,187.0,133.0,195.0,227.0,185.5,4.941642422609304
2025-06-04,2025,6,4,2,Wednesday,23,2,0,0,10.5,0.2,Partly Cloudy,1,0,1,0,25,200.0,177.0,212.0,238.57142857142856,243.92857142857144,235.6,127.0,336,0.9749279121818236,-0.22252093395631434,0.49999999999999994,-0.8660254037844387,155,0.4559066935084588,-0.8900275764346767,0.35460488704253584,-0.9350162426854147,0,Winter,0,0,0,1,2,0,1,0,0,885,0,0,0,0,1,1,2,139.0,208.0,290.0,177.0,195.0,200.0,382.0,259.0,212.33333333333334,75.59320957158278,290.0,139.0,219.14285714285714,46.14624784829484,290.0,139.0,232.57142857142858,65.51184776665794,372.0,139.0,231.46666666666667,59.01533017277912,372.0,133.0,307.65,139.26597221485653,711.0,128.0,350.84444444444443,145.31785472326897,711.0,128.0,213.75047840293357,225.63109055922925,245.12346870375882,200.0,177.0,195.0,200.0,193.0,5.820082930352362
2025-06-05,2025,6,5,3,Thursday,23,2,0,0,7.1,3.0,Cloudy,1,0,1,0,25,221.0,181.0,227.0,237.42857142857144,246.2142857142857,235.13333333333333,169.0,213,0.43388373911755823,-0.900968867902419,0.49999999999999994,-0.8660254037844387,156,0.440518784350495,-0.8977433935342337,0.35460488704253584,-0.9350162426854147,0,Winter,0,0,0,1,1,1,0,0,0,886,0,0,0,0,1,1,2,336.0,139.0,208.0,181.0,327.0,276.0,550.0,396.0,227.66666666666666,99.96165931662617,336.0,139.0,238.57142857142858,62.481616343949106,336.0,139.0,243.92857142857142,68.83476792090502,372.0,139.0,235.6,61.87785521102908,372.0,133.0,306.8833333333333,138.97604862132005,711.0,128.0,351.7,144.99736146378837,711.0,128.0,244.31285880220017,240.34694515133202,250.98647072287116,221.0,181.0,327.0,276.0,251.25,5.365976015021851
2025-06-06,2025,6,6,4,Friday,23,2,0,0,9.4,3.8,Cloudy,1,0,0,0,25,230.0,191.0,200.0,240.28571428571428,250.42857142857144,236.8,205.0,250,-0.433883739117558,-0.9009688679024191,0.49999999999999994,-0.8660254037844387,157,0.42500033996955416,-0.9051931898913974,0.35460488704253584,-0.9350162426854147,0,Winter,0,0,0,1,1,1,0,0,0,887,0,0,0,0,0,1,1,213.0,336.0,139.0,191.0,198.0,265.0,313.0,588.0,229.33333333333334,99.51046846102793,336.0,139.0,237.42857142857142,62.92815253090185,336.0,139.0,246.21428571428572,67.09371009316386,372.0,139.0,235.13333333333333,61.99762694753948,372.0,133.0,301.26666666666665,135.7566200485475,711.0,128.0,349.6666666666667,145.6508060512217,711.0,128.0,236.48464410165013,236.7006857978211,248.53573067623432,230.0,191.0,198.0,265.0,221.0,5.5254529391317835
2025-06-07,2025,6,7,5,Saturday,23,2,0,0,11.8,0.4,Partly Cloudy,1,0,0,0,25,246.0,372.0,276.0,265.0,253.78571428571428,241.56666666666663,330.0,419,-0.9749279121818236,-0.2225209339563146,0.49999999999999994,-0.8660254037844387,158,0.4093559588156213,-0.9123747579707273,0.35460488704253584,-0.9350162426854147,1,Winter,0,0,0,1,2,0,1,0,0,888,0,0,1,0,0,1,1,250.0,213.0,336.0,372.0,318.0,187.0,430.0,578.0,266.3333333333333,63.105731382602904,336.0,213.0,240.28571428571428,62.988661111119804,336.0,139.0,250.42857142857142,65.18460682578792,372.0,139.0,236.8,61.691892945282945,372.0,133.0,300.21666666666664,135.9078815223276,711.0,128.0,345.9111111111111,143.7820326357356,711.0,128.0,239.8634830762376,238.47392769144497,248.63019966486436,246.0,372.0,318.0,187.0,280.75,6.040254711277414
2025-06-08,2025,6,8,6,Sunday,23,2,0,0,10.5,1.1,Cloudy,1,0,0,0,25,290.0,336.0,265.0,262.57142857142856,249.28571428571428,241.83333333333331,324.0,273,-0.7818314824680299,0.6234898018587334,0.49999999999999994,-0.8660254037844387,159,0.39359027665646673,-0.9192859697186104,0.35460488704253584,-0.9350162426854147,1,Winter,0,0,0,1,1,1,0,0,0,889,0,0,1,0,0,1,1,419.0,250.0,213.0,336.0,266.0,300.0,534.0,531.0,294.0,109.82258419833282,419.0,213.0,265.0,92.58869621431515,419.0,139.0,253.78571428571428,72.70401382573881,419.0,139.0,241.56666666666666,69.81487013490653,419.0,133.0,300.03333333333336,135.7371546086147,711.0,128.0,344.14444444444445,141.86229761865116,711.0,128.0,284.6476123071782,262.544070665919,259.62179968648604,290.0,336.0,266.0,300.0,298.0,5.6131281063880705
2025-06-09,2025,6,9,0,Monday,24,2,1,0,8.2,0.4,Sunny,1,0,0,0,25,208.0,278.0,187.0,279.42857142857144,252.7142857142857,246.46666666666667,302.0,326,0.0,1.0,0.49999999999999994,-0.8660254037844387,160,0.3777079652039649,-0.9259247771938498,0.23931566428755768,-0.970941817426052,0,Winter,0,0,0,1,3,0,0,0,1,890,0,0,0,0,0,1,2,273.0,419.0,250.0,278.0,196.0,193.0,411.0,218.0,314.0,91.65696918401731,419.0,250.0,262.57142857142856,92.04502004066154,419.0,139.0,249.28571428571428,69.08348190795728,419.0,139.0,241.83333333333334,69.92265842285589,419.0,133.0,295.68333333333334,132.24944223606937,711.0,128.0,341.27777777777777,140.64554441412417,711.0,128.0,281.73570923038363,263.93819457712976,260.4849093841321,208.0,278.0,196.0,193.0,218.75,5.7899601708972535
2025-06-10,2025,6,10,1,Tuesday,24,2,0,0,10.7,2.5,Cloudy,1,0,0,0,25,139.0,187.0,300.0,300.57142857142856,259.85714285714283,246.03333333333333,424.0,287,0.7818314824680298,0.6234898018587336,0.49999999999999994,-0.8660254037844387,161,0.36171373072976765,-0.9322892131745133,0.23931566428755768,-0.970941817426052,0,Winter,0,0,0,1,1,1,0,0,0,891,0,0,0,0,0,1,1,326.0,273.0,419.0,187.0,133.0,195.0,535.0,324.0,339.3333333333333,73.90759997005202,419.0,273.0,279.42857142857144,91.18636071777651,419.0,139.0,252.71428571428572,71.75752822625964,419.0,139.0,246.46666666666667,70.76417042608354,419.0,133.0,294.26666666666665,131.4460470186768,711.0,128.0,342.47777777777776,140.04134443909564,711.0,128.0,292.8017819227877,272.2131019668458,264.71168942386555,139.0,187.0,133.0,195.0,163.5,5.662960480135946
2025-06-11,2025,6,11,2,Wednesday,24,2,0,0,12.1,1.5,Cloudy,1,0,0,0,25,336.0,200.0,193.0,291.85714285714283,265.2142857142857,248.76666666666668,164.0,275,0.9749279121818236,-0.22252093395631434,0.49999999999999994,-0.8660254037844387,162,0.3456123126707335,-0.9383773917408641,0.23931566428755768,-0.970941817426052,0,Winter,0,0,0,1,1,1,0,0,0,892,0,0,0,0,0,1,1,287.0,326.0,273.0,200.0,177.0,195.0,539.0,332.0,295.3333333333333,27.4651294068175,326.0,273.0,300.57142857142856,67.20331624470472,419.0,213.0,259.85714285714283,69.65945420715815,419.0,139.0,246.03333333333333,70.46421607543986,419.0,133.0,290.1333333333333,127.59050847577723,711.0,128.0,342.06666666666666,140.1504648903762,711.0,128.0,291.35133644209077,274.18468837126636,266.14964494490647,336.0,200.0,177.0,195.0,227.0,5.62040086571715
2025-06-12,2025,6,12,3,Thursday,24,2,0,0,3.9,2.0,Cloudy,1,0,0,0,25,213.0,221.0,195.0,290.2857142857143,263.85714285714283,249.0,213.0,202,0.43388373911755823,-0.900968867902419,0.49999999999999994,-0.8660254037844387,163,0.3294084822245304,-0.9441875088341993,0.23931566428755768,-0.970941817426052,0,Winter,0,0,0,1,1,1,0,0,0,893,0,0,0,0,0,1,1,275.0,287.0,326.0,221.0,181.0,327.0,608.0,350.0,296.0,26.664583251944862,326.0,275.0,291.85714285714283,65.78355562354673,419.0,213.0,265.2142857142857,67.55417036768007,419.0,139.0,248.76666666666668,69.92443376089257,419.0,133.0,285.73333333333335,123.34420168940053,711.0,128.0,341.43333333333334,140.32514810614327,711.0,128.0,287.2635023315681,274.2933965884309,266.7206355936222,213.0,221.0,181.0,327.0,235.5,5.313205979041787
2025-06-13,2025,6,13,4,Friday,24,2,0,0,13.5,0.4,Sunny,1,0,0,1,20,250.0,230.0,195.0,312.2857142857143,276.2857142857143,255.96666666666667,205.0,404,-0.433883739117558,-0.9009688679024191,0.49999999999999994,-0.8660254037844387,164,0.3131070409358269,-0.9497178427914316,0.23931566428755768,-0.970941817426052,0,Winter,0,0,0,1,3,0,0,0,1,894,0,0,0,0,0,1,2,202.0,275.0,287.0,230.0,191.0,198.0,356.0,642.0,254.66666666666666,46.00362304572577,287.0,202.0,290.2857142857143,68.07279017276167,419.0,202.0,263.85714285714283,68.69201850719641,419.0,139.0,249.0,69.7502935354089,419.0,133.0,278.96666666666664,116.30045348246078,711.0,128.0,339.7888888888889,141.08874364392443,711.0,128.0,265.94762674867604,264.65427704330676,262.5451107166143,250.0,230.0,191.0,198.0,217.25,6.003887067106539
2025-06-14,2025,6,14,5,Saturday,24,2,0,0,9.0,0.5,Cloudy,1,0,0,0,25,419.0,246.0,327.0,290.1428571428572,277.57142857142856,253.86666666666667,265.0,264,-0.9749279121818236,-0.2225209339563146,0.49999999999999994,-0.8660254037844387,165,0.29671281927349075,-0.9549667548552551,0.23931566428755768,-0.970941817426052,1,Winter,0,0,0,1,1,1,0,0,0,895,0,0,1,0,0,1,1,404.0,202.0,275.0,246.0,372.0,318.0,547.0,483.0,293.6666666666667,102.28554801795428,404.0,202.0,312.2857142857143,77.16154976349843,419.0,202.0,276.2857142857143,77.29705793130026,419.0,139.0,255.96666666666667,74.44992917406191,419.0,133.0,279.76666666666665,117.00229849497565,711.0,128.0,337.14444444444445,137.5466875679805,711.0,128.0,300.460720061507,283.23370677086587,271.67123260586504,419.0,246.0,372.0,318.0,338.75,5.579729825986222
2025-06-15,2025,6,15,6,Sunday,24,2,0,0,11.3,0.1,Partly Cloudy,1,0,0,0,25,273.0,290.0,198.0,304.85714285714283,283.7142857142857,259.8,369.0,376,-0.7818314824680299,0.6234898018587334,0.49999999999999994,-0.8660254037844387,166,0.2802306751992159,-0.9599326896597447,0.23931566428755768,-0.970941817426052,1,Winter,0,0,0,1,2,0,1,0,0,896,0,0,1,0,0,1,1,264.0,404.0,202.0,290.0,336.0,266.0,381.0,461.0,290.0,103.47946656221174,404.0,202.0,290.14285714285717,62.229222962176436,404.0,202.0,277.57142857142856,76.90325019210512,419.0,139.0,253.86666666666667,73.25615583564249,419.0,133.0,275.05,111.62762324436758,711.0,128.0,334.7111111111111,136.87287995952403,711.0,128.0,291.3455400461303,280.66921253475044,271.1763143732286,273.0,290.0,336.0,266.0,291.25,5.932245187448011
2025-06-16,2025,6,16,0,Monday,25,2,0,0,13.6,0.8,Cloudy,1,0,0,0,25,326.0,208.0,318.0,288.7142857142857,284.07142857142856,256.3,389.0,213,0.0,1.0,0.49999999999999994,-0.8660254037844387,167,0.26366549272800704,-0.9646141756912435,0.12053668025532308,-0.992708874098054,0,Winter,0,0,0,1,1,1,0,0,0,897,0,0,0,0,0,1,1,376.0,264.0,404.0,208.0,278.0,196.0,333.0,445.0,348.0,74.08103670980783,404.0,264.0,304.85714285714283,69.27825192999799,404.0,202.0,283.7142857142857,81.28244069191574,419.0,139.0,259.8,75.74157515457675,419.0,133.0,274.96666666666664,111.54902648940734,711.0,128.0,333.76666666666665,136.2836640197624,711.0,128.0,312.5091550345977,293.3799841967837,277.93913280076225,326.0,208.0,278.0,196.0,252.0,5.365976015021851
2025-06-17,2025,6,17,1,Tuesday,25,2,0,0,5.9,1.6,Cloudy,1,0,0,0,25,287.0,139.0,266.0,267.85714285714283,284.2142857142857,252.13333333333333,363.0,141,0.7818314824680298,0.6234898018587336,0.49999999999999994,-0.8660254037844387,168,0.24702218048093552,-0.9690098257244062,0.12053668025532308,-0.992708874098054,0,Winter,0,0,0,1,1,1,0,0,0,898,0,0,0,0,0,1,1,213.0,376.0,264.0,139.0,187.0,133.0,669.0,476.0,284.3333333333333,83.3806532316294,376.0,213.0,288.7142857142857,76.3363484536572,404.0,202.0,284.07142857142856,80.93441246391275,419.0,139.0,256.3,75.38460009202363,419.0,133.0,272.96666666666664,111.5666505463184,711.0,128.0,331.18888888888887,136.35016836983255,711.0,128.0,287.63186627594825,282.6626529705459,273.74951132974536,287.0,139.0,187.0,133.0,186.5,4.955827057601261
2025-06-18,2025,6,18,2,Wednesday,25,2,0,0,7.9,3.9,Cloudy,1,0,0,0,25,275.0,336.0,196.0,251.8571428571429,271.85714285714283,251.03333333333333,205.0,163,0.9749279121818236,-0.22252093395631434,0.49999999999999994,-0.8660254037844387,169,0.23030567023061221,-0.9731183372332619,0.12053668025532308,-0.992708874098054,0,Winter,0,0,0,1,1,1,0,0,0,899,0,0,0,0,0,1,1,141.0,213.0,376.0,336.0,200.0,177.0,711.0,346.0,243.33333333333334,120.40071982066067,376.0,141.0,267.85714285714283,94.63513894854066,404.0,141.0,284.2142857142857,80.65994961892245,419.0,141.0,252.13333333333333,78.2307521037123,419.0,133.0,264.1666666666667,100.02595708312673,711.0,128.0,327.46666666666664,136.92392704619814,711.0,128.0,250.9738997069612,263.7742992411398,265.18502672782637,275.0,336.0,200.0,177.0,247.0,5.099866427824199
2025-06-19,2025,6,19,3,Thursday,25,2,0,0,9.1,2.2,Cloudy,1,0,0,0,25,202.0,213.0,133.0,252.0,271.1428571428572,253.36666666666667,275.0,203,0.43388373911755823,-0.900968867902419,0.49999999999999994,-0.8660254037844387,170,0.21352091543979612,-0.9769384927771817,0.12053668025532308,-0.992708874098054,0,Winter,0,0,0,1,1,1,0,0,0,900,0,0,0,0,0,1,1,163.0,141.0,213.0,213.0,221.0,181.0,573.0,574.0,172.33333333333334,36.896250938723185,213.0,141.0,251.85714285714286,102.37745287485389,404.0,141.0,271.85714285714283,85.23799905861296,419.0,141.0,251.03333333333333,79.27232996986034,419.0,133.0,255.03333333333333,81.91313436757828,573.0,128.0,325.43333333333334,138.00016691082482,711.0,128.0,228.9804247802209,250.33772600898783,258.5924443582892,202.0,213.0,221.0,181.0,204.25,5.318119993844216
2025-06-20,2025,6,20,4,Friday,25,2,0,0,7.6,1.1,Cloudy,1,0,1,1,20,404.0,250.0,177.0,231.7142857142857,272.0,256.2,225.0,262,-0.433883739117558,-0.9009688679024191,0.49999999999999994,-0.8660254037844387,171,0.19667288979357647,-0.980469160361632,0.12053668025532308,-0.992708874098054,0,Winter,0,0,0,1,1,1,0,0,0,901,0,0,0,0,1,1,3,203.0,163.0,141.0,250.0,230.0,191.0,330.0,635.0,169.0,31.43246729100181,203.0,141.0,252.0,102.29695335965162,404.0,141.0,271.14285714285717,85.80914165290554,419.0,141.0,253.36666666666667,76.66563467571197,419.0,139.0,248.86666666666667,70.73451598344657,438.0,128.0,321.31111111111113,136.01864086099627,711.0,128.0,222.48531858516566,244.02602920778946,255.00583504485118,404.0,250.0,230.0,191.0,268.75,5.572154032177765
2025-06-21,2025,6,21,5,Saturday,25,2,0,0,15.2,6.1,Rainy,1,0,0,0,25,264.0,419.0,181.0,229.14285714285717,259.6428571428572,258.3666666666667,339.0,246,-0.9749279121818236,-0.2225209339563146,0.49999999999999994,-0.8660254037844387,172,0.1797665857255624,-0.9837092937736097,0.12053668025532308,-0.992708874098054,1,Winter,0,0,0,1,0,0,0,1,0,902,0,0,1,0,0,1,1,262.0,203.0,163.0,419.0,246.0,372.0,215.0,509.0,209.33333333333334,49.80294502670732,262.0,163.0,231.71428571428572,78.42557891766882,376.0,141.0,272.0,85.64147090318544,419.0,141.0,256.2,75.30462274586067,419.0,139.0,247.73333333333332,69.95297855731073,438.0,128.0,317.1666666666667,131.9757596060552,711.0,128.0,232.36398893887423,246.42255864675087,255.45707149357048,264.0,419.0,246.0,372.0,325.25,5.5093883366279774
2025-06-22,2025,6,22,6,Sunday,25,2,0,0,7.4,2.5,Cloudy,1,0,0,0,25,376.0,273.0,191.0,209.7142857142857,257.2857142857143,260.0,348.0,240,-0.7818314824680299,0.6234898018587334,0.49999999999999994,-0.8660254037844387,173,0.16280701293851715,-0.986657932891657,0.12053668025532308,-0.992708874098054,1,Winter,0,0,0,1,1,1,0,0,0,903,0,0,1,0,0,1,1,246.0,262.0,203.0,273.0,290.0,336.0,200.0,322.0,237.0,30.512292604783042,262.0,203.0,229.14285714285714,77.47995132382911,376.0,141.0,259.64285714285717,74.56397061775424,404.0,141.0,258.3666666666667,73.98997291494211,419.0,139.0,248.25,69.82147331296618,438.0,128.0,314.24444444444447,130.58479625795874,711.0,128.0,235.7729917041557,246.36621749385074,254.846937848824,376.0,273.0,290.0,336.0,318.75,5.484796933490655
2025-06-23,2025,6,23,0,Monday,26,2,0,0,8.3,5.3,Rainy,1,0,0,0,25,213.0,326.0,372.0,198.14285714285717,243.42857142857144,252.0,332.0,132,0.0,1.0,0.49999999999999994,-0.8660254037844387,174,0.1457991969198751,-0.9893142039703663,-3.216245299353273e-16,-1.0,0,Winter,0,0,0,1,0,0,0,1,0,904,0,0,0,0,0,1,1,240.0,246.0,262.0,326.0,208.0,278.0,261.0,290.0,249.33333333333334,11.372481406150168,262.0,240.0,209.71428571428572,44.58592560332052,262.0,141.0,257.2857142857143,74.63081295120561,404.0,141.0,260.0,72.98559139805599,419.0,139.0,248.91666666666666,69.54337548211444,438.0,128.0,313.3333333333333,130.8159355306677,711.0,128.0,236.82974377811678,245.51738849467066,253.8890708908354,213.0,326.0,208.0,278.0,256.25,4.890349128221754
2025-06-24,2025,6,24,1,Tuesday,26,2,0,1,10.6,1.5,Cloudy,1,0,0,0,25,141.0,287.0,336.0,223.0,245.42857142857144,251.3,337.0,315,0.7818314824680298,0.6234898018587336,0.49999999999999994,-0.8660254037844387,175,0.12874817745258132,-0.99167731989929,-3.216245299353273e-16,-1.0,0,Winter,0,0,0,1,1,1,0,0,0,905,0,0,0,0,0,1,2,132.0,240.0,246.0,287.0,139.0,187.0,438.0,303.0,206.0,64.15605972938097,246.0,132.0,198.14285714285714,53.258578562296044,262.0,132.0,243.42857142857142,78.78570183216235,404.0,132.0,252.0,73.43775220059301,419.0,132.0,246.76666666666668,71.13924437605102,438.0,128.0,311.5777777777778,132.18560136599277,711.0,128.0,210.62230783358757,230.38173669538125,246.02525986562023,141.0,287.0,139.0,187.0,188.5,5.755742213586912
2025-06-25,2025,6,25,2,Wednesday,26,2,0,1,6.4,0.6,Cloudy,1,0,1,0,25,163.0,275.0,278.0,242.28571428571428,247.07142857142856,251.96666666666667,264.0,298,0.9749279121818236,-0.22252093395631434,0.49999999999999994,-0.8660254037844387,176,0.11165900712169512,-0.993746580436178,-3.216245299353273e-16,-1.0,0,Winter,0,0,0,1,1,1,0,0,0,906,0,0,0,0,1,1,3,315.0,132.0,240.0,275.0,336.0,200.0,300.0,478.0,229.0,91.99456505685484,315.0,132.0,223.0,62.026875895319804,315.0,132.0,245.42857142857142,80.31736500208844,404.0,132.0,251.3,72.70590262050193,419.0,132.0,244.71666666666667,67.19818693747357,419.0,128.0,311.7111111111111,132.18290396218006,711.0,128.0,236.71673087519068,241.66417180266376,250.47524310009635,163.0,275.0,336.0,200.0,243.5,5.700443573390686
2025-06-26,2025,6,26,3,Thursday,26,2,0,1,8.8,0.1,Partly Cloudy,1,0,0,0,25,203.0,202.0,187.0,254.8571428571429,253.42857142857144,255.4333333333333,294.0,291,0.43388373911755823,-0.900968867902419,0.49999999999999994,-0.8660254037844387,177,0.09453674981719912,-0.9955213724144752,-3.216245299353273e-16,-1.0,0,Winter,0,0,0,1,2,0,1,0,0,907,0,0,0,0,0,1,2,298.0,315.0,132.0,202.0,213.0,221.0,320.0,332.0,248.33333333333334,101.10555540292151,315.0,132.0,242.28571428571428,61.24463047406552,315.0,132.0,247.07142857142858,81.19915145986306,404.0,132.0,251.96666666666667,73.05004582751567,419.0,132.0,244.68333333333334,67.17078957219007,419.0,128.0,309.7111111111111,130.99500328788028,711.0,128.0,252.037548156393,249.17561556230862,253.54135644847725,203.0,202.0,213.0,221.0,209.75,5.676753802268282
2025-06-27,2025,6,27,4,Friday,26,2,0,1,11.0,2.6,Cloudy,1,0,1,0,25,262.0,404.0,200.0,278.57142857142856,255.14285714285717,263.03333333333336,346.0,428,-0.433883739117558,-0.9009688679024191,0.49999999999999994,-0.8660254037844387,178,0.07738647923346301,-0.9970011699250151,-3.216245299353273e-16,-1.0,0,Winter,0,0,0,1,1,1,0,0,0,908,0,0,0,0,1,1,3,291.0,298.0,315.0,404.0,250.0,230.0,128.0,621.0,301.3333333333333,12.342339054378206,315.0,291.0,254.85714285714286,60.86714650621958,315.0,132.0,253.42857142857142,80.88235928776828,404.0,132.0,255.43333333333334,72.32478629518046,419.0,132.0,244.2,66.72249639682073,419.0,128.0,309.25555555555553,130.98791102219056,711.0,128.0,261.77816111729476,254.75220015400083,255.95804312922067,262.0,404.0,250.0,230.0,286.5,6.061456918928017
2025-06-28,2025,6,28,5,Saturday,26,2,0,1,9.0,0.3,Sunny,1,0,0,0,25,246.0,264.0,221.0,314.42857142857144,271.7857142857143,272.2333333333333,320.0,497,-0.9749279121818236,-0.2225209339563146,0.49999999999999994,-0.8660254037844387,179,0.06021327736579302,-0.9981855344718586,-3.216245299353273e-16,-1.0,1,Winter,0,0,0,1,3,0,0,0,1,909,0,1,1,1,0,1,2,428.0,291.0,298.0,264.0,419.0,246.0,205.0,486.0,339.0,77.15568676384066,428.0,291.0,278.57142857142856,89.6471920788327,428.0,132.0,255.14285714285714,84.492928373057,428.0,132.0,263.03333333333336,78.05147873892706,428.0,132.0,249.2,69.06660995133262,428.0,132.0,307.1111111111111,127.35639142561146,711.0,128.0,303.33362083797107,277.8519068001341,267.05752421765806,246.0,264.0,419.0,246.0,293.75,6.210600077024653
2025-06-29,2025,6,29,6,Sunday,26,2,0,1,9.7,0.7,Cloudy,1,0,0,0,25,240.0,376.0,230.0,340.1428571428572,274.92857142857144,278.56666666666666,363.0,420,-0.7818314824680299,0.6234898018587334,0.49999999999999994,-0.8660254037844387,180,0.04302223300453059,-0.99907411510223,-3.216245299353273e-16,-1.0,1,Winter,0,0,0,1,1,1,0,0,0,910,0,1,1,0,0,1,2,497.0,428.0,291.0,376.0,273.0,290.0,254.0,336.0,405.3333333333333,104.85386656358091,497.0,291.0,314.42857142857144,119.63117924529179,497.0,132.0,271.7857142857143,106.46283466466025,497.0,132.0,272.23333333333335,88.49378833970495,497.0,132.0,254.06666666666666,75.85353117746348,497.0,132.0,307.23333333333335,127.53515047523692,711.0,128.0,351.7502156284783,307.0716525601162,281.8925226552285,240.0,376.0,273.0,290.0,294.75,6.042632833682381
2025-06-30,2025,6,30,0,Monday,27,2,0,1,8.4,1.5,Cloudy,1,0,0,0,25,132.0,213.0,246.0,356.0,277.07142857142856,278.46666666666664,743.0,243,0.0,1.0,0.49999999999999994,-0.8660254037844387,181,0.02581844022713308,-0.9996666485105112,-0.12053668025532283,-0.992708874098054,0,Winter,0,0,0,1,1,1,0,0,0,911,0,0,0,0,0,1,2,420.0,497.0,428.0,213.0,326.0,208.0,234.0,453.0,448.3333333333333,42.33595792388819,497.0,420.0,340.14285714285717,120.30991725737444,497.0,132.0,274.92857142857144,110.35429954728113,497.0,132.0,278.56666666666666,92.09278804116673,497.0,132.0,256.8333333333333,78.82036359668835,497.0,132.0,308.1666666666667,128.0543467842339,711.0,128.0,368.8126617213587,322.12876555210073,290.8026824839235,132.0,213.0,326.0,208.0,219.75,5.497168225293202
2025-07-01,2025,7,1,1,Tuesday,27,3,0,1,5.0,1.7,Cloudy,1,0,0,0,25,315.0,141.0,290.0,375.1428571428572,299.07142857142856,283.76666666666665,259.0,449,0.7818314824680298,0.6234898018587336,1.2246467991473532e-16,-1.0,182,0.008606996888688698,-0.9999629591162655,-0.12053668025532283,-0.992708874098054,0,Winter,0,0,0,1,1,1,0,0,0,912,0,0,0,0,0,1,2,243.0,420.0,497.0,141.0,287.0,139.0,224.0,503.0,386.6666666666667,130.2395229311488,497.0,243.0,356.0,92.37604307034064,497.0,243.0,277.07142857142856,109.34593255824652,497.0,132.0,278.46666666666664,92.13099120399033,497.0,132.0,256.98333333333335,78.78472958523902,497.0,132.0,305.8333333333333,127.29663225816076,711.0,128.0,337.359496291019,311.5782634784873,287.71863845270263,315.0,141.0,287.0,139.0,220.5,6.1092475827643655
2025-07-02,2025,7,2,2,Wednesday,27,3,0,1,10.5,1.8,Cloudy,1,0,0,0,25,298.0,163.0,208.0,366.1428571428572,304.2142857142857,284.6666666666667,264.0,235,0.9749279121818236,-0.22252093395631434,1.2246467991473532e-16,-1.0,183,-0.008606996888688009,-0.9999629591162655,-0.12053668025532283,-0.992708874098054,0,Winter,0,0,0,1,1,1,0,0,0,913,0,0,0,0,0,1,2,449.0,243.0,420.0,163.0,275.0,336.0,237.0,409.0,370.6666666666667,111.50934191059166,449.0,243.0,375.14285714285717,96.26600052533063,497.0,243.0,299.07142857142856,110.83700040753682,497.0,132.0,283.76666666666665,97.24859127898455,497.0,132.0,260.73333333333335,82.457357580807,497.0,132.0,305.23333333333335,126.48151705803942,711.0,128.0,365.26962221826426,329.9011616813557,298.1238875847863,298.0,163.0,275.0,336.0,268.0,5.4638318050256105
2025-07-03,2025,7,3,3,Thursday,27,3,0,1,14.8,0.4,Sunny,1,0,0,0,25,291.0,203.0,139.0,374.2857142857143,314.57142857142856,291.6333333333333,367.0,348,0.43388373911755823,-0.900968867902419,1.2246467991473532e-16,-1.0,184,-0.02581844022713239,-0.9996666485105112,-0.12053668025532283,-0.992708874098054,0,Winter,0,0,0,1,3,0,0,0,1,914,0,0,0,0,0,1,2,235.0,449.0,243.0,203.0,202.0,213.0,297.0,437.0,309.0,121.3095214729656,449.0,235.0,366.14285714285717,107.02402934454932,497.0,235.0,304.2142857142857,105.58349125868727,497.0,132.0,284.6666666666667,96.64629194711145,497.0,132.0,260.7,82.46751800208224,497.0,132.0,303.3,126.20711085933478,711.0,128.0,332.7022166636982,317.2476734571749,294.0513787083485,291.0,203.0,202.0,213.0,227.25,5.855071922202427
2025-07-04,2025,7,4,4,Friday,27,3,0,1,9.6,1.0,Cloudy,1,0,0,0,25,428.0,262.0,336.0,356.0,317.2857142857143,290.43333333333334,359.0,300,-0.433883739117558,-0.9009688679024191,1.2246467991473532e-16,-1.0,185,-0.04302223300453034,-0.99907411510223,-0.12053668025532283,-0.992708874098054,0,Winter,0,0,0,1,1,1,0,0,0,915,0,0,0,0,0,1,2,348.0,235.0,449.0,262.0,404.0,250.0,212.0,382.0,344.0,107.05606008068811,449.0,235.0,374.2857142857143,102.4234906091934,497.0,235.0,314.57142857142856,101.94018931609789,497.0,132.0,291.6333333333333,93.25733153515245,497.0,132.0,261.55,83.10834770122162,497.0,132.0,302.31111111111113,125.49440602103158,711.0,128.0,336.52666249777366,321.34798366288493,297.5319349207131,428.0,262.0,404.0,250.0,336.0,5.707110264748875
2025-07-05,2025,7,5,5,Saturday,27,3,0,1,10.2,1.9,Cloudy,1,0,1,0,25,497.0,246.0,213.0,363.0,338.7142857142857,301.53333333333336,268.0,546,-0.9749279121818236,-0.2225209339563146,1.2246467991473532e-16,-1.0,186,-0.060213277365792774,-0.9981855344718586,-0.12053668025532283,-0.992708874098054,1,Winter,0,0,0,1,1,1,0,0,0,916,0,1,1,0,1,1,3,300.0,348.0,235.0,246.0,264.0,419.0,227.0,550.0,294.3333333333333,56.712726378946336,348.0,235.0,356.0,102.66125526864276,497.0,235.0,317.2857142857143,100.9336633418409,497.0,132.0,290.43333333333334,92.89767575628255,497.0,132.0,263.01666666666665,82.99550563013813,497.0,132.0,301.4,125.20668754799526,711.0,128.0,327.39499687333023,318.50158584116696,297.69116492582845,497.0,246.0,264.0,419.0,356.5,6.304448802421981
2025-07-06,2025,7,6,6,Sunday,27,3,0,1,11.6,7.0,Rainy,1,0,0,0,25,420.0,240.0,250.0,349.42857142857144,344.7857142857143,304.03333333333336,409.0,325,-0.7818314824680299,0.6234898018587334,1.2246467991473532e-16,-1.0,187,-0.07738647923346322,-0.9970011699250151,-0.12053668025532283,-0.992708874098054,1,Winter,0,0,0,1,0,0,0,1,0,917,0,1,1,0,0,1,2,546.0,300.0,348.0,240.0,376.0,273.0,200.0,313.0,398.0,130.39938650162392,546.0,300.0,363.0,114.82740671692203,546.0,235.0,338.7142857142857,115.43858078677874,546.0,132.0,301.53333333333336,102.70336707817947,546.0,132.0,268.3333333333333,90.52514711331342,546.0,132.0,301.35555555555555,125.11812945014547,711.0,128.0,382.04624765499767,348.83470772901137,313.71108976932345,420.0,240.0,376.0,273.0,327.25,5.786897381366708
2025-07-07,2025,7,7,0,Monday,28,3,0,1,5.7,2.6,Cloudy,1,0,0,0,25,243.0,132.0,419.0,341.85714285714283,348.92857142857144,296.4,379.0,190,0.0,1.0,1.2246467991473532e-16,-1.0,188,-0.09453674981719933,-0.9955213724144752,-0.23931566428755743,-0.9709418174260521,0,Winter,0,0,0,1,1,1,0,0,0,918,0,0,0,0,0,1,2,325.0,546.0,300.0,132.0,213.0,326.0,276.0,430.0,390.3333333333333,135.3895613898399,546.0,300.0,349.42857142857144,112.55940230660052,546.0,235.0,344.7857142857143,112.03239817908906,546.0,132.0,304.03333333333336,102.3177887029296,546.0,132.0,270.4166666666667,90.36410185441359,546.0,132.0,301.4888888888889,125.1370704148444,711.0,128.0,367.78468574124827,345.6567466984765,314.43940655839936,243.0,132.0,213.0,326.0,228.5,5.25227342804663
2025-07-08,2025,7,8,1,Tuesday,28,3,0,1,14.6,5.1,Rainy,1,0,0,0,25,449.0,315.0,273.0,309.7142857142857,342.42857142857144,294.76666666666665,226.0,224,0.7818314824680298,0.6234898018587336,1.2246467991473532e-16,-1.0,189,-0.11165900712169444,-0.9937465804361781,-0.23931566428755743,-0.9709418174260521,0,Winter,0,0,0,1,0,0,0,1,0,919,0,0,0,0,0,1,2,190.0,325.0,546.0,315.0,141.0,287.0,265.0,534.0,353.6666666666667,179.72293491186159,546.0,190.0,341.85714285714283,122.27486600746269,546.0,190.0,348.92857142857144,104.36877243380982,546.0,190.0,296.4,101.98667931950997,546.0,132.0,268.98333333333335,90.95416831824316,546.0,132.0,298.8222222222222,124.92474838498143,711.0,128.0,323.3385143059362,324.9025138053463,306.41105774818004,449.0,315.0,141.0,287.0,298.0,5.41610040220442
2025-07-09,2025,7,9,2,Wednesday,28,3,0,1,10.1,2.9,Cloudy,1,0,0,0,25,235.0,298.0,326.0,307.1428571428572,336.6428571428572,291.1333333333333,261.0,217,0.9749279121818236,-0.22252093395631434,1.2246467991473532e-16,-1.0,190,-0.12874817745258066,-0.99167731989929,-0.23931566428755743,-0.9709418174260521,0,Winter,0,0,0,1,1,1,0,0,0,920,0,0,0,0,0,1,2,224.0,190.0,325.0,298.0,163.0,275.0,187.0,411.0,246.33333333333334,70.21633238309474,325.0,190.0,309.7142857142857,118.94356404855004,546.0,190.0,342.42857142857144,109.35877038143934,546.0,190.0,294.76666666666665,102.76376771033095,546.0,132.0,268.3,91.13843074862582,546.0,132.0,295.3777777777778,122.61995528138239,711.0,128.0,298.5038857294521,311.44884529796684,301.0942153128136,235.0,298.0,163.0,275.0,242.75,5.384495062789089
2025-07-10,2025,7,10,3,Thursday,28,3,0,1,14.4,1.8,Cloudy,1,0,0,0,25,348.0,291.0,287.0,303.42857142857144,338.85714285714283,292.3,279.0,322,0.43388373911755823,-0.900968867902419,1.2246467991473532e-16,-1.0,191,-0.14579919691987442,-0.9893142039703664,-0.23931566428755743,-0.9709418174260521,0,Winter,0,0,0,1,1,1,0,0,0,921,0,0,0,0,0,1,2,217.0,224.0,190.0,291.0,203.0,202.0,300.0,535.0,210.33333333333334,17.953644012657698,224.0,190.0,307.14285714285717,121.0047224580221,546.0,190.0,336.64285714285717,113.93696445022385,546.0,190.0,291.1333333333333,103.54533684144864,546.0,132.0,268.8,90.7663792007832,546.0,132.0,293.22222222222223,122.2692532370293,711.0,128.0,278.1279142970891,298.8556659249046,295.66878206682566,348.0,291.0,203.0,202.0,261.0,5.777652323222656
2025-07-11,2025,7,11,4,Friday,28,3,0,0,7.3,0.4,Sunny,1,0,0,0,25,300.0,428.0,275.0,296.2857142857143,326.1428571428572,291.46666666666664,156.0,250,-0.433883739117558,-0.9009688679024191,1.2246467991473532e-16,-1.0,192,-0.16280701293851646,-0.9866579328916572,-0.23931566428755743,-0.9709418174260521,0,Winter,0,0,0,1,3,0,0,0,1,922,0,0,0,0,0,1,1,322.0,217.0,224.0,428.0,262.0,404.0,193.0,539.0,254.33333333333334,58.70547958524178,322.0,217.0,303.42857142857144,119.93589557600822,546.0,190.0,338.85714285714283,113.28103727717678,546.0,190.0,292.3,103.69422888207494,546.0,132.0,269.1666666666667,90.93882590234605,546.0,132.0,290.85555555555555,119.56837742020711,711.0,128.0,289.0959357228168,301.94157713491734,297.3675703205788,300.0,428.0,262.0,404.0,348.5,5.5254529391317835
2025-07-12,2025,7,12,5,Saturday,28,3,0,0,15.0,2.2,Cloudy,1,0,0,0,25,546.0,497.0,202.0,267.2857142857143,315.1428571428572,296.1666666666667,238.0,343,-0.9749279121818236,-0.2225209339563146,1.2246467991473532e-16,-1.0,193,-0.17976658572556214,-0.9837092937736098,-0.23931566428755743,-0.9709418174260521,1,Winter,0,0,0,1,1,1,0,0,0,923,0,0,1,0,0,1,1,250.0,322.0,217.0,497.0,246.0,264.0,195.0,608.0,263.0,53.69357503463432,322.0,217.0,296.2857142857143,121.65074912184002,546.0,190.0,326.14285714285717,112.49263712169386,546.0,190.0,291.46666666666664,103.93822214656346,546.0,132.0,270.1166666666667,90.42593966872438,546.0,132.0,287.64444444444445,116.67503233783962,711.0,128.0,279.3219517921126,295.01603351692836,294.3115980418318,546.0,497.0,246.0,264.0,388.25,5.840641657373398
2025-07-13,2025,7,13,6,Sunday,28,3,0,0,11.8,2.0,Cloudy,1,0,0,0,25,325.0,420.0,404.0,257.2857142857143,303.35714285714283,291.2,309.0,255,-0.7818314824680299,0.6234898018587334,1.2246467991473532e-16,-1.0,194,-0.19667288979357622,-0.9804691603616321,-0.23931566428755743,-0.9709418174260521,1,Winter,0,0,0,1,1,1,0,0,0,924,0,0,1,0,0,1,1,343.0,250.0,322.0,420.0,240.0,376.0,195.0,356.0,305.0,48.77499359302783,343.0,250.0,267.2857142857143,61.5513722720422,343.0,190.0,315.14285714285717,101.49183911326605,546.0,190.0,296.1666666666667,102.93623179469814,546.0,132.0,272.5833333333333,90.36072561939346,546.0,132.0,284.7,111.73900669854392,711.0,128.0,295.2414638440845,301.41389571467124,297.45278526493945,325.0,420.0,240.0,376.0,340.25,5.545177444479562
2025-07-14,2025,7,14,0,Monday,29,3,0,0,11.2,1.8,Cloudy,1,0,0,0,25,190.0,243.0,264.0,265.85714285714283,303.85714285714283,290.7333333333333,413.0,250,0.0,1.0,1.2246467991473532e-16,-1.0,195,-0.2135209154397959,-0.9769384927771817,-0.3546048870425356,-0.9350162426854148,0,Winter,0,0,0,1,1,1,0,0,0,925,0,0,0,0,0,1,1,255.0,343.0,250.0,243.0,132.0,213.0,327.0,547.0,282.6666666666667,52.309973555080674,343.0,250.0,257.2857142857143,56.052696294690925,343.0,190.0,303.35714285714283,97.89524003738731,546.0,190.0,291.2,101.13268853172569,546.0,132.0,273.5833333333333,89.81794990030566,546.0,132.0,283.5777777777778,111.52185030804299,711.0,128.0,285.18109788306333,295.2253762860484,294.7138958930079,190.0,243.0,132.0,213.0,194.5,5.5254529391317835
2025-07-15,2025,7,15,1,Tuesday,29,3,0,0,10.2,1.3,Cloudy,1,0,0,0,25,224.0,449.0,376.0,258.1428571428572,283.92857142857144,283.8666666666667,331.0,170,0.7818314824680298,0.6234898018587336,1.2246467991473532e-16,-1.0,196,-0.23030567023061196,-0.973118337233262,-0.3546048870425356,-0.9350162426854148,0,Winter,0,0,0,1,1,1,0,0,0,926,0,0,0,0,0,1,1,250.0,255.0,343.0,449.0,315.0,141.0,198.0,381.0,282.6666666666667,52.309973555080674,343.0,250.0,265.85714285714283,48.067412978818474,343.0,217.0,303.85714285714283,97.58062318912336,546.0,190.0,290.73333333333335,101.29469922929775,546.0,132.0,272.3,89.59159691225605,546.0,132.0,280.27777777777777,107.97732052526094,711.0,128.0,276.3858234122975,289.19532611457527,291.8291284160396,224.0,449.0,315.0,141.0,282.25,5.14166355650266
2025-07-16,2025,7,16,2,Wednesday,29,3,0,0,8.8,1.5,Cloudy,1,0,0,0,25,217.0,235.0,213.0,251.0,279.07142857142856,282.3333333333333,132.0,167,0.9749279121818236,-0.22252093395631434,1.2246467991473532e-16,-1.0,197,-0.24702218048093527,-0.9690098257244063,-0.3546048870425356,-0.9350162426854148,0,Winter,0,0,0,1,1,1,0,0,0,927,0,0,0,0,0,1,1,170.0,250.0,255.0,235.0,298.0,163.0,318.0,333.0,225.0,47.69696007084633,255.0,170.0,258.14285714285717,58.99556076923319,343.0,170.0,283.92857142857144,94.08544748562903,546.0,170.0,283.8666666666667,102.29259363533384,546.0,132.0,271.8333333333333,90.05688723164452,546.0,132.0,277.93333333333334,108.0564563217242,711.0,128.0,249.78936755922314,273.30261596596523,283.96918464726286,217.0,235.0,298.0,163.0,228.25,5.123963979403259
2025-07-17,2025,7,17,3,Thursday,29,3,0,0,13.1,0.8,Cloudy,1,0,0,0,25,322.0,348.0,141.0,233.14285714285717,268.2857142857143,284.2,209.0,197,0.43388373911755823,-0.900968867902419,1.2246467991473532e-16,-1.0,198,-0.2636654927280072,-0.9646141756912435,-0.3546048870425356,-0.9350162426854148,0,Winter,0,0,0,1,1,1,0,0,0,928,0,0,0,0,0,1,1,167.0,170.0,250.0,348.0,291.0,203.0,266.0,669.0,195.66666666666666,47.07794954469923,250.0,167.0,251.0,67.25573085866681,343.0,167.0,279.07142857142856,98.45925692754795,546.0,167.0,282.3333333333333,103.72620901576164,546.0,132.0,269.31666666666666,90.85124583656807,546.0,132.0,276.0888888888889,108.52169507578678,711.0,128.0,229.09202566941735,259.1289338371699,276.42278563776205,322.0,348.0,291.0,203.0,291.0,5.288267030694535
2025-07-18,2025,7,18,4,Friday,29,3,0,0,9.9,1.5,Cloudy,1,0,0,0,25,250.0,300.0,163.0,220.7142857142857,258.5,284.2,211.0,163,-0.433883739117558,-0.9009688679024191,1.2246467991473532e-16,-1.0,199,-0.2802306751992161,-0.9599326896597445,-0.3546048870425356,-0.9350162426854148,0,Winter,0,0,0,1,1,1,0,0,0,929,0,0,0,0,0,1,1,197.0,167.0,170.0,300.0,428.0,262.0,196.0,711.0,178.0,16.522711641855746,197.0,167.0,233.14285714285714,61.62096118321224,343.0,167.0,268.2857142857143,98.5981967157818,546.0,167.0,284.2,101.5766739446367,546.0,132.0,268.1666666666667,91.3293846315367,546.0,132.0,270.84444444444443,100.4232516062427,711.0,128.0,221.06901925206301,250.84507599221388,271.29873495145483,250.0,300.0,428.0,262.0,310.0,5.099866427824199
2025-07-19,2025,7,19,5,Saturday,29,3,0,0,3.6,0.4,Sunny,1,0,0,0,25,343.0,546.0,203.0,220.8571428571429,244.07142857142856,288.9,242.0,344,-0.9749279121818236,-0.2225209339563146,1.2246467991473532e-16,-1.0,200,-0.2967128192734901,-0.9549667548552553,-0.3546048870425356,-0.9350162426854148,1,Winter,0,0,0,1,3,0,0,0,1,930,0,0,1,1,0,1,1,163.0,197.0,167.0,546.0,497.0,246.0,133.0,573.0,175.66666666666666,18.583146486352874,197.0,163.0,220.71428571428572,66.25384085901375,343.0,163.0,258.5,101.95002546496636,546.0,163.0,284.2,101.5766739446367,546.0,132.0,267.6166666666667,91.86912055056635,546.0,132.0,264.75555555555553,89.44941588683831,573.0,128.0,206.55176443904725,239.132399193252,264.31171979329645,343.0,546.0,497.0,246.0,408.0,5.84354441703136
2025-07-20,2025,7,20,6,Sunday,29,3,0,0,6.1,3.3,Cloudy,1,0,1,1,20,255.0,325.0,262.0,246.42857142857144,251.8571428571429,294.6333333333333,464.0,434,-0.7818314824680299,0.6234898018587334,1.2246467991473532e-16,-1.0,201,-0.3131070409358267,-0.9497178427914317,-0.3546048870425356,-0.9350162426854148,1,Winter,0,0,0,1,1,1,0,0,0,931,0,0,1,0,1,1,3,344.0,163.0,197.0,325.0,420.0,240.0,177.0,330.0,234.66666666666666,96.1994455978476,344.0,163.0,220.85714285714286,66.56182231937674,344.0,163.0,244.07142857142858,66.13443684090242,344.0,163.0,288.9,100.95009009235723,546.0,132.0,271.1333333333333,90.65925526371691,546.0,132.0,262.2111111111111,83.6518325480015,546.0,128.0,240.91382332928544,253.1147459674851,269.4528991614709,255.0,325.0,420.0,240.0,310.0,6.075346031088684
2025-07-21,2025,7,21,0,Monday,30,3,0,0,8.9,0.4,Sunny,1,0,0,0,25,250.0,190.0,246.0,255.0,260.42857142857144,296.76666666666665,292.0,310,0.0,1.0,1.2246467991473532e-16,-1.0,202,-0.3294084822245302,-0.9441875088341994,-0.46472317204376806,-0.8854560256532101,0,Winter,0,0,0,1,3,0,0,0,1,932,0,0,0,0,0,1,1,434.0,344.0,163.0,190.0,243.0,132.0,181.0,215.0,313.6666666666667,138.02294495239997,434.0,163.0,246.42857142857142,105.09496839027298,434.0,163.0,251.85714285714286,81.11421875057461,434.0,163.0,294.6333333333333,104.2015564558225,546.0,132.0,275.4166666666667,92.19457899182717,546.0,132.0,263.3666666666667,85.30084894923587,546.0,128.0,289.1853674969641,277.2327798384871,280.06884115105345,250.0,190.0,243.0,132.0,203.75,5.739792912179234
2025-07-22,2025,7,22,1,Tuesday,30,3,0,0,10.4,0.2,Partly Cloudy,1,0,0,0,25,170.0,224.0,240.0,263.7142857142857,260.92857142857144,296.46666666666664,165.0,231,0.7818314824680298,0.6234898018587336,1.2246467991473532e-16,-1.0,203,-0.3456123126707333,-0.9383773917408642,-0.46472317204376806,-0.8854560256532101,0,Winter,0,0,0,1,2,0,1,0,0,933,0,0,0,0,0,1,1,310.0,434.0,344.0,224.0,449.0,315.0,191.0,200.0,362.6666666666667,64.0728751761089,434.0,310.0,255.0,107.84556860004385,434.0,163.0,260.42857142857144,80.41212526795624,434.0,163.0,296.76666666666665,103.82600940941981,546.0,132.0,277.56666666666666,91.45664281026464,546.0,132.0,264.4222222222222,85.28339772540839,546.0,128.0,294.38902562272307,281.60174252668884,281.9998836574371,170.0,224.0,449.0,315.0,289.5,5.44673737166631
2025-07-23,2025,7,23,2,Wednesday,30,3,0,0,9.3,1.1,Cloudy,1,0,0,0,25,167.0,217.0,132.0,269.42857142857144,260.2142857142857,298.96666666666664,145.0,207,0.9749279121818236,-0.22252093395631434,1.2246467991473532e-16,-1.0,204,-0.3617137307297674,-0.9322892131745134,-0.46472317204376806,-0.8854560256532101,0,Winter,0,0,0,1,1,1,0,0,0,934,0,0,0,0,0,1,1,231.0,310.0,434.0,217.0,235.0,298.0,372.0,261.0,325.0,102.32790430767112,434.0,231.0,263.7142857142857,102.14648678199784,434.0,163.0,260.92857142857144,80.18964472348483,434.0,163.0,296.46666666666664,104.00853192235505,546.0,132.0,278.23333333333335,90.95936262814044,546.0,132.0,264.76666666666665,85.082649837499,546.0,128.0,278.5417692170423,274.85484352313034,278.7095685827638,167.0,217.0,235.0,298.0,229.25,5.337538079701318
2025-07-24,2025,7,24,3,Thursday,30,3,0,0,13.2,2.1,Cloudy,1,0,0,0,25,197.0,322.0,315.0,307.1428571428572,270.1428571428572,303.8333333333333,165.0,461,0.43388373911755823,-0.900968867902419,1.2246467991473532e-16,-1.0,205,-0.37770796520396466,-0.9259247771938499,-0.46472317204376806,-0.8854560256532101,0,Winter,0,0,0,1,1,1,0,0,0,935,0,0,0,0,0,1,1,207.0,231.0,310.0,322.0,348.0,291.0,336.0,438.0,249.33333333333334,53.89186704256248,310.0,207.0,269.42857142857144,96.81400921846219,434.0,163.0,260.2142857142857,80.65422738830243,434.0,163.0,298.96666666666664,100.76996108697838,546.0,163.0,275.48333333333335,90.56985162071815,546.0,132.0,264.1666666666667,85.29963710290521,546.0,128.0,260.65632691278176,265.80753105337965,274.08314480323065,197.0,322.0,348.0,291.0,289.5,6.135564891081739
2025-07-25,2025,7,25,4,Friday,30,3,0,0,3.6,1.2,Cloudy,1,0,0,0,25,163.0,250.0,298.0,315.1428571428572,267.92857142857144,301.2,478.0,219,-0.433883739117558,-0.9009688679024191,1.2246467991473532e-16,-1.0,206,-0.39359027665646645,-0.9192859697186105,-0.46472317204376806,-0.8854560256532101,0,Winter,0,0,0,1,1,1,0,0,0,936,0,0,0,0,0,1,1,461.0,207.0,231.0,250.0,300.0,428.0,278.0,300.0,299.6666666666667,140.23313921228902,461.0,207.0,307.14285714285717,113.82358948745919,461.0,163.0,270.14285714285717,95.9501931235116,461.0,163.0,303.8333333333333,105.00741626792006,546.0,163.0,277.56666666666666,93.37955473730793,546.0,132.0,264.4222222222222,85.85890931995739,546.0,128.0,310.7422451845863,291.8331935795957,286.14229675140933,163.0,250.0,300.0,428.0,285.25,5.393627546352361
2025-07-26,2025,7,26,5,Saturday,30,3,0,0,9.9,0.6,Cloudy,1,0,0,1,20,344.0,343.0,291.0,310.2857142857143,265.57142857142856,301.8333333333333,213.0,310,-0.9749279121818236,-0.2225209339563146,1.2246467991473532e-16,-1.0,207,-0.4093559588156211,-0.9123747579707274,-0.46472317204376806,-0.8854560256532101,1,Winter,0,0,0,1,1,1,0,0,0,937,0,0,1,0,0,1,2,219.0,461.0,207.0,343.0,546.0,497.0,187.0,320.0,295.6666666666667,143.3085249848495,461.0,207.0,315.14285714285717,103.50431322965706,461.0,207.0,267.92857142857144,96.80469178530532,461.0,163.0,301.2,106.14316941656197,546.0,163.0,276.5833333333333,93.68506414011728,546.0,132.0,263.52222222222224,85.90630220799208,546.0,128.0,287.8066838884397,282.12210110231626,281.81053567067323,344.0,343.0,546.0,497.0,432.5,5.739792912179234
2025-07-27,2025,7,27,6,Sunday,30,3,0,0,4.0,1.6,Cloudy,1,0,1,0,25,434.0,255.0,428.0,291.85714285714283,269.1428571428572,297.7333333333333,314.0,305,-0.7818314824680299,0.6234898018587334,1.2246467991473532e-16,-1.0,208,-0.42500033996955394,-0.9051931898913975,-0.46472317204376806,-0.8854560256532101,1,Winter,0,0,0,1,1,1,0,0,0,938,0,0,1,0,1,1,2,310.0,219.0,461.0,255.0,325.0,420.0,200.0,128.0,330.0,122.23338332877763,461.0,219.0,310.2857142857143,102.71921969737795,461.0,207.0,265.57142857142856,95.22500825834463,461.0,163.0,301.8333333333333,106.13689382059817,546.0,163.0,278.6333333333333,93.03507023582745,546.0,132.0,263.4111111111111,85.83887368032212,546.0,128.0,293.35501291632977,285.8391542886741,283.6292107886943,434.0,255.0,325.0,420.0,358.5,5.723585101952381
2025-07-28,2025,7,28,0,Monday,31,3,0,0,11.8,0.9,Cloudy,1,0,0,0,25,310.0,250.0,497.0,280.85714285714283,267.92857142857144,288.93333333333334,249.0,233,0.0,1.0,1.2246467991473532e-16,-1.0,209,-0.4405187843504952,-0.8977433935342336,-0.5680647467311556,-0.8229838658936565,0,Winter,0,0,0,1,1,1,0,0,0,939,0,0,0,0,0,1,1,305.0,310.0,219.0,250.0,190.0,243.0,221.0,205.0,278.0,51.15662224971362,310.0,219.0,291.85714285714283,87.2284903217385,461.0,207.0,269.14285714285717,95.73429346401714,461.0,163.0,297.73333333333335,103.4364483660116,546.0,163.0,280.3833333333333,92.51698729343246,546.0,132.0,265.3777777777778,84.72196135937222,546.0,132.0,296.2662596872473,288.3939337168509,285.00797138297213,310.0,250.0,190.0,243.0,248.25,5.455321115357702
2025-07-29,2025,7,29,1,Tuesday,31,3,0,0,9.2,5.4,Rainy,1,0,0,0,25,231.0,170.0,420.0,265.1428571428572,264.42857142857144,278.96666666666664,245.0,121,0.7818314824680298,0.6234898018587336,1.2246467991473532e-16,-1.0,210,-0.455906693508459,-0.8900275764346766,-0.5680647467311556,-0.8229838658936565,0,Winter,0,0,0,1,0,0,0,1,0,940,0,0,0,0,0,1,1,233.0,305.0,310.0,170.0,224.0,449.0,230.0,254.0,282.6666666666667,43.08518693626881,310.0,233.0,280.85714285714283,89.38759901207192,461.0,207.0,267.92857142857144,96.1028809987679,461.0,163.0,288.93333333333334,96.92404894744999,546.0,163.0,280.5833333333333,92.39933444375968,546.0,132.0,265.68888888888887,84.54898778713968,546.0,132.0,280.4496947654355,281.0080758879374,281.6526183905223,231.0,170.0,224.0,449.0,268.5,4.804021044733257
2025-07-30,2025,7,30,2,Wednesday,31,3,0,0,10.8,5.1,Rainy,1,0,0,0,25,207.0,167.0,243.0,257.85714285714283,263.6428571428572,276.06666666666666,189.0,156,0.9749279121818236,-0.22252093395631434,1.2246467991473532e-16,-1.0,211,-0.47115950767386394,-0.8820480249558535,-0.5680647467311556,-0.8229838658936565,0,Winter,0,0,0,1,0,0,0,1,0,941,0,0,0,0,0,1,1,121.0,233.0,305.0,167.0,217.0,235.0,246.0,234.0,219.66666666666666,92.72180613713923,305.0,121.0,265.14285714285717,107.45608183723073,461.0,121.0,264.42857142857144,100.72484552231445,461.0,121.0,278.96666666666664,98.34439252051816,546.0,121.0,278.76666666666665,94.45927589315896,546.0,121.0,264.2111111111111,85.90699104910375,546.0,121.0,240.58727107407663,259.6736657695458,271.2879333330693,207.0,167.0,217.0,235.0,206.5,5.056245805348308
2025-07-31,2025,7,31,3,Thursday,31,3,0,0,6.9,1.4,Cloudy,1,0,0,0,25,461.0,197.0,449.0,219.0,263.07142857142856,267.4,222.0,189,0.43388373911755823,-0.900968867902419,1.2246467991473532e-16,-1.0,212,-0.4862727071086902,-0.8738071036110807,-0.5680647467311556,-0.8229838658936565,0,Winter,0,0,0,1,1,1,0,0,0,942,0,0,0,0,0,1,1,156.0,121.0,233.0,197.0,322.0,348.0,290.0,224.0,170.0,57.29746940310623,233.0,121.0,257.85714285714283,113.60814021807428,461.0,121.0,263.64285714285717,101.58255993779683,461.0,121.0,276.06666666666666,100.69617440712307,546.0,121.0,277.26666666666665,95.69493666832554,546.0,121.0,263.34444444444443,86.60580476057535,546.0,121.0,219.44045330555747,245.85051033360637,263.85000215029066,461.0,197.0,322.0,348.0,332.0,5.247024072160486
2025-08-01,2025,8,1,4,Friday,31,3,0,0,14.8,0.8,Cloudy,1,0,0,0,25,219.0,163.0,235.0,231.14285714285717,273.1428571428572,269.7,216.0,304,-0.433883739117558,-0.9009688679024191,-0.4999999999999997,-0.8660254037844388,213,-0.5012418134457756,-0.8653072543632061,-0.5680647467311556,-0.8229838658936565,0,Winter,0,0,0,1,1,1,0,0,0,943,0,0,0,0,0,1,1,189.0,156.0,121.0,163.0,250.0,300.0,208.0,237.0,155.33333333333334,34.00490160746282,189.0,121.0,219.0,71.11727403849761,310.0,121.0,263.07142857142856,102.00789131292487,461.0,121.0,267.4,96.39595069475006,546.0,121.0,275.5833333333333,96.35321525717507,546.0,121.0,262.9555555555556,86.86265939977993,546.0,121.0,211.83033997916812,238.27044228912553,259.02096975349775,219.0,163.0,250.0,300.0,233.0,5.720311776607412
2025-08-02,2025,8,2,5,Saturday,31,3,0,0,14.1,2.7,Cloudy,1,0,0,0,25,310.0,344.0,348.0,231.57142857142856,270.92857142857144,268.53333333333336,144.0,313,-0.9749279121818236,-0.2225209339563146,-0.4999999999999997,-0.8660254037844388,214,-0.5160623910158526,-0.8565509959010037,-0.5680647467311556,-0.8229838658936565,1,Winter,0,0,0,1,1,1,0,0,0,944,0,0,1,0,0,1,1,304.0,189.0,156.0,344.0,343.0,546.0,139.0,297.0,216.33333333333334,77.6938435999483,304.0,156.0,231.14285714285714,78.03723165137026,310.0,121.0,273.14285714285717,98.25935629191102,461.0,121.0,269.7,96.41939638890018,546.0,121.0,277.18333333333334,96.00838446201293,546.0,121.0,263.7,86.92479637433027,546.0,121.0,234.8727549843761,247.03438331724212,261.9228426726269,310.0,344.0,343.0,546.0,385.75,5.749392985908253
2025-08-03,2025,8,3,6,Sunday,31,3,0,0,12.8,0.1,Sunny,1,0,0,0,25,305.0,434.0,300.0,249.8571428571429,270.85714285714283,272.96666666666664,288.0,433,-0.7818314824680299,0.6234898018587334,-0.4999999999999997,-0.8660254037844388,215,-0.5307300481619331,-0.8475409228928312,-0.5680647467311556,-0.8229838658936565,1,Winter,0,0,0,1,3,0,0,0,1,945,0,0,1,1,0,1,1,313.0,304.0,189.0,434.0,255.0,325.0,336.0,212.0,268.6666666666667,69.13995468130729,313.0,189.0,231.57142857142858,78.54904443054976,313.0,121.0,270.92857142857144,96.87935739934231,461.0,121.0,268.53333333333336,95.64796565182759,546.0,121.0,280.0833333333333,94.37776448601953,546.0,121.0,263.8777777777778,87.00998622497931,546.0,121.0,254.40456623828206,255.82979887494315,265.21814314536067,305.0,434.0,255.0,325.0,329.75,6.073044534100405
2025-08-04,2025,8,4,0,Monday,32,3,0,0,10.6,1.3,Cloudy,1,0,1,0,25,233.0,310.0,546.0,266.7142857142857,273.7857142857143,266.46666666666664,256.0,351,0.0,1.0,-0.4999999999999997,-0.8660254037844388,216,-0.5452404385406507,-0.8382797052177745,-0.663122658240795,-0.7485107481711013,0,Winter,0,0,0,1,1,1,0,0,0,946,0,0,0,0,1,1,2,433.0,313.0,304.0,310.0,250.0,190.0,213.0,227.0,350.0,72.0208303201226,433.0,304.0,249.85714285714286,107.90494052857956,433.0,121.0,270.85714285714283,96.75015972386309,461.0,121.0,272.96666666666664,100.13387016401018,546.0,121.0,281.7,96.16569387243113,546.0,121.0,266.3333333333333,88.63281153669085,546.0,121.0,299.0534246787115,279.4524923582841,276.04277907146644,233.0,310.0,250.0,190.0,245.75,5.863631175598097
2025-08-05,2025,8,5,1,Tuesday,32,3,0,0,12.7,0.8,Cloudy,1,0,0,0,25,121.0,231.0,325.0,287.7142857142857,276.42857142857144,264.56666666666666,174.0,268,0.7818314824680298,0.6234898018587336,-0.4999999999999997,-0.8660254037844388,217,-0.5595892624101763,-0.828770087174504,-0.663122658240795,-0.7485107481711013,0,Winter,0,0,0,1,1,1,0,0,0,947,0,0,0,0,0,1,1,351.0,433.0,313.0,231.0,170.0,224.0,250.0,200.0,365.6666666666667,61.32971003790271,433.0,313.0,266.7142857142857,113.88402622216836,433.0,121.0,273.7857142857143,98.62842356068332,461.0,121.0,266.46666666666664,87.30672578797092,461.0,121.0,284.0,96.14501758687084,546.0,121.0,267.7111111111111,88.97761925949877,546.0,121.0,312.04006850903363,288.9921600438462,280.8787288087912,121.0,231.0,170.0,224.0,186.5,5.594711379601839
2025-08-06,2025,8,6,2,Wednesday,32,3,0,0,8.9,5.1,Rainy,1,0,0,0,25,156.0,207.0,190.0,290.7142857142857,274.2857142857143,264.1333333333333,182.0,177,0.9749279121818236,-0.22252093395631434,-0.4999999999999997,-0.8660254037844388,218,-0.5737722679043243,-0.8190148866680802,-0.663122658240795,-0.7485107481711013,0,Winter,0,0,0,1,0,0,0,1,0,948,0,0,0,0,0,1,1,268.0,351.0,433.0,207.0,167.0,217.0,419.0,276.0,350.6666666666667,82.50050504895849,433.0,268.0,287.7142857142857,94.42759887115385,433.0,156.0,276.42857142857144,97.88668039014205,461.0,121.0,264.56666666666666,86.60639593062285,461.0,121.0,284.3,96.0651791445154,546.0,121.0,268.46666666666664,88.68441713568578,546.0,121.0,301.03005138177525,286.19320537133336,280.0478430791918,156.0,207.0,167.0,217.0,186.75,5.181783550292085
2025-08-07,2025,8,7,3,Thursday,32,3,0,0,13.6,0.0,Sunny,1,0,0,0,25,189.0,461.0,224.0,309.7142857142857,264.35714285714283,267.4,203.0,322,0.43388373911755823,-0.900968867902419,-0.4999999999999997,-0.8660254037844388,219,-0.5877852522924734,-0.8090169943749472,-0.663122658240795,-0.7485107481711013,0,Winter,0,0,0,1,3,0,0,0,1,949,0,0,0,0,0,1,1,177.0,268.0,351.0,461.0,197.0,322.0,273.0,265.0,265.3333333333333,87.03064594344468,351.0,177.0,290.7142857142857,89.76397622973002,433.0,177.0,274.2857142857143,99.83249707648852,461.0,121.0,264.1333333333333,87.02387042064011,461.0,121.0,280.26666666666665,95.3917643225295,546.0,121.0,267.3666666666667,89.20238949789696,546.0,121.0,270.02253853633147,271.6341113218223,273.39959513859884,189.0,461.0,197.0,322.0,292.25,5.777652323222656
2025-08-08,2025,8,8,4,Friday,32,3,0,0,15.9,1.6,Cloudy,1,0,0,0,25,304.0,219.0,217.0,307.2857142857143,269.2142857142857,269.7333333333333,252.0,287,-0.433883739117558,-0.9009688679024191,-0.4999999999999997,-0.8660254037844388,220,-0.6016240632249227,-0.7987793728863648,-0.663122658240795,-0.7485107481711013,0,Winter,0,0,0,1,1,1,0,0,0,950,0,0,0,0,0,1,1,322.0,177.0,268.0,219.0,163.0,250.0,326.0,187.0,255.66666666666666,73.28255817950969,322.0,177.0,309.7142857142857,77.94381370729947,433.0,177.0,264.35714285714283,85.75421688923127,433.0,121.0,267.4,87.30430332641227,461.0,121.0,281.0833333333333,95.5381353739673,546.0,121.0,268.0,89.38755411946542,546.0,121.0,283.0169039022486,278.3495631455793,276.535105129657,304.0,219.0,163.0,250.0,234.0,5.662960480135946
2025-08-09,2025,8,9,5,Saturday,32,3,0,0,14.2,2.7,Cloudy,1,0,0,0,25,313.0,310.0,322.0,320.0,275.7857142857143,272.4,219.0,402,-0.9749279121818236,-0.2225209339563146,-0.4999999999999997,-0.8660254037844388,221,-0.6152845999633277,-0.7883050558305253,-0.663122658240795,-0.7485107481711013,1,Winter,0,0,0,1,1,1,0,0,0,951,0,0,1,0,0,1,1,287.0,322.0,177.0,310.0,344.0,343.0,287.0,300.0,262.0,75.66372975210706,322.0,177.0,307.2857142857143,78.41495241282028,433.0,177.0,269.2142857142857,84.90916283926927,433.0,121.0,269.73333333333335,86.84505954754104,461.0,121.0,280.43333333333334,95.35986553473268,546.0,121.0,269.1111111111111,88.99001893842568,546.0,121.0,284.0126779266865,279.5029547261687,277.2102596374211,313.0,310.0,344.0,343.0,327.5,5.998936561946683
2025-08-10,2025,8,10,6,Sunday,32,3,0,0,8.8,1.3,Cloudy,1,0,0,0,25,433.0,305.0,250.0,308.0,278.92857142857144,275.7,443.0,349,-0.7818314824680299,0.6234898018587334,-0.4999999999999997,-0.8660254037844388,222,-0.6287628145958345,-0.7775971469736268,-0.663122658240795,-0.7485107481711013,1,Winter,0,0,0,1,1,1,0,0,0,952,0,0,1,0,0,1,1,402.0,287.0,322.0,305.0,434.0,255.0,275.0,193.0,337.0,58.94913061275705,402.0,287.0,320.0,86.31338250816097,433.0,177.0,275.7857142857143,91.60465101681088,433.0,121.0,272.4,89.68704208101211,461.0,121.0,282.35,96.64118941489423,546.0,121.0,270.24444444444447,90.03124440319985,546.0,121.0,313.50950844501483,295.8358940960129,285.2612106285552,433.0,305.0,434.0,255.0,356.75,5.857933154483459
2025-08-11,2025,8,11,0,Monday,33,3,0,0,12.1,0.2,Sunny,1,0,0,0,25,351.0,233.0,343.0,292.2857142857143,279.5,272.3,292.0,241,0.0,1.0,-0.4999999999999997,-0.8660254037844388,223,-0.6420547132365636,-0.7666588193001592,-0.7485107481711011,-0.6631226582407952,0,Winter,0,0,0,1,3,0,0,0,1,953,0,0,0,0,0,1,1,349.0,402.0,287.0,233.0,310.0,250.0,202.0,195.0,346.0,57.55866572463169,402.0,287.0,308.0,72.75987905432574,402.0,177.0,278.92857142857144,93.42085443815888,433.0,121.0,275.7,90.65057962421838,461.0,121.0,283.5833333333333,97.0172606810589,546.0,121.0,271.97777777777776,90.02908116647693,546.0,121.0,322.3821313337611,302.9244415498779,289.37339058800325,351.0,233.0,310.0,250.0,286.0,5.488937726156687
2025-08-12,2025,8,12,1,Tuesday,33,3,0,0,7.1,7.2,Rainy,1,0,0,0,25,268.0,121.0,255.0,271.7142857142857,279.7142857142857,267.93333333333334,192.0,124,0.7818314824680298,0.6234898018587336,-0.4999999999999997,-0.8660254037844388,224,-0.655156357209085,-0.7554933140726804,-0.7485107481711011,-0.6631226582407952,0,Winter,0,0,0,1,0,0,0,1,0,954,0,0,0,0,0,1,1,241.0,349.0,402.0,121.0,231.0,170.0,404.0,195.0,330.6666666666667,82.05079727420828,402.0,241.0,292.2857142857143,73.79637363654714,402.0,177.0,279.5,93.14236415294401,433.0,121.0,272.3,89.94946857292477,461.0,121.0,284.23333333333335,96.59111210589278,546.0,121.0,272.4888888888889,89.71718916940677,546.0,121.0,302.0365985003208,294.6678493432275,286.25252667909984,268.0,121.0,231.0,170.0,197.5,4.8283137373023015
2025-08-13,2025,8,13,2,Wednesday,33,3,0,0,12.7,1.5,Cloudy,1,0,0,1,20,177.0,156.0,250.0,294.7142857142857,292.7142857142857,270.8666666666667,205.0,338,0.9749279121818236,-0.22252093395631434,-0.4999999999999997,-0.8660254037844388,225,-0.6680638642135333,-0.7441039398713608,-0.7485107481711011,-0.6631226582407952,0,Winter,0,0,0,1,1,1,0,0,0,955,0,0,0,0,0,1,2,124.0,241.0,349.0,156.0,207.0,167.0,264.0,327.0,238.0,112.52999600106584,349.0,124.0,271.7142857142857,97.84633238862288,402.0,124.0,279.7142857142857,92.75229922211439,433.0,124.0,267.93333333333334,93.91079161421786,461.0,121.0,279.56666666666666,97.46661604332988,546.0,121.0,271.7,90.71283867856461,546.0,121.0,257.52744887524057,271.9121360974639,275.78462173206117,177.0,156.0,207.0,167.0,176.75,5.82600010738045
2025-08-14,2025,8,14,3,Thursday,33,3,0,0,12.4,1.9,Cloudy,1,0,0,1,20,322.0,189.0,170.0,290.85714285714283,300.2857142857143,275.03333333333336,242.0,295,0.43388373911755823,-0.900968867902419,-0.4999999999999997,-0.8660254037844388,226,-0.680773409477016,-0.732494071613579,-0.7485107481711011,-0.6631226582407952,0,Winter,0,0,0,1,1,1,0,0,0,956,0,0,0,0,0,1,2,338.0,124.0,241.0,189.0,461.0,197.0,376.0,198.0,234.33333333333334,107.15565002991315,338.0,124.0,294.7142857142857,90.52018980263392,402.0,124.0,292.7142857142857,86.63133965828222,433.0,124.0,270.8666666666667,94.70234069616859,461.0,121.0,280.8,97.73412567795312,546.0,121.0,271.8222222222222,90.7955572067768,546.0,121.0,277.6455866564304,280.72385128446865,279.79851710418626,322.0,189.0,461.0,197.0,292.25,5.69035945432406
2025-08-15,2025,8,15,4,Friday,33,3,0,0,5.4,0.5,Cloudy,1,0,0,0,25,287.0,304.0,167.0,280.7142857142857,294.0,276.6666666666667,138.0,216,-0.433883739117558,-0.9009688679024191,-0.4999999999999997,-0.8660254037844388,227,-0.6932812268869771,-0.7206671495538615,-0.7485107481711011,-0.6631226582407952,0,Winter,0,0,0,1,1,1,0,0,0,957,0,0,0,0,0,1,1,295.0,338.0,124.0,304.0,219.0,163.0,213.0,318.0,252.33333333333334,113.20041224895441,338.0,124.0,290.85714285714283,89.7355904336529,402.0,124.0,300.2857142857143,81.34014863657087,433.0,124.0,275.03333333333336,92.84302039885102,461.0,121.0,279.45,96.95314699309374,546.0,121.0,272.9,90.48459425643959,546.0,121.0,281.9841899923228,282.62733777987285,280.7792579361743,287.0,304.0,219.0,163.0,243.25,5.37989735354046
2025-08-16,2025,8,16,5,Saturday,33,3,0,0,7.5,1.3,Cloudy,1,0,0,0,25,402.0,313.0,197.0,260.42857142857144,290.2142857142857,278.76666666666665,208.0,260,-0.9749279121818236,-0.2225209339563146,-0.4999999999999997,-0.8660254037844388,228,-0.7055836101071774,-0.70862667826446,-0.7485107481711011,-0.6631226582407952,1,Winter,0,0,0,1,1,1,0,0,0,958,0,0,1,0,0,1,1,216.0,295.0,338.0,313.0,310.0,344.0,141.0,266.0,283.0,61.87891401761906,338.0,216.0,280.7142857142857,94.14831258129308,402.0,124.0,294.0,84.374622506276,433.0,124.0,276.6666666666667,91.2950251064934,461.0,121.0,279.5,96.91906460932131,546.0,121.0,271.76666666666665,90.55212044371807,546.0,121.0,265.4881424942421,273.74369274255645,276.5999509725502,402.0,313.0,310.0,344.0,342.25,5.564520407322694
2025-08-17,2025,8,17,6,Sunday,33,3,0,0,10.2,1.1,Cloudy,1,0,0,0,25,349.0,433.0,163.0,291.7142857142857,299.85714285714283,292.26666666666665,228.0,568,-0.7818314824680299,0.6234898018587334,-0.4999999999999997,-0.8660254037844388,229,-0.7176769136759615,-0.6963762255968726,-0.7485107481711011,-0.6631226582407952,1,Winter,0,0,0,1,1,1,0,0,0,959,0,0,1,0,0,1,1,260.0,216.0,295.0,433.0,305.0,434.0,163.0,196.0,257.0,39.58535082577762,295.0,216.0,260.42857142857144,77.4830242544724,349.0,124.0,290.2142857142857,84.64512214709333,433.0,124.0,278.76666666666665,90.11627865242095,461.0,121.0,281.48333333333335,95.2398384929239,546.0,121.0,271.7,90.55862214578748,546.0,121.0,264.11610687068156,271.9112003768823,275.52898639367595,349.0,433.0,305.0,434.0,380.25,6.343880434126331
2025-08-18,2025,8,18,0,Monday,34,3,0,0,10.1,0.2,Sunny,1,0,1,0,25,241.0,351.0,344.0,300.2857142857143,296.2857142857143,290.8333333333333,233.0,301,0.0,1.0,-0.4999999999999997,-0.8660254037844388,230,-0.7295575540864876,-0.6839194216246105,-0.8229838658936564,-0.5680647467311559,0,Winter,0,0,0,1,3,0,0,0,1,960,0,0,0,0,1,1,2,568.0,260.0,216.0,351.0,233.0,310.0,203.0,133.0,348.0,191.79155351578936,568.0,216.0,291.7142857142857,138.9996574165018,568.0,124.0,299.85714285714283,106.9211478994288,568.0,124.0,292.26666666666665,101.75932841533545,568.0,121.0,288.23333333333335,100.88479193088469,568.0,121.0,275.8333333333333,95.42350898712237,568.0,121.0,340.0870801530112,311.389706993298,294.39808404569686,241.0,351.0,233.0,310.0,283.75,5.71042701737487
2025-08-19,2025,8,19,1,Tuesday,34,3,0,0,7.4,0.2,Sunny,1,0,0,0,25,124.0,268.0,434.0,327.7142857142857,299.7142857142857,286.9,201.0,316,0.7818314824680298,0.6234898018587336,-0.4999999999999997,-0.8660254037844388,231,-0.7412220108485957,-0.6712599575675315,-0.8229838658936564,-0.5680647467311559,0,Winter,0,0,0,1,3,0,0,0,1,961,0,0,0,0,0,1,1,301.0,568.0,260.0,268.0,121.0,231.0,262.0,177.0,376.3333333333333,167.24931489645397,568.0,260.0,300.2857142857143,137.18930265113553,568.0,124.0,296.2857142857143,105.91174015800307,568.0,124.0,290.8333333333333,101.30734504920856,568.0,121.0,289.8666666666667,100.27292698932096,568.0,121.0,277.7,94.23380557082075,568.0,121.0,330.3153101147584,310.00441272752494,294.8240141072648,124.0,268.0,121.0,231.0,186.0,5.75890177387728
2025-08-20,2025,8,20,2,Wednesday,34,3,0,0,12.2,3.6,Cloudy,1,0,0,0,25,338.0,177.0,310.0,314.1428571428572,304.42857142857144,284.6666666666667,153.0,243,0.9749279121818236,-0.22252093395631434,-0.4999999999999997,-0.8660254037844388,232,-0.7526668275320083,-0.6584015846980489,-0.8229838658936564,-0.5680647467311559,0,Winter,0,0,0,1,1,1,0,0,0,962,0,0,0,0,0,1,1,316.0,301.0,568.0,177.0,156.0,207.0,246.0,181.0,395.0,150.00999966668851,568.0,301.0,327.7142857142857,113.15875910376916,568.0,216.0,299.7142857142857,105.70236047973893,568.0,124.0,286.9,97.78666082080224,568.0,121.0,290.76666666666665,100.26090822206913,568.0,121.0,279.24444444444447,93.70241097603252,568.0,121.0,326.7364825860688,310.803824363855,296.1902067455058,338.0,177.0,156.0,207.0,219.5,5.497168225293202
2025-08-21,2025,8,21,3,Thursday,34,3,0,0,11.8,0.5,Cloudy,1,0,0,0,25,295.0,322.0,231.0,308.1428571428572,299.5,285.4,173.0,253,0.43388373911755823,-0.900968867902419,-0.4999999999999997,-0.8660254037844388,233,-0.7638886127905429,-0.64534811322955,-0.8229838658936564,-0.5680647467311559,0,Winter,0,0,0,1,1,1,0,0,0,963,0,0,0,0,0,1,1,243.0,316.0,301.0,322.0,189.0,461.0,240.0,191.0,286.6666666666667,38.55299383100131,316.0,243.0,314.14285714285717,117.33915028870923,568.0,216.0,304.42857142857144,101.1835455502008,568.0,124.0,284.6666666666667,98.00574695792828,568.0,121.0,290.71666666666664,100.28435700490405,568.0,121.0,279.93333333333334,93.19856776639632,568.0,121.0,305.8023619395516,301.7633144486743,292.7585805038603,295.0,322.0,189.0,461.0,316.75,5.537334267018537
2025-08-22,2025,8,22,4,Friday,34,3,0,0,10.4,0.4,Sunny,1,0,0,0,25,216.0,287.0,207.0,330.7142857142857,305.7142857142857,290.96666666666664,109.0,374,-0.433883739117558,-0.9009688679024191,-0.4999999999999997,-0.8660254037844388,234,-0.7748840413670406,-0.6321034111873488,-0.8229838658936564,-0.5680647467311559,0,Winter,0,0,0,1,3,0,0,0,1,964,0,0,0,0,0,1,1,253.0,243.0,316.0,287.0,304.0,219.0,132.0,372.0,270.6666666666667,39.57692930651929,316.0,243.0,308.14285714285717,119.53441425161328,568.0,216.0,299.5,101.939461672865,568.0,124.0,285.4,97.67207626931292,568.0,121.0,290.93333333333334,100.18692134724768,568.0,121.0,280.6222222222222,92.76193739198105,568.0,121.0,292.60177145466366,295.2615391888511,290.1935107939338,216.0,287.0,304.0,219.0,256.5,5.926926025970411
2025-08-23,2025,8,23,5,Saturday,34,3,0,0,8.7,1.4,Cloudy,1,0,0,0,25,260.0,402.0,461.0,342.2857142857143,301.35714285714283,286.96666666666664,190.0,341,-0.9749279121818236,-0.2225209339563146,-0.4999999999999997,-0.8660254037844388,235,-0.7856498550787144,-0.6186714032625032,-0.8229838658936564,-0.5680647467311559,1,Winter,0,0,0,1,1,1,0,0,0,965,0,0,1,0,0,1,1,374.0,253.0,243.0,402.0,313.0,310.0,315.0,336.0,290.0,72.91776189653584,374.0,243.0,330.7142857142857,114.02589513748559,568.0,243.0,305.7142857142857,103.75446501711956,568.0,124.0,290.96666666666664,97.80856860190667,568.0,121.0,294.96666666666664,98.53777846750343,568.0,121.0,280.64444444444445,92.78431084819908,568.0,121.0,312.9513285909977,305.76000063033763,295.60038106529294,260.0,402.0,313.0,310.0,321.25,5.834810737062605
2025-08-24,2025,8,24,6,Sunday,34,3,0,0,14.1,2.9,Cloudy,1,0,1,0,25,568.0,349.0,219.0,324.42857142857144,308.07142857142856,294.43333333333334,413.0,443,-0.7818314824680299,0.6234898018587334,-0.4999999999999997,-0.8660254037844388,236,-0.7961828637826154,-0.6050560696488494,-0.8229838658936564,-0.5680647467311559,1,Winter,0,0,0,1,1,1,0,0,0,966,0,0,1,0,1,1,2,341.0,374.0,253.0,349.0,433.0,305.0,298.0,278.0,322.6666666666667,62.548647733849734,374.0,253.0,342.2857142857143,109.68092250662764,568.0,243.0,301.35714285714283,100.63384286446582,568.0,124.0,286.96666666666664,92.94806979255019,568.0,121.0,295.4,98.68443113861775,568.0,121.0,280.7,92.81931826239803,568.0,121.0,319.9634964432483,310.4586672129593,298.52938873849985,568.0,349.0,433.0,305.0,413.75,6.095824562432225
2025-08-25,2025,8,25,0,Monday,35,3,0,0,16.0,0.1,Sunny,1,0,0,0,25,301.0,241.0,310.0,332.1428571428572,316.2142857142857,295.93333333333334,286.0,355,0.0,1.0,-0.4999999999999997,-0.8660254037844388,237,-0.8064799463209447,-0.5912614448635783,-0.8854560256532096,-0.4647231720437691,0,Winter,0,0,0,1,3,0,0,0,1,967,0,0,0,0,0,1,1,443.0,341.0,374.0,241.0,351.0,233.0,291.0,187.0,386.0,52.048054718691375,443.0,341.0,324.42857142857144,69.69423013625884,443.0,243.0,308.07142857142856,106.99206605072115,568.0,124.0,294.43333333333334,96.23881335200556,568.0,121.0,297.81666666666666,100.50777719577827,568.0,121.0,282.53333333333336,94.38174933079638,568.0,121.0,350.72262233243623,328.13084491789806,307.850073336016,301.0,241.0,351.0,233.0,281.5,5.87493073085203
2025-08-26,2025,8,26,1,Tuesday,35,3,0,0,9.5,1.7,Cloudy,1,0,0,0,25,316.0,124.0,305.0,313.42857142857144,320.57142857142856,291.93333333333334,172.0,185,0.7818314824680298,0.6234898018587336,-0.4999999999999997,-0.8660254037844388,238,-0.8165380514459157,-0.5772916165517278,-0.8854560256532096,-0.4647231720437691,0,Winter,0,0,0,1,1,1,0,0,0,968,0,0,0,0,0,1,1,355.0,443.0,341.0,124.0,268.0,121.0,428.0,200.0,379.6666666666667,55.29315810598292,443.0,341.0,332.14285714285717,69.65732450462731,443.0,243.0,316.2142857142857,105.8265479062694,568.0,124.0,295.93333333333334,96.83862628223177,568.0,121.0,298.8833333333333,100.77346497435674,568.0,121.0,284.4,94.13208506243745,568.0,121.0,351.7919667493272,331.713398928845,310.8920040885311,316.0,124.0,268.0,121.0,207.25,5.225746673713202
2025-08-27,2025,8,27,2,Wednesday,35,3,0,0,9.2,0.3,Sunny,1,0,0,0,25,243.0,338.0,233.0,314.7142857142857,314.42857142857144,292.56666666666666,148.0,252,0.9749279121818236,-0.22252093395631434,-0.4999999999999997,-0.8660254037844388,239,-0.8263541987239094,-0.5631507242749189,-0.8854560256532096,-0.4647231720437691,0,Winter,0,0,0,1,3,0,0,0,1,969,0,0,0,0,0,1,1,185.0,355.0,443.0,338.0,177.0,156.0,497.0,221.0,327.6666666666667,131.1538536732079,443.0,185.0,313.42857142857144,89.49088807034569,443.0,185.0,320.57142857142856,98.29133640960687,568.0,185.0,291.93333333333334,98.90745703672259,568.0,121.0,294.8333333333333,100.37863346597831,568.0,121.0,284.23333333333335,94.29633543465094,568.0,121.0,310.09397506199537,312.151612404999,302.7699393086259,243.0,338.0,177.0,156.0,228.5,5.53338948872752
2025-08-28,2025,8,28,3,Thursday,35,3,0,0,12.5,0.1,Sunny,1,0,0,0,25,253.0,295.0,121.0,328.7142857142857,318.42857142857144,300.2333333333333,187.0,351,0.43388373911755823,-0.900968867902419,-0.4999999999999997,-0.8660254037844388,240,-0.8359254794186365,-0.5488429582847199,-0.8854560256532096,-0.4647231720437691,0,Winter,0,0,0,1,3,0,0,0,1,970,0,0,0,0,0,1,1,252.0,185.0,355.0,295.0,322.0,189.0,420.0,230.0,264.0,85.63293758828955,355.0,185.0,314.7142857142857,88.36800757007512,443.0,185.0,314.42857142857144,99.79418380285901,568.0,185.0,292.56666666666666,98.5773574524024,568.0,121.0,290.75,96.93954520075312,568.0,121.0,284.5777777777778,94.11921412185752,568.0,121.0,295.5704812964965,304.1313974176658,299.4944593532307,253.0,295.0,322.0,189.0,264.75,5.863631175598097
2025-08-29,2025,8,29,4,Friday,35,3,0,0,9.9,0.1,Partly Cloudy,1,0,0,0,25,374.0,216.0,156.0,310.1428571428572,320.42857142857144,303.1666666666667,160.0,244,-0.433883739117558,-0.9009688679024191,-0.4999999999999997,-0.8660254037844388,241,-0.8452490573530633,-0.5343725582809785,-0.8854560256532096,-0.4647231720437691,0,Winter,0,0,0,1,2,0,1,0,0,971,0,0,0,0,0,1,1,351.0,252.0,185.0,216.0,287.0,304.0,243.0,246.0,262.6666666666667,83.51247411814134,351.0,185.0,328.7142857142857,84.64576044850006,443.0,185.0,318.42857142857144,100.07744254073542,568.0,185.0,300.23333333333335,93.5918075302613,568.0,124.0,289.6,95.78262819742848,568.0,121.0,285.9222222222222,94.19501976121107,568.0,121.0,309.4278609723724,310.38054442864376,302.81739745947385,374.0,216.0,287.0,304.0,295.25,5.501258210544727
2025-08-30,2025,8,30,5,Saturday,35,3,0,0,10.6,3.6,Cloudy,1,0,0,1,20,341.0,260.0,189.0,323.1428571428572,332.7142857142857,311.26666666666665,195.0,432,-0.9749279121818236,-0.2225209339563146,-0.4999999999999997,-0.8660254037844388,242,-0.8543221697498269,-0.5197438121555157,-0.8854560256532096,-0.4647231720437691,1,Winter,0,0,0,1,1,1,0,0,0,972,0,0,1,0,0,1,2,244.0,351.0,252.0,260.0,402.0,313.0,449.0,290.0,282.3333333333333,59.60145412096273,351.0,244.0,310.14285714285717,87.27433485171696,443.0,185.0,320.42857142857144,98.13390716904851,568.0,185.0,303.1666666666667,90.23420994100867,568.0,124.0,289.6166666666667,95.77446877981907,568.0,121.0,285.9,94.20477933437303,568.0,121.0,293.0708957292793,301.52980517149126,299.02272665563686,341.0,260.0,402.0,313.0,329.0,6.07073772800249
2025-08-31,2025,8,31,6,Sunday,35,3,0,0,13.2,0.3,Sunny,1,0,0,0,25,443.0,568.0,304.0,325.2857142857143,324.85714285714283,316.4,253.0,458,-0.7818314824680299,0.6234898018587334,-0.4999999999999997,-0.8660254037844388,243,-0.8631421280499115,-0.5049610547215202,-0.8854560256532096,-0.4647231720437691,1,Winter,0,0,0,1,3,0,0,0,1,973,0,0,1,1,0,1,1,432.0,244.0,351.0,568.0,349.0,433.0,235.0,208.0,342.3333333333333,94.29916931412083,432.0,244.0,323.14285714285717,98.67020585673072,443.0,185.0,332.7142857142857,100.71928130389603,568.0,185.0,311.26666666666665,90.53859277462328,568.0,124.0,289.3333333333333,95.31903017826154,568.0,121.0,287.47777777777776,95.4550576970638,568.0,121.0,327.8031717969595,318.9258311486258,307.6019055810797,443.0,568.0,349.0,433.0,448.25,6.129050210060545
2025-09-01,2025,9,1,0,Monday,36,3,0,0,6.8,0.1,Sunny,0,0,0,0,25,355.0,301.0,313.0,314.0,323.07142857142856,315.1666666666667,474.0,276,0.0,1.0,-0.8660254037844384,-0.5000000000000004,244,-0.8717063187093217,-0.4900286664290594,-0.9350162426854147,-0.3546048870425359,0,Spring,0,1,0,0,3,0,0,0,1,974,0,0,0,0,0,0,0,458.0,432.0,244.0,301.0,241.0,351.0,348.0,139.0,378.0,116.77328461595954,458.0,244.0,325.2857142857143,101.81963511640664,458.0,185.0,324.85714285714283,83.82661330926354,458.0,185.0,316.4,94.3959379605296,568.0,124.0,293.05,97.48749159225093,568.0,121.0,290.25555555555553,96.74506765130793,568.0,121.0,360.3523788477196,337.46905366214236,317.3050084468165,355.0,301.0,241.0,351.0,312.0,5.6240175061873385
2025-09-02,2025,9,2,1,Tuesday,36,3,0,0,16.5,1.2,Cloudy,0,0,0,0,25,185.0,316.0,433.0,312.42857142857144,312.92857142857144,306.53333333333336,328.0,174,0.7818314824680298,0.6234898018587336,-0.8660254037844384,-0.5000000000000004,245,-0.8800122039735356,-0.4749510720670502,-0.9350162426854147,-0.3546048870425359,0,Spring,0,1,0,0,1,1,0,0,0,975,0,0,0,0,0,0,0,276.0,458.0,432.0,316.0,124.0,268.0,300.0,336.0,388.6666666666667,98.43441132720422,458.0,276.0,314.0,102.35396100461098,458.0,185.0,323.07142857142856,84.63629362041969,458.0,185.0,315.1666666666667,94.68316798064188,568.0,124.0,291.85,97.24245864184999,568.0,121.0,291.77777777777777,95.40696718932215,568.0,121.0,339.2642841357897,329.2731798405234,314.6401691921832,185.0,316.0,124.0,268.0,223.25,5.1647859739235145
2025-09-03,2025,9,3,2,Wednesday,36,3,0,0,12.7,3.7,Cloudy,0,0,0,0,25,252.0,243.0,351.0,312.0,313.35714285714283,303.1333333333333,249.0,249,0.9749279121818236,-0.22252093395631434,-0.8660254037844384,-0.5000000000000004,246,-0.888057322629493,-0.4597327394521046,-0.9350162426854147,-0.3546048870425359,0,Spring,0,1,0,0,1,1,0,0,0,976,0,0,0,0,0,0,0,174.0,276.0,458.0,243.0,338.0,177.0,546.0,213.0,302.6666666666667,143.8656780936066,458.0,174.0,312.42857142857144,104.72162645613913,458.0,174.0,312.92857142857144,93.5845683249707,458.0,174.0,306.53333333333336,95.3739403912148,568.0,124.0,289.75,98.41689688879842,568.0,121.0,289.97777777777776,96.08902447324276,568.0,121.0,297.94821310184227,308.5700891951203,305.56660988946174,252.0,243.0,338.0,177.0,252.5,5.521460917862246
2025-09-04,2025,9,4,3,Thursday,36,3,0,0,11.3,0.6,Cloudy,0,0,0,0,25,351.0,253.0,268.0,295.1428571428572,311.92857142857144,301.96666666666664,264.0,233,0.43388373911755823,-0.900968867902419,-0.8660254037844384,-0.5000000000000004,247,-0.8958392907349089,-0.4443781781046134,-0.9350162426854147,-0.3546048870425359,0,Spring,0,1,0,0,1,1,0,0,0,977,0,0,0,0,0,0,0,249.0,174.0,276.0,253.0,295.0,322.0,325.0,250.0,233.0,52.84884104689435,276.0,174.0,312.0,105.01587181628035,458.0,174.0,313.35714285714283,93.2528466406956,458.0,174.0,303.1333333333333,95.55201989360033,568.0,124.0,284.8,92.60757372841836,568.0,121.0,290.3777777777778,95.83958715956615,568.0,121.0,285.71115982638173,300.62741063577096,301.9171511869158,351.0,253.0,295.0,322.0,305.25,5.455321115357702
2025-09-05,2025,9,5,4,Friday,36,3,0,0,12.2,1.1,Cloudy,0,0,1,0,25,244.0,374.0,177.0,306.7142857142857,308.42857142857144,306.9,457.0,325,-0.433883739117558,-0.9009688679024191,-0.8660254037844384,-0.5000000000000004,248,-0.9033558023246842,-0.4288919379124841,-0.9350162426854147,-0.3546048870425359,0,Spring,0,1,0,0,1,1,0,0,0,978,0,0,0,0,0,1,1,233.0,249.0,174.0,374.0,216.0,287.0,190.0,419.0,218.66666666666666,39.50105483823488,249.0,174.0,295.14285714285717,107.16098259383536,458.0,174.0,311.92857142857144,94.39480452270031,458.0,174.0,301.96666666666664,96.2072057425091,568.0,124.0,283.26666666666665,92.6922860167214,568.0,121.0,290.18888888888887,95.93676457179536,568.0,121.0,272.53336986978627,291.6104225510015,297.4708833684051,244.0,374.0,216.0,287.0,280.25,5.786897381366708
2025-09-06,2025,9,6,5,Saturday,36,3,0,0,12.4,0.1,Sunny,0,0,0,1,20,432.0,341.0,322.0,325.2857142857143,324.2142857142857,314.9,274.0,562,-0.9749279121818236,-0.2225209339563146,-0.8660254037844384,-0.5000000000000004,249,-0.9106046300942162,-0.41327860778290443,-0.9350162426854147,-0.3546048870425359,1,Spring,0,1,0,0,3,0,0,0,1,979,0,0,0,1,0,0,1,325.0,233.0,249.0,341.0,260.0,402.0,224.0,273.0,269.0,49.152822909777,325.0,233.0,306.7142857142857,105.07095108499233,458.0,174.0,308.42857142857144,92.81140039863487,458.0,174.0,306.9,93.32972694181824,568.0,124.0,285.51666666666665,92.02606330645496,568.0,121.0,289.14444444444445,95.0260237698486,568.0,121.0,285.6500274023397,296.06236621086794,299.2469554091532,432.0,341.0,260.0,402.0,358.75,6.333279628139691
2025-09-07,2025,9,7,6,Sunday,36,3,0,0,7.3,1.2,Cloudy,0,0,0,0,25,458.0,443.0,287.0,307.1428571428572,316.2142857142857,316.3666666666667,629.0,331,-0.7818314824680299,0.6234898018587334,-0.8660254037844384,-0.5000000000000004,250,-0.9175836260593934,-0.3975428142825566,-0.9350162426854147,-0.3546048870425359,1,Spring,0,1,0,0,1,1,0,0,0,980,0,0,0,0,0,0,0,562.0,325.0,233.0,443.0,568.0,349.0,217.0,326.0,373.3333333333333,169.7419610271226,562.0,233.0,325.2857142857143,137.4162948679602,562.0,174.0,324.2142857142857,114.93488361906132,562.0,174.0,314.9,104.30900711595866,568.0,124.0,291.15,98.32613063729163,568.0,121.0,292.35555555555555,99.26282342778768,568.0,121.0,354.73752055175476,331.5207173827522,316.19876473759496,458.0,443.0,568.0,349.0,454.5,5.805134968916488
2025-09-08,2025,9,8,0,Monday,37,3,0,0,17.0,1.7,Cloudy,0,0,0,0,25,276.0,355.0,402.0,306.7142857142857,310.35714285714283,312.06666666666666,354.0,273,0.0,1.0,-0.8660254037844384,-0.5000000000000004,251,-0.9242907221930934,-0.3816892202666586,-0.970941817426052,-0.23931566428755774,0,Spring,0,1,0,0,1,1,0,0,0,981,0,0,0,0,0,0,0,331.0,562.0,325.0,355.0,301.0,241.0,322.0,287.0,406.0,135.13326755466198,562.0,325.0,307.14285714285717,124.77637138955015,562.0,174.0,316.2142857142857,109.81465403923983,562.0,174.0,316.3666666666667,104.2124763638449,568.0,124.0,293.05,97.96980250765985,568.0,121.0,292.4111111111111,99.28326227159647,568.0,121.0,348.8031404138161,331.45128839838526,317.1536831416211,276.0,355.0,301.0,241.0,293.25,5.6131281063880705
2025-09-09,2025,9,9,1,Tuesday,37,3,0,0,12.6,1.7,Cloudy,0,0,0,0,25,174.0,185.0,349.0,318.7142857142857,315.57142857142856,309.03333333333336,261.0,258,0.7818314824680298,0.6234898018587336,-0.8660254037844384,-0.5000000000000004,252,-0.9307239310379793,-0.3657225234972692,-0.970941817426052,-0.23931566428755774,0,Spring,0,1,0,0,1,1,0,0,0,982,0,0,0,0,0,0,0,273.0,331.0,562.0,185.0,316.0,124.0,250.0,275.0,388.6666666666667,152.88666826552668,562.0,273.0,306.7142857142857,124.9062505584549,562.0,174.0,310.35714285714283,109.77361820012554,562.0,174.0,312.06666666666666,103.21385009084092,568.0,124.0,292.23333333333335,97.92860884020857,568.0,121.0,292.25555555555553,99.30280115436494,568.0,121.0,329.8523553103621,323.65778327860056,314.3050584228069,174.0,185.0,316.0,124.0,199.75,5.556828061699537
2025-09-10,2025,9,10,2,Wednesday,37,3,0,0,13.8,0.8,Cloudy,0,0,0,0,25,249.0,252.0,241.0,321.57142857142856,316.7857142857143,309.96666666666664,236.0,269,0.9749279121818236,-0.22252093395631434,-0.8660254037844384,-0.5000000000000004,253,-0.9368813462954315,-0.34964745525122826,-0.970941817426052,-0.23931566428755774,0,Spring,0,1,0,0,1,1,0,0,0,983,0,0,0,0,0,0,0,258.0,273.0,331.0,252.0,243.0,338.0,343.0,202.0,287.3333333333333,38.5529938310013,331.0,258.0,318.7142857142857,113.54986318165035,562.0,233.0,315.57142857142856,104.99063275851164,562.0,174.0,309.03333333333336,103.42796371465886,568.0,124.0,292.3666666666667,97.87556379761298,568.0,121.0,292.06666666666666,99.35214863404802,568.0,121.0,311.8892664827716,314.90341217478715,310.67247400843223,249.0,252.0,243.0,338.0,270.5,5.598421958998375
2025-09-11,2025,9,11,3,Thursday,37,3,0,0,15.4,0.8,Cloudy,0,0,0,0,25,233.0,351.0,124.0,323.7142857142857,309.42857142857144,314.1,337.0,248,0.43388373911755823,-0.900968867902419,-0.8660254037844384,-0.5000000000000004,254,-0.9427611433904206,-0.33346877891818705,-0.970941817426052,-0.23931566428755774,0,Spring,0,1,0,0,1,1,0,0,0,984,0,0,0,0,0,0,0,269.0,258.0,273.0,351.0,253.0,295.0,255.0,404.0,266.6666666666667,7.767453465147352,273.0,258.0,321.57142857142856,111.74055835260744,562.0,233.0,316.7857142857143,104.29483250819179,562.0,174.0,309.96666666666664,102.9179396356653,568.0,124.0,291.1333333333333,97.69278492288335,568.0,121.0,292.81111111111113,98.91977165092116,568.0,121.0,301.1669498620787,308.78295721814885,307.98392729821086,233.0,351.0,253.0,295.0,283.0,5.517452896464707
2025-09-12,2025,9,12,4,Friday,37,3,0,0,9.4,0.2,Partly Cloudy,0,0,0,0,25,325.0,244.0,338.0,312.42857142857144,309.57142857142856,311.03333333333336,309.0,246,-0.433883739117558,-0.9009688679024191,-0.8660254037844384,-0.5000000000000004,255,-0.9483615800121716,-0.31719128858910595,-0.970941817426052,-0.23931566428755774,0,Spring,0,1,0,0,2,0,1,0,0,985,0,0,0,0,0,0,0,248.0,269.0,258.0,244.0,374.0,216.0,250.0,264.0,258.3333333333333,10.503967504387647,269.0,248.0,323.7142857142857,109.8873882446852,562.0,248.0,309.42857142857144,105.3234682634058,562.0,174.0,314.1,97.54127331545284,568.0,174.0,291.01666666666665,97.7408353962398,568.0,121.0,291.0777777777778,98.31447225958202,568.0,121.0,287.87521239655905,300.67856292239566,304.1139965047779,325.0,244.0,374.0,216.0,289.75,5.5093883366279774
2025-09-13,2025,9,13,5,Saturday,37,3,0,0,13.9,0.9,Cloudy,0,0,0,0,25,562.0,432.0,295.0,285.7142857142857,305.5,313.7,300.0,375,-0.9749279121818236,-0.2225209339563146,-0.8660254037844384,-0.5000000000000004,256,-0.9536809966304455,-0.300819807635668,-0.970941817426052,-0.23931566428755774,1,Spring,0,1,0,0,1,1,0,0,0,986,0,0,0,0,0,0,0,246.0,248.0,269.0,432.0,341.0,260.0,170.0,376.0,254.33333333333334,12.74100990240697,269.0,246.0,312.42857142857144,113.72313916240823,562.0,246.0,309.57142857142856,105.22921083609101,562.0,174.0,311.03333333333336,98.20790168832067,568.0,174.0,290.95,97.77064565881936,568.0,121.0,290.8777777777778,98.38845595225531,568.0,121.0,277.40640929741926,293.38808786607626,300.36470640769545,562.0,432.0,341.0,260.0,398.75,5.929589143389895
2025-09-14,2025,9,14,6,Sunday,37,3,0,0,11.7,0.2,Sunny,0,0,0,0,25,331.0,458.0,216.0,302.42857142857144,304.7857142857143,321.43333333333334,513.0,448,-0.7818314824680299,0.6234898018587334,-0.8660254037844384,-0.5000000000000004,257,-0.9587178169872964,-0.2843591872810036,-0.970941817426052,-0.23931566428755774,1,Spring,0,1,0,0,3,0,0,0,1,987,0,0,0,1,0,0,0,375.0,246.0,248.0,458.0,443.0,568.0,167.0,213.0,289.6666666666667,73.90759997005196,375.0,246.0,285.7142857142857,48.702204897774934,375.0,246.0,305.5,101.15163788171462,562.0,174.0,313.7,98.84161834592376,568.0,174.0,294.3666666666667,97.05161420197545,568.0,121.0,290.8666666666667,98.3787909910142,568.0,121.0,301.80480697306444,304.2696761505994,305.17988663945704,331.0,458.0,443.0,568.0,450.0,6.1070228877422545
2025-09-15,2025,9,15,0,Monday,38,3,0,0,15.0,2.9,Cloudy,0,0,0,0,25,273.0,276.0,260.0,295.7142857142857,301.2142857142857,320.3,297.0,226,0.0,1.0,-0.8660254037844384,-0.5000000000000004,258,-0.9634705485641486,-0.26781430516217486,-0.992708874098054,-0.12053668025532357,0,Spring,0,1,0,0,1,1,0,0,0,988,0,0,0,0,0,0,0,448.0,375.0,246.0,276.0,355.0,301.0,197.0,141.0,356.3333333333333,102.28554801795417,448.0,246.0,302.42857142857144,78.06163620895437,448.0,246.0,304.7857142857143,100.02090440843352,562.0,174.0,321.43333333333334,100.00299420804654,568.0,174.0,299.05,97.57976745693341,568.0,121.0,293.47777777777776,99.40217118079165,568.0,121.0,338.35360522979835,323.4337193305195,314.3940875014275,273.0,276.0,355.0,301.0,301.25,5.424950017481403
2025-09-16,2025,9,16,1,Tuesday,38,3,0,1,6.1,6.8,Rainy,0,0,0,0,25,258.0,174.0,568.0,285.85714285714283,302.2857142857143,307.6666666666667,437.0,189,0.7818314824680298,0.6234898018587336,-0.8660254037844384,-0.5000000000000004,259,-0.9679377830240641,-0.25119006388481957,-0.992708874098054,-0.12053668025532357,0,Spring,0,1,0,0,0,0,0,1,0,989,0,0,0,0,0,1,1,226.0,448.0,375.0,174.0,185.0,316.0,163.0,163.0,349.6666666666667,113.14739649383546,448.0,226.0,295.7142857142857,82.88689941865472,448.0,226.0,301.2142857142857,102.00088881319118,562.0,174.0,320.3,100.9117572863567,568.0,174.0,299.53333333333336,97.13653969867784,568.0,121.0,294.4222222222222,98.33524152277784,568.0,121.0,310.26520392234875,310.44255675311695,308.69124314649673,258.0,174.0,185.0,316.0,233.25,5.247024072160486
2025-09-17,2025,9,17,2,Wednesday,38,3,0,1,12.2,7.0,Rainy,0,0,0,1,20,269.0,249.0,301.0,285.0,303.2857142857143,306.4,506.0,263,0.9749279121818236,-0.22252093395631434,-0.8660254037844384,-0.5000000000000004,260,-0.9721181966290612,-0.23449138957041052,-0.992708874098054,-0.12053668025532357,0,Spring,0,1,0,0,0,0,0,1,0,990,0,0,0,0,0,1,2,189.0,226.0,448.0,249.0,252.0,243.0,344.0,203.0,287.6666666666667,140.07973919640636,448.0,189.0,285.85714285714283,91.7486213728011,448.0,189.0,302.2857142857143,100.63141318038315,562.0,189.0,307.6666666666667,92.17836283376111,562.0,174.0,299.96666666666664,96.57349298861799,568.0,121.0,294.7111111111111,97.98236993957643,568.0,121.0,279.94890294176156,294.25021585270133,300.969227459626,269.0,249.0,252.0,243.0,253.25,5.575949103146316
2025-09-18,2025,9,18,3,Thursday,38,3,0,1,10.7,4.0,Cloudy,0,0,0,0,25,248.0,233.0,316.0,289.57142857142856,306.6428571428572,305.2,415.0,280,0.43388373911755823,-0.900968867902419,-0.8660254037844384,-0.5000000000000004,261,-0.9760105506323682,-0.21772323039653224,-0.992708874098054,-0.12053668025532357,0,Spring,0,1,0,0,1,1,0,0,0,991,0,0,0,0,0,1,1,263.0,189.0,226.0,233.0,351.0,253.0,434.0,262.0,226.0,36.99999999999871,263.0,189.0,285.0,91.96013629104057,448.0,189.0,303.2857142857143,100.12947661858503,562.0,189.0,306.4,92.53353539346512,562.0,174.0,298.6166666666667,96.5136491035174,568.0,121.0,295.3777777777778,97.55454570784696,568.0,121.0,275.71167720632116,290.0835204056745,298.5195998815856,248.0,233.0,351.0,253.0,271.25,5.638354669333745
2025-09-19,2025,9,19,4,Friday,38,3,0,1,13.8,1.8,Cloudy,0,0,0,0,25,246.0,325.0,243.0,310.42857142857144,311.42857142857144,310.1666666666667,496.0,392,-0.433883739117558,-0.9009688679024191,-0.8660254037844384,-0.5000000000000004,262,-0.9796136916454901,-0.20089055513063528,-0.992708874098054,-0.12053668025532357,0,Spring,0,1,0,0,1,1,0,0,0,992,0,0,0,0,0,1,1,280.0,263.0,189.0,325.0,244.0,374.0,310.0,246.0,244.0,48.38388161361075,280.0,189.0,289.57142857142856,90.59959003376233,448.0,189.0,306.64285714285717,98.36400775678929,562.0,189.0,305.2,92.63811682917049,562.0,174.0,296.05,94.88627001462424,568.0,121.0,295.5777777777778,97.50378589915826,568.0,121.0,276.78375790474087,288.73905101825125,297.3247869859994,246.0,325.0,244.0,374.0,297.25,5.973809611869261
2025-09-20,2025,9,20,5,Saturday,38,3,0,1,13.9,2.4,Cloudy,0,0,1,0,25,375.0,562.0,253.0,329.85714285714283,307.7857142857143,318.76666666666665,383.0,511,-0.9749279121818236,-0.2225209339563146,-0.8660254037844384,-0.5000000000000004,263,-0.9829265519799822,-0.18399835165767986,-0.992708874098054,-0.12053668025532357,1,Spring,0,1,0,0,1,1,0,0,0,993,0,1,0,0,0,1,2,392.0,280.0,263.0,562.0,432.0,341.0,231.0,240.0,311.6666666666667,70.08803987367044,392.0,263.0,310.42857142857144,95.56648147207508,448.0,189.0,311.42857142857144,100.92244873832753,562.0,189.0,310.1666666666667,93.18098197754045,562.0,174.0,297.4166666666667,95.67783011304809,568.0,121.0,297.2,97.88346660037945,568.0,121.0,305.58781842855564,302.5071775491511,303.4328652449672,375.0,562.0,432.0,341.0,427.5,6.238324625039508
2025-09-21,2025,9,21,6,Sunday,38,3,0,1,10.4,0.7,Cloudy,0,0,1,0,25,448.0,331.0,374.0,352.7142857142857,327.57142857142856,326.56666666666666,650.0,608,-0.7818314824680299,0.6234898018587334,-0.8660254037844384,-0.5000000000000004,264,-0.9859481499638303,-0.1670516255021195,-0.992708874098054,-0.12053668025532357,1,Spring,0,1,0,0,1,1,0,0,0,994,0,1,0,0,0,1,2,511.0,392.0,280.0,331.0,458.0,443.0,207.0,132.0,394.3333333333333,115.51767541520734,511.0,280.0,329.85714285714283,121.25376773723892,511.0,189.0,307.7857142857143,91.67935643100948,511.0,189.0,318.76666666666665,99.4199325513029,562.0,174.0,302.0833333333333,99.14897055230566,568.0,121.0,300.2111111111111,100.24391538534898,568.0,121.0,356.9408638214167,330.3062205425976,316.82429329367903,448.0,331.0,458.0,443.0,420.0,6.411818267709897
2025-09-22,2025,9,22,0,Monday,39,3,0,1,10.4,2.0,Cloudy,0,0,0,0,25,226.0,273.0,341.0,355.57142857142856,325.6428571428572,323.4,369.0,246,0.0,1.0,-0.8660254037844384,-0.5000000000000004,265,-0.9886775902323404,-0.15005539834465262,-1.0,-1.8369701987210297e-16,0,Spring,0,1,0,0,1,1,0,0,0,995,0,0,0,0,0,1,1,608.0,511.0,392.0,273.0,276.0,355.0,461.0,315.0,503.6666666666667,108.1865672499741,608.0,392.0,352.7142857142857,157.0368473593746,608.0,189.0,327.57142857142856,121.96324432808713,608.0,189.0,326.56666666666666,112.2536178153896,608.0,174.0,308.76666666666665,105.91527900961067,608.0,121.0,305.5,103.76445344024395,608.0,121.0,419.7056478660625,367.3320578035846,335.609822758603,226.0,273.0,276.0,355.0,282.5,5.5093883366279774
2025-09-23,2025,9,23,1,Tuesday,39,3,0,1,12.2,1.2,Cloudy,0,0,0,0,25,189.0,258.0,443.0,367.0,326.42857142857144,317.6,427.0,269,0.7818314824680298,0.6234898018587336,-0.8660254037844384,-0.5000000000000004,266,-0.9911140639934546,-0.13301470653419636,-1.0,-1.8369701987210297e-16,0,Spring,0,1,0,0,1,1,0,0,0,996,0,0,0,0,0,1,1,246.0,608.0,511.0,258.0,174.0,185.0,219.0,298.0,455.0,187.38463117342317,608.0,246.0,355.57142857142856,154.50874532191526,608.0,189.0,325.64285714285717,123.10071370339581,608.0,189.0,323.4,113.16865655995957,608.0,174.0,305.18333333333334,104.30228098756564,608.0,121.0,304.73333333333335,103.94821528373589,608.0,121.0,376.2792358995469,351.15445009644,329.8285438709512,189.0,258.0,174.0,185.0,201.5,5.598421958998375
2025-09-24,2025,9,24,2,Wednesday,39,3,0,1,9.8,1.3,Cloudy,0,0,1,0,25,263.0,269.0,355.0,371.2857142857143,328.1428571428572,315.53333333333336,344.0,293,0.9749279121818236,-0.22252093395631434,-0.8660254037844384,-0.5000000000000004,267,-0.9932568492674143,-0.11593459959550066,-1.0,-1.8369701987210297e-16,0,Spring,0,1,0,0,1,1,0,0,0,997,0,0,0,0,0,1,2,269.0,246.0,608.0,269.0,249.0,252.0,310.0,291.0,374.3333333333333,202.6877730237648,608.0,246.0,367.0,142.63706858083358,608.0,246.0,326.42857142857144,122.67011063806763,608.0,189.0,317.6,111.27059282481639,608.0,174.0,306.01666666666665,103.80057340664396,608.0,121.0,304.4111111111111,104.01424863978791,608.0,121.0,349.4594269246602,340.2005234169147,325.90412168572857,263.0,269.0,249.0,252.0,258.25,5.683579767338681
2025-09-25,2025,9,25,3,Thursday,39,3,0,1,15.0,2.8,Cloudy,0,0,0,0,25,280.0,248.0,185.0,382.0,335.7857142857143,321.2,374.0,355,0.43388373911755823,-0.900968867902419,-0.8660254037844384,-0.5000000000000004,268,-0.9951053111006974,-0.09882013873287211,-1.0,-1.8369701987210297e-16,0,Spring,0,1,0,0,1,1,0,0,0,998,0,0,0,0,0,1,1,293.0,269.0,246.0,248.0,233.0,351.0,305.0,428.0,269.3333333333333,23.50177298276071,293.0,246.0,371.2857142857143,139.40554064277666,608.0,246.0,328.14285714285717,121.97153333895027,608.0,189.0,315.53333333333336,111.12767845833955,608.0,174.0,305.73333333333335,103.81271707256658,608.0,121.0,304.43333333333334,104.01156482803859,608.0,121.0,335.34457019349514,333.9071202946594,323.781275125359,280.0,248.0,233.0,351.0,278.0,5.87493073085203
2025-09-26,2025,9,26,4,Friday,39,3,0,1,11.4,0.7,Cloudy,0,0,1,0,25,392.0,246.0,252.0,384.4285714285714,347.42857142857144,326.43333333333334,498.0,409,-0.433883739117558,-0.9009688679024191,-0.8660254037844384,-0.5000000000000004,269,-0.99665890175417,-0.08167639533042288,-1.0,-1.8369701987210297e-16,0,Spring,0,1,0,0,1,1,0,0,0,999,0,0,0,0,0,1,2,355.0,293.0,269.0,246.0,325.0,244.0,233.0,497.0,305.6666666666667,44.377171308378955,355.0,269.0,382.0,133.99751241472143,608.0,246.0,335.7857142857143,119.89814816779138,608.0,189.0,321.2,108.54631936770467,608.0,174.0,306.56666666666666,104.00723030060131,608.0,121.0,303.6222222222222,103.3194650594675,608.0,121.0,340.25842764512134,336.7195042553715,325.7953864075939,392.0,246.0,325.0,244.0,301.75,6.016157159698354
2025-09-27,2025,9,27,5,Saturday,39,3,0,1,3.8,0.8,Cloudy,0,0,0,0,25,511.0,375.0,351.0,367.0,348.42857142857144,327.7,322.0,389,-0.9749279121818236,-0.2225209339563146,-0.8660254037844384,-0.5000000000000004,270,-0.9979171608653922,-0.06450844944931625,-1.0,-1.8369701987210297e-16,1,Spring,0,1,0,0,1,1,0,0,0,1000,0,1,0,0,0,1,1,409.0,355.0,293.0,375.0,562.0,432.0,121.0,420.0,352.3333333333333,58.04595880277284,409.0,293.0,384.42857142857144,134.362516031391,608.0,246.0,347.42857142857144,118.41369092213084,608.0,189.0,326.43333333333334,108.87914316383939,608.0,174.0,309.5,104.37846716051988,608.0,121.0,302.64444444444445,101.87515063597877,608.0,121.0,357.443820733841,346.3569036879886,331.1634259942008,511.0,375.0,562.0,432.0,470.0,5.966146739123692
2025-09-28,2025,9,28,6,Sunday,39,3,0,1,11.4,5.2,Rainy,0,0,0,1,20,608.0,448.0,244.0,326.57142857142856,339.6428571428572,330.4,744.0,325,-0.7818314824680299,0.6234898018587334,-0.8660254037844384,-0.5000000000000004,271,-0.9988797155850335,-0.04732138832243232,-1.0,-1.8369701987210297e-16,1,Spring,0,1,0,0,0,0,0,1,0,1001,0,1,0,0,0,1,2,389.0,409.0,355.0,448.0,331.0,458.0,156.0,243.0,384.3333333333333,27.300793639255126,409.0,355.0,367.0,122.60641636282102,608.0,246.0,348.42857142857144,118.7231519678725,608.0,189.0,327.7,109.39461942262321,608.0,174.0,313.96666666666664,101.87961767289475,608.0,124.0,302.3,101.52571490276046,608.0,121.0,365.33286555038075,352.0426498629235,334.89481786554273,608.0,448.0,331.0,458.0,461.25,5.786897381366708
2025-09-29,2025,9,29,0,Monday,40,3,0,1,9.4,0.1,Sunny,0,0,0,0,25,246.0,226.0,432.0,331.85714285714283,343.7142857142857,325.43333333333334,346.0,283,0.0,1.0,-0.8660254037844384,-0.5000000000000004,272,-0.9995462806873573,-0.03012030484690836,-0.992708874098054,0.1205366802553232,0,Spring,0,1,0,0,3,0,0,0,1,1002,0,0,0,0,0,1,1,325.0,389.0,409.0,226.0,273.0,276.0,189.0,449.0,374.3333333333333,43.87862045840999,409.0,325.0,326.57142857142856,61.14969921664219,409.0,246.0,339.64285714285717,115.28933978530533,608.0,189.0,330.4,108.25117662815123,608.0,174.0,316.78333333333336,99.75225101179909,608.0,124.0,303.2111111111111,101.35536486795037,608.0,121.0,355.24964916278554,348.4369632145337,334.25644251937865,246.0,226.0,273.0,276.0,255.25,5.648974238161206
2025-09-30,2025,9,30,1,Tuesday,40,3,0,1,7.6,1.3,Cloudy,0,0,0,0,25,269.0,189.0,458.0,329.85714285714283,348.42857142857144,318.6666666666667,338.0,255,0.7818314824680298,0.6234898018587336,-0.8660254037844384,-0.5000000000000004,273,-0.9999166586547379,-0.012910296075008843,-0.992708874098054,0.1205366802553232,0,Spring,0,1,0,0,1,1,0,0,0,1003,0,0,0,0,0,1,1,283.0,325.0,389.0,189.0,258.0,174.0,304.0,235.0,332.3333333333333,53.37914698956144,389.0,283.0,331.85714285714283,54.232304553125466,409.0,269.0,343.7142857142857,111.92471959823077,608.0,189.0,325.43333333333334,106.83783500476612,608.0,174.0,318.35,98.44086670325595,608.0,124.0,301.3666666666667,100.1760753244779,608.0,121.0,337.18723687208916,339.71203478592923,330.9495752600639,269.0,189.0,258.0,174.0,222.5,5.545177444479562
2025-10-01,2025,10,1,2,Wednesday,40,4,0,1,10.1,4.9,Cloudy,1,0,1,0,25,293.0,263.0,276.0,344.42857142857144,357.85714285714283,322.6333333333333,252.0,395,0.9749279121818236,-0.22252093395631434,-1.0,-1.8369701987210297e-16,274,-0.9999907397361901,0.004303538296243821,-0.992708874098054,0.1205366802553232,0,Spring,0,1,0,0,1,1,0,0,0,1004,0,0,0,0,1,1,3,255.0,283.0,325.0,263.0,269.0,249.0,313.0,348.0,287.6666666666667,35.23256069792852,325.0,255.0,329.85714285714283,57.11808987069059,409.0,255.0,348.42857142857144,106.1477303541644,608.0,246.0,318.6666666666667,104.55631491452644,608.0,174.0,317.53333333333336,98.7646520632519,608.0,124.0,301.5888888888889,100.04930182916875,608.0,121.0,316.64042765406685,328.417096814472,326.04960266264044,293.0,263.0,269.0,249.0,268.5,5.981414211254481
2025-10-02,2025,10,2,3,Thursday,40,4,0,1,15.4,1.9,Cloudy,1,1,0,1,20,355.0,280.0,174.0,390.2857142857143,386.1428571428572,339.3666666666667,338.0,676,0.43388373911755823,-0.900968867902419,-1.0,-1.8369701987210297e-16,275,-0.9997685019798909,0.021516097436222233,-0.992708874098054,0.1205366802553232,0,Spring,0,1,0,0,1,1,0,0,0,1005,0,0,0,0,0,1,4,395.0,255.0,283.0,280.0,248.0,233.0,433.0,300.0,311.0,74.08103670980772,395.0,255.0,344.42857142857144,59.12376043198827,409.0,255.0,357.85714285714283,103.81259531027386,608.0,246.0,322.6333333333333,105.13750711472443,608.0,174.0,318.9,99.2669231612342,608.0,124.0,302.1111111111111,100.41626221809108,608.0,121.0,336.23032074055016,337.2948172392091,330.49801539408304,355.0,280.0,248.0,233.0,279.0,6.517671272912275
2025-10-03,2025,10,3,4,Friday,40,4,0,0,20.3,1.6,Cloudy,1,1,0,0,25,409.0,392.0,249.0,419.4285714285714,401.9285714285714,351.5,321.0,613,-0.433883739117558,-0.9009688679024191,-1.0,-1.8369701987210297e-16,276,-0.9992500112396835,0.03872228089217399,-0.992708874098054,0.1205366802553232,0,Spring,0,1,0,0,1,1,0,0,0,1006,0,0,0,0,0,1,2,676.0,395.0,255.0,392.0,246.0,325.0,351.0,546.0,442.0,214.3991604461171,676.0,255.0,390.2857142857143,139.0931513839012,676.0,255.0,386.14285714285717,131.2817622478495,676.0,246.0,339.3666666666667,119.61705660099207,676.0,189.0,322.95,108.52624848473093,676.0,124.0,306.2888888888889,107.87229699707645,676.0,121.0,421.1727405554126,382.45550827398125,352.78846601381963,409.0,392.0,246.0,325.0,343.0,6.419994928147142
2025-10-04,2025,10,4,5,Saturday,40,4,0,0,16.3,0.6,Cloudy,1,1,0,0,25,389.0,511.0,233.0,446.2857142857143,406.6428571428572,362.9666666666666,509.0,577,-0.9749279121818236,-0.2225209339563146,-1.0,-1.8369701987210297e-16,277,-0.9984354211555643,0.05591699010060302,-0.992708874098054,0.1205366802553232,1,Spring,0,1,0,0,1,1,0,0,0,1007,0,0,1,0,0,1,2,613.0,676.0,395.0,511.0,375.0,562.0,268.0,325.0,561.3333333333334,147.45281731229542,676.0,395.0,419.42857142857144,162.98656094175107,676.0,255.0,401.92857142857144,144.6467656506243,676.0,246.0,351.5,128.2819497072349,676.0,189.0,327.31666666666666,114.76556674688858,676.0,124.0,307.03333333333336,109.75984509603396,676.0,121.0,469.12955541655947,413.19477383745044,369.5763069161539,389.0,511.0,375.0,562.0,459.25,6.359573868672378
2025-10-05,2025,10,5,6,Sunday,40,4,0,0,12.6,0.8,Cloudy,1,1,0,0,25,325.0,608.0,325.0,507.0,416.7857142857143,377.1333333333333,686.0,750,-0.7818314824680299,0.6234898018587334,-1.0,-1.8369701987210297e-16,278,-0.9973249731081555,0.07309512989807776,-0.992708874098054,0.1205366802553232,1,Spring,0,1,0,0,1,1,0,0,0,1008,0,0,1,0,0,1,2,577.0,613.0,676.0,608.0,448.0,331.0,177.0,190.0,622.0,50.10987926546846,676.0,577.0,446.2857142857143,172.35691097807722,676.0,255.0,406.64285714285717,149.4701447641769,676.0,246.0,362.96666666666664,132.6253430125453,676.0,189.0,332.46666666666664,118.91664459436282,676.0,124.0,309.8333333333333,113.37798470483631,676.0,121.0,496.0971665624196,435.03547065912375,382.95848066349885,325.0,608.0,448.0,331.0,428.0,6.621405651764134
2025-10-06,2025,10,6,0,Monday,41,4,0,0,16.8,3.8,Cloudy,1,1,0,0,25,283.0,246.0,562.0,540.8571428571429,436.3571428571428,375.73333333333335,626.0,520,0.0,1.0,-1.0,-1.8369701987210297e-16,279,-0.9959189961471792,0.0902516100310407,-0.9709418174260521,0.23931566428755738,0,Spring,0,1,0,0,1,1,0,0,0,1009,0,0,0,0,0,1,2,750.0,577.0,613.0,246.0,226.0,273.0,322.0,224.0,646.6666666666666,91.28161552762506,750.0,577.0,507.0,195.77623281014831,750.0,255.0,416.7857142857143,167.87045306124855,750.0,246.0,377.1333333333333,149.99166260354144,750.0,189.0,342.01666666666665,128.81605485614227,750.0,124.0,316.05555555555554,121.78258035901989,750.0,121.0,559.5728749218147,477.03074123790725,406.6385786852086,283.0,246.0,226.0,273.0,257.0,6.255750041753367
2025-10-07,2025,10,7,1,Tuesday,41,4,0,0,13.2,1.6,Cloudy,1,1,0,0,25,255.0,269.0,331.0,554.0,441.9285714285714,376.26666666666665,290.0,347,0.7818314824680298,0.6234898018587336,-1.0,-1.8369701987210297e-16,280,-0.994217906893952,0.10738134666416306,-0.9709418174260521,0.23931566428755738,0,Spring,0,1,0,0,1,1,0,0,0,1010,0,0,0,0,0,1,2,520.0,750.0,577.0,269.0,189.0,258.0,287.0,217.0,615.6666666666666,119.7761801583819,750.0,520.0,540.8571428571429,169.28223826047505,750.0,255.0,436.35714285714283,162.3076884016453,750.0,255.0,375.73333333333335,148.39414741998974,750.0,189.0,345.31666666666666,130.81523931162715,750.0,124.0,319.34444444444443,123.25657546660574,750.0,121.0,549.679656191361,482.75997573951963,413.9522187700339,255.0,269.0,189.0,258.0,242.75,5.8522024797744745
2025-10-08,2025,10,8,2,Wednesday,41,4,0,0,12.2,1.4,Cloudy,1,1,0,0,25,395.0,293.0,273.0,553.7142857142857,449.07142857142856,380.26666666666665,432.0,393,0.9749279121818236,-0.22252093395631434,-1.0,-1.8369701987210297e-16,281,-0.9922222094179324,0.12447926388678869,-0.9709418174260521,0.23931566428755738,0,Spring,0,1,0,0,1,1,0,0,0,1011,0,0,0,0,0,1,2,347.0,520.0,750.0,293.0,263.0,269.0,402.0,322.0,539.0,202.17071993738318,750.0,347.0,554.0,145.2560956839106,750.0,347.0,441.92857142857144,157.38510548514844,750.0,255.0,376.26666666666665,148.25651892007565,750.0,189.0,346.31666666666666,130.59102827785208,750.0,124.0,320.7888888888889,122.80463103338454,750.0,121.0,499.0097421435207,464.65864564091703,409.6327207848704,395.0,293.0,263.0,269.0,305.0,5.976350909297934
2025-10-09,2025,10,9,3,Thursday,41,4,0,0,10.4,0.2,Partly Cloudy,1,1,0,0,25,676.0,355.0,258.0,510.2857142857143,450.2857142857143,384.06666666666666,549.0,372,0.43388373911755823,-0.900968867902419,-1.0,-1.8369701987210297e-16,282,-0.989932495087353,0.141540295217043,-0.9709418174260521,0.23931566428755738,0,Spring,0,1,0,0,2,0,1,0,0,1012,0,0,0,0,0,1,2,393.0,347.0,520.0,355.0,280.0,248.0,349.0,250.0,420.0,89.60468737739016,520.0,347.0,553.7142857142857,145.62247340951467,750.0,347.0,449.07142857142856,152.29296881881396,750.0,255.0,380.26666666666665,146.98766857339965,750.0,189.0,346.1666666666667,130.53114008187293,750.0,124.0,321.5777777777778,123.04032204500521,750.0,121.0,472.50730660764054,455.1041595554614,408.55964202455624,676.0,355.0,280.0,248.0,389.75,5.921578419643816
2025-10-10,2025,10,10,4,Friday,41,4,0,0,8.0,0.0,Sunny,1,1,0,0,25,613.0,409.0,269.0,492.7142857142857,456.07142857142856,391.4333333333333,498.0,490,-0.433883739117558,-0.9009688679024191,-1.0,-1.8369701987210297e-16,283,-0.9873494423939864,0.15855938510313475,-0.9709418174260521,0.23931566428755738,0,Spring,0,1,0,0,3,0,0,0,1,1013,0,0,0,0,0,1,2,372.0,393.0,347.0,409.0,392.0,246.0,241.0,343.0,370.6666666666667,23.02896726588404,393.0,347.0,510.2857142857143,148.3798215006727,750.0,347.0,450.2857142857143,151.55117367331118,750.0,255.0,384.06666666666666,145.18025260732375,750.0,189.0,346.55,130.57336725874933,750.0,124.0,322.93333333333334,122.91486045774973,750.0,121.0,447.3804799557304,444.0236049480666,406.2009554423268,613.0,409.0,392.0,246.0,415.0,6.19644412779452
2025-10-11,2025,10,11,5,Saturday,41,4,0,0,13.4,6.6,Rainy,1,1,1,0,25,577.0,389.0,248.0,496.8571428571428,471.57142857142856,403.3666666666667,532.0,606,-0.9749279121818236,-0.2225209339563146,-1.0,-1.8369701987210297e-16,284,-0.9844738167520923,0.17553149042142777,-0.9709418174260521,0.23931566428755738,1,Spring,0,1,0,0,0,0,0,1,0,1014,0,0,1,0,1,1,3,490.0,372.0,393.0,389.0,511.0,375.0,124.0,255.0,418.3333333333333,62.947067710364074,490.0,372.0,492.7142857142857,141.30311896264533,750.0,347.0,456.07142857142856,151.39985991544867,750.0,255.0,391.43333333333334,144.74655217937314,750.0,189.0,350.7,131.11765967239575,750.0,124.0,324.56666666666666,124.15494578065557,750.0,121.0,458.0353599667978,450.15379095499105,411.60734541378963,577.0,389.0,511.0,375.0,463.0,6.408528791059498
2025-10-12,2025,10,12,6,Sunday,41,4,0,0,15.6,0.9,Cloudy,1,1,0,0,25,750.0,325.0,246.0,475.1428571428572,491.07142857142856,415.1,702.0,598,-0.7818314824680299,0.6234898018587334,-1.0,-1.8369701987210297e-16,285,-0.9813064702716093,0.19245158197082995,-0.9709418174260521,0.23931566428755738,1,Spring,0,1,0,0,1,1,0,0,0,1015,0,0,1,0,0,1,2,606.0,490.0,372.0,325.0,608.0,448.0,338.0,250.0,489.3333333333333,117.00142449275205,606.0,372.0,496.85714285714283,144.57342836938003,750.0,347.0,471.57142857142856,155.06857752705304,750.0,255.0,403.3666666666667,147.2493740595166,750.0,189.0,358.73333333333335,131.7568210264871,750.0,174.0,328.46666666666664,127.41520202811337,750.0,121.0,495.0265199750983,470.9332854943256,424.14880699999674,750.0,325.0,608.0,448.0,532.75,6.395261598115449
2025-10-13,2025,10,13,0,Monday,42,4,0,0,14.6,1.8,Cloudy,1,1,0,0,25,520.0,283.0,375.0,469.1428571428572,505.0,418.53333333333336,543.0,478,0.0,1.0,-1.0,-1.8369701987210297e-16,286,-0.9778483415056568,0.20931464596304888,-0.9350162426854148,0.35460488704253557,0,Spring,0,1,0,0,1,1,0,0,0,1016,0,0,0,0,0,1,2,598.0,606.0,490.0,283.0,246.0,226.0,295.0,170.0,564.6666666666666,64.78682993736584,606.0,490.0,475.14285714285717,106.6590027008641,606.0,347.0,491.07142857142856,152.36063709588407,750.0,255.0,415.1,148.29801077559978,750.0,189.0,363.06666666666666,135.29150782808057,750.0,174.0,332.3333333333333,130.2559278557902,750.0,121.0,520.7698899813238,487.8755140950822,435.36501299999696,520.0,283.0,246.0,226.0,318.75,6.171700597410915
2025-10-14,2025,10,14,1,Tuesday,42,4,0,0,13.3,0.2,Sunny,1,1,0,0,25,347.0,255.0,448.0,482.7142857142857,518.3571428571429,418.3333333333333,465.0,442,0.7818314824680298,0.6234898018587336,-1.0,-1.8369701987210297e-16,287,-0.9741004551724206,0.22611568550828803,-0.9350162426854148,0.35460488704253557,0,Spring,0,1,0,0,3,0,0,0,1,1017,0,0,0,0,0,1,2,478.0,598.0,606.0,255.0,269.0,189.0,216.0,167.0,560.6666666666666,71.70309151865882,606.0,478.0,469.14285714285717,104.88156585951096,606.0,347.0,505.0,140.3128372875849,750.0,255.0,418.53333333333336,148.52974468930853,750.0,189.0,366.1166666666667,135.7928496740494,750.0,174.0,335.75555555555553,129.98879045112355,750.0,121.0,510.07741748599284,486.5587788824046,438.1156573225778,347.0,255.0,269.0,189.0,265.0,6.093569770045136
2025-10-15,2025,10,15,2,Wednesday,42,4,0,0,11.2,2.3,Cloudy,1,1,0,0,25,393.0,395.0,226.0,496.0,524.8571428571429,427.0,329.0,486,0.9749279121818236,-0.22252093395631434,-1.0,-1.8369701987210297e-16,288,-0.970063921851507,0.2428497220959358,-0.9350162426854148,0.35460488704253557,0,Spring,0,1,0,0,1,1,0,0,0,1018,0,0,0,0,0,1,2,442.0,478.0,598.0,395.0,293.0,263.0,260.0,197.0,506.0,81.6823114266475,598.0,442.0,482.7142857142857,91.76912023426782,606.0,372.0,518.3571428571429,122.44660195232173,750.0,347.0,418.3333333333333,148.4927336741529,750.0,189.0,369.8833333333333,134.6882265143544,750.0,174.0,338.81111111111113,129.20716702252747,750.0,121.0,493.05806311449464,480.6176083647507,438.36626007595993,393.0,395.0,293.0,263.0,336.0,6.18826412308259
2025-10-16,2025,10,16,3,Thursday,42,4,0,0,17.4,5.4,Rainy,1,1,0,0,25,372.0,676.0,189.0,488.4285714285714,499.3571428571428,431.3333333333333,412.0,319,0.43388373911755823,-0.900968867902419,-1.0,-1.8369701987210297e-16,289,-0.965739937654855,0.25951179706979943,-0.9350162426854148,0.35460488704253557,0,Spring,0,1,0,0,0,0,0,1,0,1019,0,0,0,0,0,1,2,486.0,442.0,478.0,676.0,355.0,280.0,568.0,163.0,468.6666666666667,23.43786110832559,486.0,442.0,496.0,82.92164976651195,606.0,372.0,524.8571428571429,117.71860655678152,750.0,347.0,427.0,144.4115288166853,750.0,189.0,373.65,134.72329772223014,750.0,174.0,342.02222222222224,129.23439012318534,750.0,121.0,491.293547335871,481.335260582784,441.4394045871884,372.0,676.0,355.0,280.0,420.75,5.768320995793772
2025-10-17,2025,10,17,4,Friday,42,4,0,0,9.7,1.7,Cloudy,1,1,0,0,25,490.0,613.0,263.0,479.7142857142857,486.2142857142857,436.8666666666667,463.0,429,-0.433883739117558,-0.9009688679024191,-1.0,-1.8369701987210297e-16,290,-0.9611297838723007,0.27609697309746883,-0.9350162426854148,0.35460488704253557,0,Spring,0,1,0,0,1,1,0,0,0,1020,0,0,0,0,0,1,2,319.0,486.0,442.0,613.0,409.0,392.0,301.0,344.0,415.6666666666667,86.55826554023112,486.0,319.0,488.42857142857144,97.30340374803161,606.0,319.0,499.35714285714283,121.07823735271143,750.0,319.0,431.3333333333333,138.86767040984518,750.0,246.0,369.5,132.45101428996605,750.0,174.0,343.75555555555553,127.84500017565182,750.0,121.0,448.22016050190325,459.69055917174614,433.5400881622085,490.0,613.0,409.0,392.0,476.0,6.063785208687608
2025-10-18,2025,10,18,5,Saturday,42,4,0,0,18.1,0.3,Sunny,1,1,1,0,25,606.0,577.0,280.0,527.5714285714286,512.2142857142857,458.9,1200.0,941,-0.9749279121818236,-0.2225209339563146,-1.0,-1.8369701987210297e-16,291,-0.9562348265919058,0.2926003356333479,-0.9350162426854148,0.35460488704253557,1,Spring,0,1,0,0,3,0,0,0,1,1021,0,0,1,1,1,1,3,429.0,319.0,486.0,577.0,389.0,511.0,316.0,434.0,411.3333333333333,84.89012506371495,486.0,319.0,479.7142857142857,99.83772547775465,606.0,319.0,486.2142857142857,117.7338449289676,750.0,319.0,436.8666666666667,135.1874135473015,750.0,246.0,371.6333333333333,132.3598032414842,750.0,174.0,344.7,128.160402480816,750.0,121.0,443.41512037642747,455.5984846155133,433.2471792485177,606.0,577.0,389.0,511.0,520.75,6.848005274576363
2025-10-19,2025,10,19,6,Sunday,42,4,0,0,11.0,1.7,Cloudy,1,1,0,0,25,598.0,750.0,392.0,518.4285714285714,496.7857142857143,463.6333333333333,630.0,534,-0.7818314824680299,0.6234898018587334,-1.0,-1.8369701987210297e-16,292,-0.9510565162951536,0.30901699437494723,-0.9350162426854148,0.35460488704253557,1,Spring,0,1,0,0,1,1,0,0,0,1022,0,0,1,0,0,1,2,941.0,429.0,319.0,750.0,325.0,608.0,243.0,310.0,563.0,331.94577870489604,941.0,319.0,527.5714285714286,200.25388647319457,941.0,319.0,512.2142857142857,168.55046200398925,941.0,319.0,458.9,160.27699084117899,941.0,246.0,382.05,151.16501534550545,941.0,174.0,350.3333333333333,142.47317902529178,941.0,121.0,567.8113402823205,520.3186866667783,466.00542574861333,598.0,750.0,325.0,608.0,570.25,6.282266746896006
2025-10-20,2025,10,20,0,Monday,43,4,0,0,12.0,2.9,Cloudy,1,0,1,0,25,478.0,520.0,511.0,496.0,482.57142857142856,457.3,610.0,321,0.0,1.0,-1.0,-1.8369701987210297e-16,293,-0.9455963874271428,0.3253420847119795,-0.8854560256532101,0.464723172043768,0,Spring,0,1,0,0,1,1,0,0,0,1023,0,0,0,0,1,1,2,534.0,941.0,429.0,520.0,283.0,246.0,253.0,231.0,634.6666666666666,270.43730018866324,941.0,429.0,518.4285714285714,197.95021019005202,941.0,319.0,496.7857142857143,154.40216148916903,941.0,319.0,463.6333333333333,160.3299363991237,941.0,246.0,386.9,151.29628581592823,941.0,174.0,352.8222222222222,143.7118354049363,941.0,121.0,559.3585052117404,522.1428617778745,470.39217247450927,478.0,520.0,283.0,246.0,381.75,5.7745515455444085
2025-10-21,2025,10,21,1,Tuesday,43,4,0,0,9.1,1.0,Cloudy,1,0,0,0,25,442.0,347.0,608.0,474.2857142857143,478.5,446.7,319.0,290,0.7818314824680298,0.6234898018587336,-1.0,-1.8369701987210297e-16,294,-0.9398560579418953,0.341570769167856,-0.8854560256532101,0.464723172043768,0,Spring,0,1,0,0,1,1,0,0,0,1024,0,0,0,0,0,1,1,321.0,534.0,941.0,347.0,255.0,269.0,374.0,207.0,598.6666666666666,315.01798890433724,941.0,321.0,496.0,211.71049415022725,941.0,319.0,482.57142857142856,161.11472944444276,941.0,319.0,457.3,162.13684088575835,941.0,246.0,388.03333333333336,150.52900690864897,941.0,174.0,353.8222222222222,143.16671964176447,941.0,121.0,499.7688789088053,495.3238135408246,460.7539677987345,442.0,347.0,255.0,269.0,328.25,5.673323267171493
2025-10-22,2025,10,22,2,Wednesday,43,4,0,0,13.0,4.2,Cloudy,1,0,0,0,25,486.0,393.0,246.0,452.2857142857143,474.1428571428572,449.56666666666666,464.0,332,0.9749279121818236,-0.22252093395631434,-1.0,-1.8369701987210297e-16,295,-0.9338372288229252,0.35769823883312546,-0.8854560256532101,0.464723172043768,0,Spring,0,1,0,0,1,1,0,0,0,1025,0,0,0,0,0,1,1,290.0,321.0,534.0,393.0,395.0,293.0,341.0,461.0,381.6666666666667,132.83197406247163,534.0,290.0,474.2857142857143,225.5169722258279,941.0,290.0,478.5,165.4656599279275,941.0,290.0,446.7,162.33960784682827,941.0,246.0,386.6333333333333,151.05145230330618,941.0,174.0,354.74444444444447,142.47598347674335,941.0,121.0,447.326659181604,467.9473050687147,449.7375827794613,486.0,393.0,395.0,293.0,391.75,5.808142489980444
2025-10-23,2025,10,23,3,Thursday,43,4,0,0,18.9,2.1,Cloudy,1,0,0,0,25,319.0,372.0,269.0,460.0,474.2142857142857,453.03333333333336,344.0,373,0.43388373911755823,-0.900968867902419,-1.0,-1.8369701987210297e-16,296,-0.9275416835791965,0.3737197147904692,-0.8854560256532101,0.464723172043768,0,Spring,0,1,0,0,1,1,0,0,0,1026,0,0,0,0,0,1,1,332.0,290.0,321.0,372.0,676.0,355.0,443.0,219.0,314.3333333333333,21.779194965221517,332.0,290.0,452.2857142857143,231.61297767735627,941.0,290.0,474.14285714285717,168.66254754703215,941.0,290.0,449.56666666666666,159.40615731051818,941.0,255.0,386.48333333333335,151.10199627018923,941.0,174.0,353.31111111111113,142.0432474453425,941.0,121.0,418.49499438620296,449.8209977262194,442.14160969691545,319.0,372.0,676.0,355.0,430.5,5.924255797414532
2025-10-24,2025,10,24,4,Friday,43,4,0,0,17.1,4.6,Cloudy,1,0,0,1,20,429.0,490.0,293.0,462.8571428571428,471.2857142857143,458.23333333333335,291.0,449,-0.433883739117558,-0.9009688679024191,-1.0,-1.8369701987210297e-16,297,-0.9209712877166346,0.38963044953078774,-0.8854560256532101,0.464723172043768,0,Spring,0,1,0,0,1,1,0,0,0,1027,0,0,0,0,0,1,2,373.0,332.0,290.0,490.0,613.0,409.0,355.0,310.0,331.6666666666667,41.50100400391694,373.0,290.0,460.0,227.29276275323878,941.0,290.0,474.2142857142857,168.61616793152436,941.0,290.0,453.03333333333336,156.44729934154918,941.0,255.0,385.31666666666666,150.9283690989543,941.0,174.0,355.02222222222224,141.3328987344029,941.0,121.0,407.1212457896522,439.5781980293902,437.68086068421127,429.0,490.0,613.0,409.0,485.25,6.1092475827643655
2025-10-25,2025,10,25,5,Saturday,43,4,0,0,18.9,2.0,Cloudy,1,0,0,0,25,941.0,606.0,355.0,396.4285714285714,462.0,462.26666666666665,367.0,476,-0.9749279121818236,-0.2225209339563146,-1.0,-1.8369701987210297e-16,298,-0.9141279881853337,0.4054257283599973,-0.8854560256532101,0.464723172043768,1,Spring,0,1,0,0,1,1,0,0,0,1028,0,0,1,0,0,1,1,449.0,373.0,332.0,606.0,577.0,389.0,185.0,305.0,384.6666666666667,59.36609582356859,449.0,332.0,462.85714285714283,226.9636010255307,941.0,290.0,471.2857142857143,168.6769459289325,941.0,290.0,458.23333333333335,153.50967246473365,941.0,255.0,386.8833333333333,151.09611843343245,941.0,174.0,356.56666666666666,141.59461441545193,941.0,121.0,417.59093434223917,440.8344382921382,438.4111277368428,941.0,606.0,577.0,389.0,628.25,6.1675164908883415
2025-10-26,2025,10,26,6,Sunday,43,4,0,0,17.1,0.3,Sunny,1,0,0,1,20,534.0,598.0,409.0,397.4285714285714,457.9285714285714,466.6666666666667,478.0,541,-0.7818314824680299,0.6234898018587334,-1.0,-1.8369701987210297e-16,299,-0.9070138128026362,0.42110087079608916,-0.8854560256532101,0.464723172043768,1,Spring,0,1,0,0,3,0,0,0,1,1029,0,0,1,1,0,1,2,476.0,449.0,373.0,598.0,750.0,325.0,252.0,233.0,432.6666666666667,53.40724045794847,476.0,373.0,396.42857142857144,91.04734508825155,534.0,290.0,462.0,164.2095284408586,941.0,290.0,462.26666666666665,152.28850418119896,941.0,255.0,391.73333333333335,149.16409649649594,941.0,174.0,358.46666666666664,142.0414720258866,941.0,121.0,432.1932007566794,445.52317985318643,440.8362162699497,534.0,598.0,750.0,325.0,551.75,6.295266001439646
2025-10-27,2025,10,27,0,Monday,44,4,0,0,10.6,0.7,Cloudy,1,0,0,0,25,321.0,478.0,389.0,396.4285714285714,446.2142857142857,464.1666666666667,399.0,314,0.0,1.0,-1.0,-1.8369701987210297e-16,300,-0.8996308696522434,0.4366512319560638,-0.822983865893657,0.5680647467311548,0,Spring,0,1,0,0,1,1,0,0,0,1030,0,0,0,0,0,1,1,541.0,476.0,449.0,478.0,520.0,283.0,351.0,121.0,488.6666666666667,47.28988616324981,541.0,449.0,397.42857142857144,92.83113188806416,541.0,290.0,457.92857142857144,161.25825645443766,941.0,290.0,466.6666666666667,152.60300836130153,941.0,255.0,396.55,149.24152021449106,941.0,174.0,361.8888888888889,142.69346767757983,941.0,121.0,459.3949005675096,458.25342253942824,447.2983958654368,321.0,478.0,520.0,283.0,400.5,5.752572638825633
2025-10-28,2025,10,28,1,Tuesday,44,4,0,0,13.7,0.5,Cloudy,1,0,0,0,25,290.0,442.0,325.0,398.57142857142856,436.4285714285714,463.5,305.0,305,0.7818314824680298,0.6234898018587336,-1.0,-1.8369701987210297e-16,301,-0.8919813464595487,0.45207220393230374,-0.822983865893657,0.5680647467311548,0,Spring,0,1,0,0,1,1,0,0,0,1031,0,0,0,0,0,1,1,314.0,541.0,476.0,442.0,347.0,255.0,244.0,156.0,443.6666666666667,116.90309377143588,541.0,314.0,396.42857142857144,93.82405012017173,541.0,290.0,446.2142857142857,165.58668590635676,941.0,290.0,464.1666666666667,154.5215269755334,941.0,255.0,395.93333333333334,149.50912524349002,941.0,174.0,364.03333333333336,140.4654741856592,941.0,124.0,423.0461754256322,439.0196328675045,438.6984993579893,290.0,442.0,347.0,255.0,333.5,5.723585101952381
2025-10-29,2025,10,29,2,Wednesday,44,4,0,0,11.9,4.8,Cloudy,1,0,0,0,25,332.0,486.0,283.0,407.0,429.6428571428572,467.1,266.0,391,0.9749279121818236,-0.22252093395631434,-1.0,-1.8369701987210297e-16,302,-0.8840675099433637,0.46735921715800205,-0.822983865893657,0.5680647467311548,0,Spring,0,1,0,0,1,1,0,0,0,1032,0,0,0,0,0,1,1,305.0,314.0,541.0,486.0,393.0,395.0,432.0,189.0,386.6666666666667,133.73231970370188,541.0,305.0,398.57142857142856,91.12053764630944,541.0,305.0,436.42857142857144,169.848219250063,941.0,290.0,463.5,155.18437310235956,941.0,255.0,396.95,148.66347219845846,941.0,174.0,365.68888888888887,138.85483847274006,941.0,124.0,393.5346315692242,421.15034848517064,430.07278972199003,332.0,486.0,393.0,395.0,401.5,5.971261839790462
2025-10-30,2025,10,30,3,Thursday,44,4,0,0,20.3,2.9,Cloudy,1,0,1,0,25,373.0,319.0,255.0,421.57142857142856,440.7857142857143,474.4333333333333,326.0,475,0.43388373911755823,-0.900968867902419,-1.0,-1.8369701987210297e-16,303,-0.8758917051442433,0.48250774176121763,-0.822983865893657,0.5680647467311548,0,Spring,0,1,0,0,1,1,0,0,0,1033,0,0,0,0,1,1,2,391.0,305.0,314.0,319.0,372.0,676.0,458.0,304.0,336.6666666666667,47.268735262677936,391.0,305.0,407.0,86.55056325640008,541.0,305.0,429.64285714285717,169.61295630067542,941.0,290.0,467.1,152.07424457175148,941.0,255.0,396.26666666666665,148.5938460147205,941.0,174.0,367.93333333333334,137.59358817044426,941.0,124.0,392.90097367691817,417.1303020204812,427.5519645786359,373.0,319.0,372.0,676.0,435.0,6.16541785423142
2025-10-31,2025,10,31,4,Friday,44,4,0,0,10.2,2.3,Cloudy,1,0,0,1,20,449.0,429.0,395.0,430.57142857142856,446.7142857142857,478.3333333333333,279.0,512,-0.433883739117558,-0.9009688679024191,-1.0,-1.8369701987210297e-16,304,-0.8674563547295971,0.4975132889071803,-0.822983865893657,0.5680647467311548,0,Spring,0,1,0,0,1,1,0,0,0,1034,0,0,0,0,0,1,2,475.0,391.0,305.0,429.0,490.0,613.0,276.0,313.0,390.3333333333333,85.00196076169733,475.0,305.0,421.57142857142856,88.43803318870123,541.0,305.0,440.7857142857143,166.88742339646802,941.0,290.0,474.43333333333334,146.7032386482486,941.0,290.0,396.55,148.72969737532605,941.0,174.0,369.8333333333333,137.88117747221136,941.0,124.0,413.42573025768866,424.8462617510837,430.61312815420774,449.0,429.0,490.0,613.0,495.25,6.240275845170769
2025-11-01,2025,11,1,5,Saturday,44,4,0,0,20.6,0.7,Cloudy,1,0,1,0,25,476.0,941.0,676.0,466.0,431.2142857142857,479.9333333333333,538.0,724,-0.9749279121818236,-0.2225209339563146,-0.8660254037844386,0.5000000000000001,305,-0.8587639582758031,0.5123714121284235,-0.822983865893657,0.5680647467311548,1,Spring,0,1,0,0,1,1,0,0,0,1035,0,0,1,0,1,1,2,512.0,475.0,391.0,941.0,606.0,577.0,174.0,433.0,459.3333333333333,62.00268811376758,512.0,391.0,430.57142857142856,94.67991188359765,541.0,305.0,446.7142857142857,167.907680023842,941.0,290.0,478.3333333333333,146.0725689590581,941.0,290.0,400.48333333333335,148.6081745666191,941.0,174.0,372.0444444444444,138.55351548835606,941.0,124.0,438.0692976932665,436.4667601842726,435.86389407974275,476.0,941.0,606.0,577.0,650.0,6.586171654854675
2025-11-02,2025,11,2,6,Sunday,44,4,0,0,20.6,0.4,Sunny,1,0,0,0,25,541.0,534.0,613.0,482.0,439.7142857142857,481.26666666666665,413.0,653,-0.7818314824680299,0.6234898018587334,-0.8660254037844386,0.5000000000000001,306,-0.8498170915275277,0.5270777086423724,-0.822983865893657,0.5680647467311548,1,Spring,0,1,0,0,3,0,0,0,1,1036,0,0,1,1,0,1,1,724.0,512.0,475.0,534.0,598.0,750.0,249.0,351.0,570.3333333333334,134.35897191231084,724.0,475.0,466.0,146.64924138910536,724.0,305.0,431.2142857142857,122.69861673812966,724.0,290.0,479.93333333333334,148.5541659795678,941.0,290.0,409.65,151.33897579017935,941.0,189.0,375.27777777777777,143.30591367379958,941.0,124.0,509.5519732699499,474.8045254930363,454.45332026814646,541.0,534.0,598.0,750.0,605.75,6.483107351457199
2025-11-03,2025,11,3,0,Monday,45,4,0,0,24.3,2.8,Cloudy,1,0,0,0,25,314.0,321.0,577.0,488.4285714285714,442.4285714285714,474.0,519.0,359,0.0,1.0,-0.8660254037844386,0.5000000000000001,307,-0.8406184056344783,0.5416278206559811,-0.7485107481711011,0.6631226582407952,0,Spring,0,1,0,0,1,1,0,0,0,1037,0,0,0,0,0,1,1,653.0,724.0,512.0,321.0,478.0,520.0,233.0,268.0,629.6666666666666,107.9089122053092,724.0,512.0,482.0,161.54875425084552,724.0,305.0,439.7142857142857,133.97096618379547,724.0,290.0,481.26666666666665,149.96250872464233,941.0,290.0,416.3833333333333,153.04791447221336,941.0,189.0,378.6333333333333,146.2367981172843,941.0,124.0,545.4139799524623,498.5639220939648,467.26278347665317,314.0,321.0,478.0,520.0,408.25,5.886104031450156
2025-11-04,2025,11,4,1,Tuesday,45,4,1,0,15.4,1.3,Cloudy,1,0,0,0,25,305.0,290.0,750.0,518.5714285714286,458.57142857142856,466.2,355.0,516,0.7818314824680298,0.6234898018587336,-0.8660254037844386,0.5000000000000001,308,-0.8311706263658079,0.5560174366570446,-0.7485107481711011,0.6631226582407952,0,Spring,0,1,0,0,1,1,0,0,0,1038,0,0,0,0,0,1,2,359.0,653.0,724.0,290.0,442.0,347.0,325.0,177.0,578.6666666666666,193.52088603903488,724.0,359.0,488.42857142857144,154.49040654450292,724.0,305.0,442.42857142857144,131.74726053827666,724.0,290.0,474.0,150.44462837501536,941.0,290.0,418.48333333333335,151.34397813429604,941.0,189.0,379.64444444444445,145.77713566741397,941.0,124.0,498.81048496434676,479.95539914810286,460.27808776848207,305.0,290.0,442.0,347.0,346.0,6.248042874508429
2025-11-05,2025,11,5,2,Wednesday,45,4,0,0,19.8,0.5,Cloudy,1,0,1,0,25,391.0,332.0,520.0,513.1428571428571,460.07142857142856,460.6333333333333,637.0,353,0.9749279121818236,-0.22252093395631434,-0.8660254037844386,0.5000000000000001,309,-0.8214765533024145,0.5702422926917867,-0.7485107481711011,0.6631226582407952,0,Spring,0,1,0,0,1,1,0,0,0,1039,0,0,0,0,1,1,2,516.0,359.0,653.0,332.0,486.0,393.0,562.0,322.0,509.3333333333333,147.1133349949389,653.0,359.0,518.5714285714286,131.62934974497813,724.0,359.0,458.57142857142856,125.32279201247516,724.0,305.0,466.2,141.4380332208393,941.0,290.0,421.6666666666667,151.35306872485123,941.0,189.0,383.4111111111111,144.85900889977668,941.0,124.0,503.10786372326004,484.7613459283558,463.8730498479349,391.0,332.0,486.0,393.0,400.5,5.869296913133774
2025-11-06,2025,11,6,3,Thursday,45,4,0,0,26.1,1.9,Cloudy,1,0,0,0,25,475.0,373.0,347.0,494.57142857142856,458.07142857142856,460.56666666666666,329.0,345,0.43388373911755823,-0.900968867902419,-0.8660254037844386,0.5000000000000001,310,-0.8115390590073611,0.5842981736283683,-0.7485107481711011,0.6631226582407952,0,Spring,0,1,0,0,1,1,0,0,0,1040,0,0,0,0,0,1,1,353.0,516.0,359.0,373.0,319.0,372.0,331.0,287.0,409.3333333333333,92.4247441615778,516.0,353.0,513.1428571428571,138.37801917384226,724.0,353.0,460.07142857142856,123.80783141982187,724.0,305.0,460.6333333333333,142.52972668361386,941.0,290.0,418.18333333333334,150.47106728669016,941.0,189.0,383.75555555555553,144.74815875571923,941.0,124.0,465.58089779244506,467.19316647124174,456.7199498577456,475.0,373.0,319.0,372.0,384.75,5.846438775057724
2025-11-07,2025,11,7,4,Friday,45,4,0,0,14.5,0.1,Partly Cloudy,1,0,0,0,25,512.0,449.0,393.0,482.0,456.2857142857143,461.6,429.0,424,-0.433883739117558,-0.9009688679024191,-0.8660254037844386,0.5000000000000001,311,-0.801361088174677,0.5981809144059159,-0.7485107481711011,0.6631226582407952,0,Spring,0,1,0,0,2,0,1,0,0,1041,0,0,0,0,0,1,1,345.0,353.0,516.0,449.0,429.0,490.0,273.0,402.0,404.6666666666667,96.50043177796208,516.0,345.0,494.57142857142856,152.36672552634028,724.0,345.0,458.07142857142856,125.53667210801771,724.0,305.0,460.56666666666666,142.58516712848288,941.0,290.0,418.4166666666667,150.34438338634192,941.0,189.0,384.4,144.44133368397135,941.0,124.0,435.4356733443338,450.9007442750762,449.5122111572459,512.0,449.0,429.0,490.0,470.0,6.052089168924417
2025-11-08,2025,11,8,5,Saturday,45,4,0,0,10.9,0.8,Cloudy,1,0,0,1,20,724.0,476.0,372.0,483.1428571428572,474.57142857142856,473.6,364.0,732,-0.9749279121818236,-0.2225209339563146,-0.8660254037844386,0.5000000000000001,312,-0.7909456567567774,0.6118864012687242,-0.7485107481711011,0.6631226582407952,1,Spring,0,1,0,0,1,1,0,0,0,1042,0,0,1,0,0,1,2,424.0,345.0,353.0,476.0,941.0,606.0,258.0,349.0,374.0,43.48562981031527,424.0,345.0,482.0,154.30705319805296,724.0,345.0,456.2857142857143,125.85304529882826,724.0,305.0,461.6,142.19040173242183,941.0,290.0,420.93333333333334,149.12784489924726,941.0,189.0,384.64444444444445,144.49006117300124,941.0,124.0,432.57675500825036,447.3139783717327,447.86626205032684,724.0,476.0,941.0,606.0,686.75,6.597145701886651
2025-11-09,2025,11,9,6,Sunday,45,4,0,0,9.5,1.3,Cloudy,1,0,0,0,25,653.0,541.0,490.0,434.7142857142857,458.3571428571428,467.73333333333335,610.0,314,-0.7818314824680299,0.6234898018587334,-0.8660254037844386,0.5000000000000001,313,-0.780295851070776,0.6254105729852457,-0.7485107481711011,0.6631226582407952,1,Spring,0,1,0,0,1,1,0,0,0,1043,0,0,1,0,0,1,1,732.0,424.0,345.0,541.0,534.0,598.0,269.0,241.0,500.3333333333333,204.48064293065278,732.0,345.0,483.14285714285717,156.41337173382246,732.0,345.0,474.57142857142856,145.9334486283777,732.0,305.0,473.6,149.37723595210073,941.0,290.0,428.8333333333333,152.8585439655795,941.0,189.0,388.9,148.99823164624382,941.0,124.0,507.4325662561878,485.27211458883494,466.1974709503058,653.0,541.0,534.0,598.0,581.5,5.752572638825633
2025-11-10,2025,11,10,0,Monday,46,4,0,0,19.9,0.3,Sunny,1,0,0,0,25,359.0,314.0,606.0,456.57142857142856,472.5,464.6,409.0,512,0.0,1.0,-0.8660254037844386,0.5000000000000001,314,-0.7694148268839381,0.6387494220515268,-0.6631226582407955,0.7485107481711007,0,Spring,0,1,0,0,3,0,0,0,1,1044,0,0,0,0,0,1,1,314.0,732.0,424.0,314.0,321.0,478.0,248.0,124.0,490.0,216.6748716395138,732.0,314.0,434.7142857142857,147.2704024187193,732.0,314.0,458.35714285714283,150.52350041048103,732.0,305.0,467.73333333333335,152.14147983064117,941.0,290.0,429.5833333333333,152.16987515259046,941.0,189.0,389.7111111111111,148.38147348273887,941.0,124.0,459.07442469214084,462.43583264365697,456.37827927609254,359.0,314.0,321.0,478.0,368.0,6.240275845170769
2025-11-11,2025,11,11,1,Tuesday,46,4,0,0,9.5,8.4,Rainy,1,0,0,0,25,516.0,305.0,598.0,409.4285714285714,464.0,450.8666666666667,414.0,186,0.7818314824680298,0.6234898018587336,-0.8660254037844386,0.5000000000000001,315,-0.7583058084785625,0.6518989958787125,-0.6631226582407955,0.7485107481711007,0,Spring,0,1,0,0,0,0,0,1,0,1045,0,0,0,0,0,1,1,512.0,314.0,732.0,305.0,290.0,442.0,246.0,338.0,519.3333333333334,209.0964689642872,732.0,314.0,456.57142857142856,145.50355911209115,732.0,314.0,472.5,145.12156707660358,732.0,305.0,464.6,150.15063700532,941.0,290.0,433.98333333333335,150.63948338600485,941.0,189.0,394.02222222222224,146.19511187648905,941.0,174.0,472.3058185191056,469.04438829116935,459.9667773873124,516.0,305.0,290.0,442.0,388.25,5.231108616854587
2025-11-12,2025,11,12,2,Wednesday,46,4,0,0,15.5,0.5,Cloudy,1,0,0,0,25,353.0,391.0,478.0,400.2857142857143,456.7142857142857,444.56666666666666,410.0,289,0.9749279121818236,-0.22252093395631434,-0.8660254037844386,0.5000000000000001,316,-0.7469720876965551,0.6648553979642866,-0.6631226582407955,0.7485107481711007,0,Spring,0,1,0,0,1,1,0,0,0,1046,0,0,0,0,0,1,1,186.0,512.0,314.0,391.0,332.0,486.0,375.0,295.0,337.3333333333333,164.24778029956187,512.0,186.0,409.42857142857144,173.7563976211691,732.0,186.0,464.0,158.5506470888959,732.0,186.0,450.8666666666667,156.2464307638312,941.0,186.0,432.98333333333335,152.10060137242482,941.0,186.0,392.3333333333333,147.71959467750128,941.0,174.0,400.7293638893292,431.30513651901344,442.2915014268406,353.0,391.0,332.0,486.0,390.5,5.66988092298052
2025-11-13,2025,11,13,3,Thursday,46,4,0,0,18.7,0.3,Partly Cloudy,1,0,0,0,25,345.0,475.0,442.0,416.2857142857143,455.4285714285714,445.06666666666666,394.0,457,0.43388373911755823,-0.900968867902419,-0.8660254037844386,0.5000000000000001,317,-0.7354170229639858,0.6776147890466887,-0.6631226582407955,0.7485107481711007,0,Spring,0,1,0,0,2,0,1,0,0,1047,0,0,0,0,0,1,1,289.0,186.0,512.0,475.0,373.0,319.0,448.0,216.0,329.0,166.64033125267068,512.0,186.0,400.2857142857143,178.8301934664228,732.0,186.0,456.7142857142857,164.39887168405053,732.0,186.0,444.56666666666666,158.90241710219343,941.0,186.0,431.55,153.05847171166985,941.0,186.0,392.26666666666665,147.7653621360259,941.0,174.0,372.79702291699687,412.3311183164783,432.401727141238,345.0,475.0,373.0,319.0,378.0,6.126869184114185
2025-11-14,2025,11,14,4,Friday,46,4,0,0,17.7,0.5,Cloudy,1,0,0,0,25,424.0,512.0,486.0,416.8571428571428,449.4285714285714,443.1333333333333,427.0,428,-0.433883739117558,-0.9009688679024191,-0.8660254037844386,0.5000000000000001,318,-0.7236440382959123,0.690173388242972,-0.6631226582407955,0.7485107481711007,0,Spring,0,1,0,0,1,1,0,0,0,1048,0,0,0,0,0,1,1,457.0,289.0,186.0,512.0,449.0,429.0,226.0,260.0,310.6666666666667,136.7930310115729,457.0,186.0,416.2857142857143,178.06807152108487,732.0,186.0,455.42857142857144,164.31522907355364,732.0,186.0,445.06666666666666,158.91766103396333,941.0,186.0,431.7,153.07927490937442,941.0,186.0,394.94444444444446,146.71514563109338,941.0,174.0,393.84776718774765,418.28696920761456,433.98871248696463,424.0,512.0,449.0,429.0,453.5,6.061456918928017
2025-11-15,2025,11,15,5,Saturday,46,4,0,0,18.7,2.9,Cloudy,1,0,0,1,20,732.0,724.0,319.0,413.1428571428572,448.1428571428572,456.03333333333336,430.0,706,-0.9749279121818236,-0.2225209339563146,-0.8660254037844386,0.5000000000000001,319,-0.7116566222817751,0.7025274741691566,-0.6631226582407955,0.7485107481711007,1,Spring,0,1,0,0,1,1,0,0,0,1049,0,0,1,0,0,1,2,428.0,457.0,289.0,724.0,476.0,941.0,189.0,568.0,391.3333333333333,89.80163324424076,457.0,289.0,416.85714285714283,178.1033675251808,732.0,186.0,449.42857142857144,163.62279053486859,732.0,186.0,443.1333333333333,158.75522979891295,941.0,186.0,435.06666666666666,150.68115024630055,941.0,186.0,396.81111111111113,146.0461597373664,941.0,174.0,402.38582539081074,419.58203997993263,433.6023439394186,732.0,724.0,476.0,941.0,718.25,6.561030665896573
2025-11-16,2025,11,16,6,Sunday,46,4,0,0,17.9,1.1,Cloudy,1,0,0,0,25,314.0,653.0,429.0,445.2857142857143,440.0,459.7,533.0,539,-0.7818314824680299,0.6234898018587334,-0.8660254037844386,0.5000000000000001,320,-0.6994583270516471,0.7146733860429609,-0.6631226582407955,0.7485107481711007,1,Spring,0,1,0,0,1,1,0,0,0,1050,0,0,1,0,0,1,1,706.0,428.0,457.0,653.0,541.0,534.0,263.0,301.0,530.3333333333334,152.82124634138114,706.0,428.0,413.14285714285717,170.54660025090783,706.0,186.0,448.14285714285717,161.35429585607162,732.0,186.0,456.03333333333336,163.95867505696884,941.0,186.0,443.68333333333334,151.1529129965573,941.0,186.0,398.34444444444443,148.56634436053835,941.0,174.0,478.2893690431081,457.7711013159416,451.17638626590775,314.0,653.0,541.0,534.0,510.5,6.29156913955832
2025-11-17,2025,11,17,0,Monday,47,4,0,0,22.1,1.7,Cloudy,1,0,1,0,25,512.0,359.0,941.0,455.57142857142856,456.07142857142856,447.8,564.0,584,0.0,1.0,-0.8660254037844386,0.5000000000000001,321,-0.6870527672236675,0.726607524768565,-0.5680647467311559,0.8229838658936564,0,Spring,0,1,0,0,1,1,0,0,0,1051,0,0,0,0,1,1,2,539.0,706.0,428.0,359.0,314.0,321.0,280.0,316.0,557.6666666666666,139.93689053760303,706.0,428.0,445.2857142857143,169.9487317651165,706.0,186.0,440.0,152.87450861610407,732.0,186.0,459.7,164.56214631560903,941.0,186.0,448.28333333333336,149.7542723610771,941.0,186.0,400.9888888888889,148.93188960167154,941.0,174.0,493.46702678233106,468.60162114048273,456.84242586165567,512.0,359.0,314.0,321.0,376.5,6.371611847231857
2025-11-18,2025,11,18,1,Tuesday,47,4,0,0,13.2,0.0,Sunny,1,0,0,0,25,186.0,516.0,534.0,493.4285714285714,451.4285714285714,445.03333333333336,209.0,451,0.7818314824680298,0.6234898018587336,-0.8660254037844386,0.5000000000000001,322,-0.6744436188329457,0.7383263540031063,-0.5680647467311559,0.8229838658936564,0,Spring,0,1,0,0,3,0,0,0,1,1052,0,0,0,0,0,1,1,584.0,539.0,706.0,516.0,305.0,290.0,392.0,243.0,609.6666666666666,86.4079471653684,706.0,539.0,455.57142857142856,176.7039493454682,706.0,186.0,456.07142857142856,155.5083298712341,732.0,186.0,447.8,139.56741048312614,732.0,186.0,453.35,149.10544841072343,941.0,186.0,403.96666666666664,149.88965604325048,941.0,174.0,516.1002700867483,483.98807165508504,465.04614032219405,186.0,516.0,305.0,290.0,324.25,6.113682179832232
2025-11-19,2025,11,19,2,Wednesday,47,4,0,0,14.3,0.1,Partly Cloudy,1,0,1,0,25,289.0,353.0,321.0,513.8571428571429,457.07142857142856,448.73333333333335,198.0,432,0.9749279121818236,-0.22252093395631434,-0.8660254037844386,0.5000000000000001,323,-0.661634618242279,0.749826401204568,-0.5680647467311559,0.8229838658936564,0,Spring,0,1,0,0,2,0,1,0,0,1053,0,0,0,0,1,1,2,451.0,584.0,539.0,353.0,391.0,332.0,511.0,253.0,524.6666666666666,67.64860185793268,584.0,451.0,493.42857142857144,132.07681747485358,706.0,289.0,451.42857142857144,154.54882936903974,732.0,186.0,445.03333333333336,138.61917151910697,732.0,186.0,454.3333333333333,148.88838575399217,941.0,186.0,406.27777777777777,148.9806584066395,941.0,174.0,499.8252025650612,479.5896621010737,464.13993772076225,289.0,353.0,391.0,332.0,341.25,6.07073772800249
2025-11-20,2025,11,20,3,Thursday,47,4,0,0,13.9,1.2,Cloudy,1,0,0,0,25,457.0,345.0,290.0,502.4285714285714,459.3571428571428,451.6333333333333,325.0,377,0.43388373911755823,-0.900968867902419,-0.8660254037844386,0.5000000000000001,324,-0.6486295610349818,0.7611042586607742,-0.5680647467311559,0.8229838658936564,0,Spring,0,1,0,0,1,1,0,0,0,1054,0,0,0,0,0,1,1,432.0,451.0,584.0,345.0,475.0,373.0,608.0,374.0,489.0,82.81907992727135,584.0,432.0,513.8571428571429,103.05892905101878,706.0,428.0,457.07142857142856,152.10141570459024,732.0,186.0,448.73333333333335,136.66191188813164,732.0,186.0,453.01666666666665,148.7279955713344,941.0,186.0,408.26666666666665,148.10365334734777,941.0,174.0,482.8689019237959,473.2443738209306,462.06639335168086,457.0,345.0,475.0,373.0,412.5,5.934894195619588
2025-11-21,2025,11,21,4,Friday,47,4,0,0,20.3,3.4,Cloudy,1,0,0,0,25,428.0,424.0,332.0,515.5714285714286,466.2142857142857,457.9,633.0,520,-0.433883739117558,-0.9009688679024191,-0.8660254037844386,0.5000000000000001,325,-0.6354323008901775,0.7721565844991641,-0.5680647467311559,0.8229838658936564,0,Spring,0,1,0,0,1,1,0,0,0,1055,0,0,0,0,0,1,1,377.0,432.0,451.0,424.0,512.0,449.0,246.0,341.0,420.0,38.431757701148136,451.0,377.0,502.42857142857144,114.24368274709599,706.0,377.0,459.35714285714283,150.5199231090262,732.0,186.0,451.6333333333333,134.0760163523643,732.0,186.0,449.1666666666667,147.63389977096082,941.0,186.0,408.3,148.09619178922802,941.0,174.0,456.4016764428469,460.4117906448065,456.578238941895,428.0,424.0,512.0,449.0,453.25,6.255750041753367
2025-11-22,2025,11,22,5,Saturday,47,4,0,0,20.6,4.3,Cloudy,1,0,0,0,25,706.0,732.0,373.0,491.0,452.07142857142856,463.26666666666665,347.0,534,-0.9749279121818236,-0.2225209339563146,-0.8660254037844386,0.5000000000000001,326,-0.622046748440868,0.7829801036770625,-0.5680647467311559,0.8229838658936564,1,Spring,0,1,0,0,1,1,0,0,0,1056,0,0,1,0,0,1,1,520.0,377.0,432.0,732.0,724.0,476.0,269.0,443.0,443.0,72.13182376732034,520.0,377.0,515.5714285714286,109.44535492329392,706.0,377.0,466.2142857142857,150.97130576647695,732.0,186.0,457.9,132.67781822247372,732.0,186.0,453.73333333333335,145.46475683211443,941.0,186.0,410.2888888888889,148.38389661291538,941.0,174.0,472.30125733213515,468.35688522549896,460.6699654617728,706.0,732.0,724.0,476.0,659.5,6.282266746896006
2025-11-23,2025,11,23,6,Sunday,47,4,0,0,18.8,0.2,Sunny,1,0,1,1,20,539.0,314.0,449.0,527.0,486.1428571428572,474.6666666666667,726.0,791,-0.7818314824680299,0.6234898018587334,-0.8660254037844386,0.5000000000000001,327,-0.6084768701151264,0.7935716089521472,-0.5680647467311559,0.8229838658936564,1,Spring,0,1,0,0,3,0,0,0,1,1057,0,0,1,1,1,1,3,534.0,520.0,377.0,314.0,653.0,541.0,293.0,355.0,477.0,86.88498144098185,534.0,377.0,491.0,72.70946751741988,584.0,377.0,452.07142857142856,132.27387920855355,706.0,186.0,463.26666666666665,132.3810939031266,732.0,186.0,458.15,143.77393094834395,941.0,186.0,411.3,148.91838123503365,941.0,174.0,487.72594299910133,477.10930052876574,465.400935431981,539.0,314.0,653.0,541.0,511.75,6.674561391814426
2025-11-24,2025,11,24,0,Monday,48,4,0,0,21.7,1.5,Cloudy,1,0,0,0,25,584.0,512.0,476.0,499.7142857142857,477.6428571428572,471.9,420.0,393,0.0,1.0,-0.8660254037844386,0.5000000000000001,328,-0.594726686960764,0.8039279618328208,-0.4647231720437684,0.88545602565321,0,Spring,0,1,0,0,1,1,0,0,0,1058,0,0,0,0,0,1,1,791.0,534.0,520.0,512.0,359.0,314.0,355.0,185.0,615.0,152.5811259625507,791.0,520.0,527.0,135.61219217558107,791.0,377.0,486.14285714285717,153.6754107465856,791.0,186.0,474.6666666666667,145.21383360845581,791.0,186.0,466.45,148.37920099574535,941.0,186.0,416.14444444444445,154.06897339923617,941.0,174.0,563.544457249326,518.961393791597,486.4073266944339,584.0,512.0,359.0,314.0,442.25,5.976350909297934
2025-11-25,2025,11,25,1,Tuesday,48,4,0,0,12.3,4.9,Cloudy,1,0,1,0,25,451.0,186.0,541.0,476.4285714285714,484.9285714285714,463.4666666666666,293.0,288,0.7818314824680298,0.6234898018587336,-0.8660254037844386,0.5000000000000001,329,-0.5808002734538013,0.8140460935082175,-0.4647231720437684,0.88545602565321,0,Spring,0,1,0,0,1,1,0,0,0,1059,0,0,0,0,1,1,2,393.0,791.0,534.0,186.0,516.0,305.0,409.0,252.0,572.6666666666666,201.79775353886646,791.0,393.0,499.7142857142857,141.3267069425951,791.0,377.0,477.64285714285717,155.41636739014066,791.0,186.0,471.9,145.97622621745495,791.0,186.0,467.0833333333333,147.9759819799756,941.0,186.0,418.4555555555556,152.1103355537423,941.0,174.0,520.9083429369945,502.1665412860507,480.3810475528576,451.0,186.0,516.0,305.0,364.5,5.666426688112432
2025-11-26,2025,11,26,2,Wednesday,48,4,0,0,23.7,1.0,Cloudy,1,0,1,0,25,432.0,289.0,314.0,481.2857142857143,497.57142857142856,468.53333333333336,216.0,466,0.9749279121818236,-0.22252093395631434,-0.8660254037844386,0.5000000000000001,330,-0.5667017562911184,0.8239230057575536,-0.4647231720437684,0.88545602565321,0,Spring,0,1,0,0,1,1,0,0,0,1060,0,0,0,0,1,1,2,288.0,393.0,791.0,289.0,353.0,391.0,389.0,351.0,490.6666666666667,265.34191778407927,791.0,288.0,476.42857142857144,162.52882528222224,791.0,288.0,484.92857142857144,142.55118610288935,791.0,288.0,463.46666666666664,149.12081039195684,791.0,186.0,465.06666666666666,149.596617684355,941.0,186.0,418.85555555555555,151.714513175618,941.0,174.0,462.6812572027459,473.6110024479106,467.9693670655765,432.0,289.0,353.0,391.0,366.25,6.1463292576688975
2025-11-27,2025,11,27,3,Thursday,48,4,0,0,23.1,3.5,Cloudy,1,0,0,0,25,377.0,457.0,305.0,473.57142857142856,488.0,469.1333333333333,279.0,323,0.43388373911755823,-0.900968867902419,-0.8660254037844386,0.5000000000000001,331,-0.5524353131676203,0.8335557718385695,-0.4647231720437684,0.88545602565321,0,Spring,0,1,0,0,1,1,0,0,0,1061,0,0,0,0,0,1,1,466.0,288.0,393.0,457.0,345.0,475.0,325.0,244.0,382.3333333333333,89.4781165052835,466.0,288.0,481.2857142857143,161.48448252150473,791.0,288.0,497.57142857142856,131.23772574736506,791.0,288.0,468.53333333333336,146.4251564342054,791.0,186.0,466.35,149.26291500774857,941.0,186.0,420.1333333333333,151.62084585859662,941.0,174.0,463.5109429020594,472.59620212152254,467.8423111258619,377.0,457.0,345.0,475.0,413.5,5.780743515792329
2025-11-28,2025,11,28,4,Friday,48,4,0,0,19.9,0.3,Sunny,1,0,0,0,25,520.0,428.0,391.0,470.8571428571428,493.2142857142857,472.8,197.0,501,-0.433883739117558,-0.9009688679024191,-0.8660254037844386,0.5000000000000001,332,-0.5380051715382992,0.8429415373547832,-0.4647231720437684,0.88545602565321,0,Spring,0,1,0,0,3,0,0,0,1,1062,0,0,0,0,0,1,1,323.0,466.0,288.0,428.0,424.0,512.0,283.0,432.0,359.0,94.30270409696507,466.0,288.0,473.57142857142856,168.4367904614442,791.0,288.0,488.0,139.07662525495658,791.0,288.0,469.1333333333333,145.76734730463406,791.0,186.0,466.31666666666666,149.29523607310617,941.0,186.0,421.0111111111111,150.81624316033955,941.0,174.0,428.38320717654454,452.6500418386529,458.49764589193535,520.0,428.0,424.0,512.0,471.0,6.218600119691729
2025-11-29,2025,11,29,5,Saturday,48,4,0,0,24.1,5.5,Rainy,1,0,0,0,25,534.0,706.0,475.0,454.1428571428572,472.57142857142856,470.8666666666667,330.0,417,-0.9749279121818236,-0.2225209339563146,-0.8660254037844386,0.5000000000000001,333,-0.5234156073655503,0.8520775211013093,-0.4647231720437684,0.88545602565321,1,Spring,0,1,0,0,0,0,0,1,0,1063,0,0,1,0,0,1,1,501.0,323.0,466.0,706.0,732.0,724.0,255.0,458.0,430.0,94.30270409696507,501.0,323.0,470.85714285714283,167.7154619898722,791.0,288.0,493.2142857142857,138.0184929478812,791.0,288.0,472.8,145.11621977359812,791.0,186.0,469.95,147.39896568411183,941.0,186.0,421.77777777777777,151.04793329373803,941.0,174.0,446.5374053824084,459.09670292683256,461.239733253746,534.0,706.0,732.0,724.0,674.0,6.035481432524756
2025-11-30,2025,11,30,6,Sunday,48,4,0,0,10.4,2.8,Cloudy,1,0,0,0,25,791.0,539.0,512.0,407.4285714285714,467.2142857142857,469.26666666666665,659.0,464,-0.7818314824680299,0.6234898018587334,-0.8660254037844386,0.5000000000000001,334,-0.5086709438521042,0.8609610158889945,-0.4647231720437684,0.88545602565321,1,Spring,0,1,0,0,1,1,0,0,0,1064,0,0,1,0,0,1,1,417.0,501.0,323.0,539.0,314.0,653.0,395.0,276.0,413.6666666666667,89.04680417248609,501.0,323.0,454.14285714285717,166.19710042740297,791.0,288.0,472.57142857142856,124.71611720266874,791.0,288.0,470.8666666666667,145.47182055199752,791.0,186.0,472.65,144.85665913210713,941.0,186.0,421.3222222222222,150.9992802853429,941.0,174.0,439.1530540368063,453.4838092032549,458.3855569147947,791.0,539.0,314.0,653.0,574.25,6.142037405587356
2025-12-01,2025,12,1,0,Monday,49,4,0,0,16.9,5.7,Rainy,1,0,0,0,25,393.0,584.0,724.0,405.4285714285714,452.57142857142856,457.76666666666665,416.0,379,0.0,1.0,-0.5000000000000004,0.8660254037844384,335,-0.49377555015997737,0.8695893893466109,-0.35460488704253595,0.9350162426854147,0,Summer,0,0,1,0,0,0,0,1,0,1065,0,0,0,0,0,1,1,464.0,417.0,501.0,584.0,512.0,359.0,676.0,174.0,460.6666666666667,42.09908945966748,501.0,417.0,407.42857142857144,78.6105530295973,501.0,288.0,467.2142857142857,123.24533292547835,791.0,288.0,469.26666666666665,145.26763251829772,791.0,186.0,473.8,144.50321678432343,941.0,186.0,423.4111111111111,150.26492667872537,941.0,174.0,445.3647905276047,454.8859679761543,458.7477790493241,393.0,584.0,512.0,359.0,462.0,5.940171252720432
2025-12-02,2025,12,2,1,Tuesday,49,4,0,0,15.8,2.3,Cloudy,1,0,1,0,25,288.0,451.0,653.0,419.1428571428572,447.7857142857143,448.8,371.0,384,0.7818314824680298,0.6234898018587336,-0.5000000000000004,0.8660254037844384,336,-0.4787338401157883,0.8779600847008883,-0.35460488704253595,0.9350162426854147,0,Summer,0,0,1,0,1,1,0,0,0,1066,0,0,0,0,1,1,2,379.0,464.0,417.0,451.0,186.0,516.0,613.0,249.0,420.0,42.57933771208464,464.0,379.0,405.42857142857144,79.2145970194412,501.0,288.0,452.57142857142856,120.44897693196042,791.0,288.0,457.76666666666665,137.87417635564339,791.0,186.0,468.85,142.5328775631815,941.0,186.0,425.68888888888887,147.97810682622978,941.0,186.0,428.77359289570353,444.7678389126671,453.6027610461419,288.0,451.0,186.0,516.0,360.25,5.953243334287785
2025-12-03,2025,12,3,2,Wednesday,49,4,0,0,23.1,0.9,Cloudy,1,0,0,0,25,466.0,432.0,359.0,431.2857142857143,456.2857142857143,455.2,274.0,551,0.9749279121818236,-0.22252093395631434,-0.5000000000000004,0.8660254037844384,337,-0.4635502709028512,0.8860706215341378,-0.35460488704253595,0.9350162426854147,0,Summer,0,0,1,0,1,1,0,0,0,1067,0,0,0,0,0,1,1,384.0,379.0,464.0,432.0,289.0,353.0,577.0,233.0,409.0,47.696960070844696,464.0,379.0,419.14285714285717,61.917764202283706,501.0,323.0,447.7857142857143,121.8392248140827,791.0,288.0,448.8,133.41441787360034,791.0,186.0,465.03333333333336,141.67089658025503,941.0,186.0,427.18888888888887,146.84685092968445,941.0,186.0,417.58019467177763,436.6654603909782,449.1122603334876,466.0,432.0,289.0,353.0,385.0,6.313548046277095
2025-12-04,2025,12,4,3,Thursday,49,4,0,0,14.2,5.6,Rainy,1,0,0,0,25,323.0,377.0,516.0,435.0,454.2857142857143,449.6333333333333,394.0,349,0.43388373911755823,-0.900968867902419,-0.5000000000000004,0.8660254037844384,338,-0.4482293417404106,0.893918596519257,-0.35460488704253595,0.9350162426854147,0,Summer,0,0,1,0,0,0,0,1,0,1068,0,0,0,0,0,1,1,551.0,384.0,379.0,377.0,457.0,345.0,750.0,325.0,438.0,97.89279850938858,551.0,379.0,431.2857142857143,78.6992466836342,551.0,323.0,456.2857142857143,124.76897331987868,791.0,288.0,455.2,133.5632098838699,791.0,186.0,464.6,141.36204270823293,941.0,186.0,430.72222222222223,145.9448893815032,941.0,186.0,450.9351460038332,451.9100656721811,455.6856628926175,323.0,377.0,457.0,345.0,375.5,5.857933154483459
2025-12-05,2025,12,5,4,Friday,49,4,0,0,23.3,0.6,Cloudy,1,0,0,0,25,501.0,520.0,353.0,425.57142857142856,448.2142857142857,452.3666666666667,408.0,435,-0.433883739117558,-0.9009688679024191,-0.5000000000000004,0.8660254037844384,339,-0.4327755925504317,0.9015016841318838,-0.35460488704253595,0.9350162426854147,0,Summer,0,0,1,0,1,1,0,0,0,1069,0,0,0,0,0,1,1,349.0,551.0,384.0,520.0,428.0,424.0,520.0,562.0,428.0,107.94906206169534,551.0,349.0,435.0,73.15508640324846,551.0,349.0,454.2857142857143,126.3520287325655,791.0,288.0,449.6333333333333,134.41918052106234,791.0,186.0,457.9166666666667,137.05378032205158,941.0,186.0,430.9888888888889,145.77136896519647,941.0,186.0,425.4513595028749,438.1887235825569,448.8027168995454,501.0,520.0,428.0,424.0,468.25,6.077642243349034
2025-12-06,2025,12,6,5,Saturday,49,4,0,0,26.4,0.8,Cloudy,1,0,0,0,25,417.0,534.0,345.0,483.2857142857143,468.7142857142857,468.23333333333335,437.0,821,-0.9749279121818236,-0.2225209339563146,-0.5000000000000004,0.8660254037844384,340,-0.41719360261231697,0.9088176373395028,-0.35460488704253595,0.9350162426854147,1,Summer,0,0,1,0,1,1,0,0,0,1070,0,0,1,0,0,1,1,435.0,349.0,551.0,534.0,706.0,732.0,347.0,331.0,445.0,101.37060717979227,551.0,349.0,425.57142857142856,67.245463645903,551.0,349.0,448.2142857142857,124.98626298144056,791.0,288.0,452.3666666666667,133.21475618101675,791.0,186.0,456.5,136.8403127241416,941.0,186.0,429.5777777777778,145.1020545760713,941.0,186.0,427.8385196271562,437.763560438216,447.9122190350586,417.0,534.0,706.0,732.0,597.25,6.71174039505618
2025-12-07,2025,12,7,6,Sunday,49,4,0,0,23.0,2.4,Cloudy,1,0,0,0,25,464.0,791.0,424.0,514.1428571428571,460.7857142857143,476.76666666666665,488.0,680,-0.7818314824680299,0.6234898018587334,-0.5000000000000004,0.8660254037844384,341,-0.4014879892059737,0.9158642882672868,-0.35460488704253595,0.9350162426854147,1,Summer,0,0,1,0,1,1,0,0,0,1071,0,0,1,0,0,1,1,821.0,435.0,349.0,791.0,539.0,314.0,393.0,273.0,535.0,251.38814610080513,821.0,349.0,483.2857142857143,163.35310861822668,821.0,349.0,468.7142857142857,159.03721314470735,821.0,288.0,468.23333333333335,147.56055059518428,821.0,186.0,464.4,143.91124854446687,941.0,186.0,435.02222222222224,150.45571058932512,941.0,186.0,526.1288897203672,488.8617523797873,471.98239845215164,464.0,791.0,539.0,314.0,527.0,6.523562306149512
2025-12-08,2025,12,8,0,Monday,50,4,0,0,20.9,2.9,Cloudy,1,0,0,0,25,379.0,393.0,732.0,523.0,464.2142857142857,467.06666666666666,615.0,441,0.0,1.0,-0.5000000000000004,0.8660254037844384,342,-0.38566340624360745,0.9226395488404875,-0.2393156642875578,0.970941817426052,0,Summer,0,0,1,0,1,1,0,0,0,1072,0,0,0,0,0,1,1,680.0,821.0,435.0,393.0,584.0,512.0,372.0,258.0,645.3333333333334,195.32110314385665,821.0,435.0,514.1428571428571,178.77586392969715,821.0,349.0,460.7857142857143,143.76807100938004,821.0,288.0,476.76666666666665,152.2422487315873,821.0,186.0,469.18333333333334,146.24851054338433,941.0,186.0,439.5444444444444,151.64299893530307,941.0,186.0,564.5966672902754,514.3468520624823,485.4028888745935,379.0,393.0,584.0,512.0,467.0,6.091309882077698
2025-12-09,2025,12,9,1,Tuesday,50,4,0,0,14.6,5.3,Rainy,1,0,0,0,25,384.0,288.0,314.0,503.57142857142856,461.3571428571428,464.8666666666667,410.0,248,0.7818314824680298,0.6234898018587336,-0.5000000000000004,0.8660254037844384,343,-0.3697245428906732,0.9291414114031743,-0.2393156642875578,0.970941817426052,0,Summer,0,0,1,0,0,0,0,1,0,1073,0,0,0,0,0,1,1,441.0,680.0,821.0,288.0,451.0,186.0,490.0,269.0,647.3333333333334,192.09459475303592,821.0,441.0,523.0,172.38619434281873,821.0,349.0,464.2142857142857,142.59473427079325,821.0,288.0,467.06666666666666,144.492675708263,821.0,186.0,470.3333333333333,145.7417807859739,941.0,186.0,441.5777777777778,150.40320174826658,941.0,186.0,533.6975004677065,504.5672717874847,482.53818636655524,384.0,288.0,451.0,186.0,327.25,5.517452896464707
2025-12-10,2025,12,10,2,Wednesday,50,4,0,0,15.3,0.5,Cloudy,1,0,0,0,25,551.0,466.0,512.0,483.1428571428572,457.2142857142857,461.4,440.0,408,0.9749279121818236,-0.22252093395631434,-0.5000000000000004,0.8660254037844384,344,-0.35367612217637207,0.935367949313148,-0.2393156642875578,0.970941817426052,0,Summer,0,0,1,0,1,1,0,0,0,1074,0,0,0,0,0,1,1,248.0,441.0,680.0,466.0,432.0,289.0,606.0,248.0,456.3333333333333,216.4077940678965,680.0,248.0,503.57142857142856,196.62303793711234,821.0,248.0,461.35714285714283,146.73765556406937,821.0,248.0,464.8666666666667,147.37723899813216,821.0,186.0,466.3,148.51060568188456,941.0,186.0,441.34444444444443,150.68996082895387,941.0,186.0,462.2731253507799,470.35830221582006,467.4066904719388,551.0,466.0,432.0,289.0,434.5,6.013715156042802
2025-12-11,2025,12,11,3,Thursday,50,4,0,0,25.7,3.2,Cloudy,1,0,0,0,25,349.0,323.0,186.0,495.0,465.0,469.6,356.0,432,0.43388373911755823,-0.900968867902419,-0.5000000000000004,0.8660254037844384,345,-0.33752289959411347,0.941317317512847,-0.2393156642875578,0.970941817426052,0,Summer,0,0,1,0,1,1,0,0,0,1075,0,0,0,0,0,1,1,408.0,248.0,441.0,323.0,377.0,457.0,598.0,246.0,365.6666666666667,103.22951774242236,441.0,248.0,483.14285714285717,198.2955946488548,821.0,248.0,457.2142857142857,147.41369238743258,821.0,248.0,461.4,147.45346431308744,821.0,186.0,463.0,147.55050844498328,941.0,186.0,443.1222222222222,149.32092185246967,941.0,186.0,448.7048440130849,462.04386192037737,463.5740007640718,349.0,323.0,377.0,457.0,376.5,6.07073772800249
2025-12-12,2025,12,12,4,Friday,50,4,0,0,23.4,2.7,Cloudy,1,0,0,0,25,435.0,501.0,289.0,512.1428571428571,468.8571428571428,478.4666666666666,467.0,555,-0.433883739117558,-0.9009688679024191,-0.5000000000000004,0.8660254037844384,346,-0.32126966169236515,0.9469877530760751,-0.2393156642875578,0.970941817426052,0,Summer,0,0,1,0,1,1,0,0,0,1076,0,0,0,0,0,1,1,432.0,408.0,248.0,501.0,520.0,428.0,478.0,375.0,362.6666666666667,100.02666311205773,432.0,248.0,495.0,191.29558280315854,821.0,248.0,465.0,142.57899295046636,821.0,248.0,469.6,138.1572317674869,821.0,248.0,460.23333333333335,146.52903532095812,941.0,186.0,445.18888888888887,147.84184492595816,941.0,186.0,444.5286330098137,458.0380136643271,461.5369684567124,435.0,501.0,520.0,428.0,471.0,6.320768294250582
2025-12-13,2025,12,13,5,Saturday,50,4,0,0,19.3,0.1,Sunny,1,0,0,0,25,821.0,417.0,457.0,502.7142857142857,493.0,488.4,574.0,755,-0.9749279121818236,-0.2225209339563146,-0.5000000000000004,0.8660254037844384,347,-0.3049212246562894,0.9523775757303973,-0.2393156642875578,0.970941817426052,1,Summer,0,0,1,0,3,0,0,0,1,1077,0,0,1,1,0,1,1,555.0,432.0,408.0,417.0,534.0,706.0,442.0,448.0,465.0,78.86063656856794,555.0,408.0,512.1428571428571,190.39732891283674,821.0,248.0,468.85714285714283,144.3472613807819,821.0,248.0,478.46666666666664,134.65837575479463,821.0,248.0,461.51666666666665,147.02363371259975,941.0,186.0,447.18888888888887,148.09895677806617,941.0,186.0,472.14647475736024,470.9662785090835,467.56684145950516,821.0,417.0,534.0,706.0,619.5,6.628041376179533
2025-12-14,2025,12,14,6,Sunday,50,4,0,0,17.4,1.0,Cloudy,1,0,0,0,25,680.0,464.0,428.0,497.1428571428572,505.6428571428572,495.5,531.0,641,-0.7818314824680299,0.6234898018587334,-0.5000000000000004,0.8660254037844384,348,-0.2884824328806098,0.9574851883550389,-0.2393156642875578,0.970941817426052,1,Summer,0,0,1,0,1,1,0,0,0,1078,0,0,1,0,0,1,1,755.0,555.0,432.0,464.0,791.0,539.0,486.0,226.0,580.6666666666666,163.02249333553053,755.0,432.0,502.7142857142857,173.4317486176378,755.0,248.0,493.0,162.1722730735624,821.0,248.0,488.4,143.70746147211193,821.0,248.0,466.73333333333335,151.79489581497933,941.0,186.0,450.6,151.6117009507132,941.0,186.0,542.8598560680202,508.8374413745391,486.11091620405324,680.0,464.0,791.0,539.0,618.5,6.464588303689961
2025-12-15,2025,12,15,0,Monday,51,4,0,0,9.4,0.7,Cloudy,1,0,0,0,25,441.0,379.0,706.0,483.8571428571428,503.4285714285714,483.56666666666666,422.0,348,0.0,1.0,-0.5000000000000004,0.8660254037844384,349,-0.27195815753410524,0.9623090774541487,-0.12053668025532363,0.992708874098054,0,Summer,0,0,1,0,1,1,0,0,0,1079,0,0,0,0,0,1,1,641.0,755.0,555.0,379.0,393.0,584.0,319.0,189.0,650.3333333333334,100.32613484697346,755.0,555.0,497.14285714285717,167.30553743717792,755.0,248.0,505.64285714285717,166.57712796311358,821.0,248.0,495.5,145.86596350878003,821.0,248.0,469.31666666666666,153.43838731088508,941.0,186.0,455.2111111111111,151.01369046088732,941.0,186.0,567.3948920510152,526.4591158579339,496.1037603199208,441.0,379.0,393.0,584.0,449.25,5.855071922202427
2025-12-16,2025,12,16,1,Tuesday,51,4,0,0,14.1,0.7,Cloudy,1,0,1,0,25,248.0,384.0,539.0,499.57142857142856,501.57142857142856,477.53333333333336,350.0,358,0.7818314824680298,0.6234898018587336,-0.5000000000000004,0.8660254037844384,350,-0.2553532951161881,0.9668478136052773,-0.12053668025532363,0.992708874098054,0,Summer,0,0,1,0,1,1,0,0,0,1080,0,0,0,0,1,1,2,348.0,641.0,755.0,384.0,288.0,451.0,429.0,263.0,581.3333333333334,209.95793229438394,755.0,348.0,483.85714285714283,175.9748358633783,755.0,248.0,503.42857142857144,168.5840189002842,821.0,248.0,483.56666666666666,142.65987603346983,821.0,248.0,469.8,153.0019164608018,941.0,186.0,456.97777777777776,148.77786607290903,941.0,186.0,512.5461690382614,502.664567076876,486.5486790089582,248.0,384.0,288.0,451.0,342.75,5.883322388488279
2025-12-17,2025,12,17,2,Wednesday,51,4,0,0,29.1,8.1,Rainy,1,0,0,0,25,408.0,551.0,584.0,484.7142857142857,483.9285714285714,468.2,351.0,304,0.9749279121818236,-0.22252093395631434,-0.5000000000000004,0.8660254037844384,351,-0.23867276600594997,0.9711000518829505,-0.12053668025532363,0.992708874098054,0,Summer,0,0,1,0,0,0,0,1,0,1081,0,0,0,0,0,1,1,358.0,348.0,641.0,551.0,466.0,432.0,941.0,280.0,449.0,166.35203635663675,641.0,348.0,499.57142857142856,155.07294750413152,755.0,348.0,501.57142857142856,170.13691965170693,821.0,248.0,477.53333333333336,144.05524163902567,821.0,248.0,468.6166666666667,153.5962229923455,941.0,186.0,458.03333333333336,147.71940071742296,941.0,186.0,473.90962677869607,483.37595813329256,478.25521584708997,408.0,551.0,466.0,432.0,464.25,5.720311776607412
2025-12-18,2025,12,18,3,Thursday,51,4,0,1,13.1,2.1,Cloudy,1,0,1,0,25,432.0,349.0,451.0,490.1428571428572,492.57142857142856,468.8333333333333,416.0,470,0.43388373911755823,-0.900968867902419,-0.5000000000000004,0.8660254037844384,352,-0.22192151300416674,0.9750645322571945,-0.12053668025532363,0.992708874098054,0,Summer,0,0,1,0,1,1,0,0,0,1082,0,0,0,0,1,1,3,304.0,358.0,348.0,349.0,323.0,377.0,534.0,392.0,336.6666666666667,28.728615235217095,358.0,304.0,484.7142857142857,169.60907433046788,755.0,304.0,483.92857142857144,177.27400099442485,821.0,248.0,468.2,145.97718291237982,821.0,248.0,458.0,141.965978259057,821.0,186.0,458.3,147.41575007707448,941.0,186.0,431.43222008402205,459.4591637155203,467.0129438569552,432.0,349.0,323.0,377.0,370.25,6.154858094016418
2025-12-19,2025,12,19,4,Friday,51,4,0,1,20.4,2.5,Cloudy,1,0,0,0,25,555.0,435.0,432.0,517.1428571428571,514.6428571428571,479.23333333333335,491.0,744,-0.433883739117558,-0.9009688679024191,-0.5000000000000004,0.8660254037844384,353,-0.20510449986861926,0.9787400799669153,-0.12053668025532363,0.992708874098054,0,Summer,0,0,1,0,1,1,0,0,0,1083,0,0,0,0,0,1,2,470.0,304.0,358.0,435.0,501.0,520.0,321.0,511.0,377.3333333333333,84.67191584777764,470.0,304.0,490.14285714285717,168.24330454377554,755.0,304.0,492.57142857142856,173.08988962417715,821.0,248.0,468.8333333333333,145.9411982043907,821.0,248.0,456.93333333333334,141.62529538816682,821.0,186.0,459.1666666666667,147.25077974269416,941.0,186.0,441.07416506301655,460.8646085534509,467.2056571565065,555.0,435.0,501.0,520.0,502.75,6.61338421837956
2025-12-20,2025,12,20,5,Saturday,51,4,0,1,24.5,7.5,Rainy,1,0,0,0,25,755.0,821.0,377.0,484.1428571428572,493.4285714285714,484.1333333333333,491.0,524,-0.9749279121818236,-0.2225209339563146,-0.5000000000000004,0.8660254037844384,354,-0.1882267098432439,0.9821256058680006,-0.12053668025532363,0.992708874098054,1,Summer,0,0,1,0,0,0,0,1,0,1084,0,1,1,0,0,1,2,744.0,470.0,304.0,821.0,417.0,534.0,290.0,608.0,506.0,222.1981098029409,744.0,304.0,517.1428571428571,193.63576509469937,755.0,304.0,514.6428571428571,184.50833091170745,821.0,248.0,479.23333333333335,154.11385923788723,821.0,248.0,463.98333333333335,145.22647324463145,821.0,186.0,461.75555555555553,150.1912122918244,941.0,186.0,516.8056237972623,498.61599407965747,485.0633566947964,755.0,821.0,417.0,534.0,631.75,6.263398262591624
2025-12-21,2025,12,21,6,Sunday,51,4,0,1,13.2,0.9,Cloudy,0,0,0,0,25,641.0,680.0,520.0,482.8571428571428,490.0,487.8666666666667,346.0,632,-0.7818314824680299,0.6234898018587334,-0.5000000000000004,0.8660254037844384,355,-0.1712931441814778,0.9852201067560606,-0.12053668025532363,0.992708874098054,1,Summer,0,0,1,0,1,1,0,0,0,1085,0,1,0,0,0,1,1,524.0,744.0,470.0,680.0,464.0,791.0,332.0,246.0,579.3333333333334,145.1390138223803,744.0,470.0,484.14285714285717,163.7156361616373,744.0,304.0,493.42857142857144,162.3139001989729,755.0,248.0,484.1333333333333,153.0847710467527,821.0,248.0,467.8833333333333,143.6079988880598,821.0,186.0,460.8222222222222,149.5317468661719,941.0,186.0,518.6042178479468,502.0005282023698,487.57539819835796,641.0,680.0,464.0,791.0,644.0,6.450470422144176
2025-12-22,2025,12,22,0,Monday,52,4,0,1,20.4,3.2,Cloudy,0,0,0,0,25,348.0,441.0,534.0,518.1428571428571,501.0,489.9,470.0,595,0.0,1.0,-0.5000000000000004,0.8660254037844384,356,-0.154308820664281,0.9880226656636976,6.432490598706546e-16,1.0,0,Summer,0,0,1,0,1,1,0,0,0,1086,0,0,0,0,0,1,1,632.0,524.0,744.0,441.0,379.0,393.0,373.0,269.0,633.3333333333334,110.00606043910989,744.0,524.0,482.85714285714283,162.3077617485054,744.0,304.0,490.0,158.53269500205727,755.0,248.0,487.8666666666667,155.33872517897717,821.0,248.0,472.8833333333333,144.01872426130333,821.0,186.0,465.1111111111111,148.83498474533732,941.0,186.0,546.9531633859601,519.3337911087206,496.89311444362517,348.0,441.0,379.0,393.0,390.25,6.39024066706535
2025-12-23,2025,12,23,1,Tuesday,52,4,0,1,24.2,1.1,Cloudy,0,0,0,0,25,358.0,248.0,791.0,520.4285714285714,510.0,476.0,406.0,374,0.7818314824680298,0.6234898018587336,-0.5000000000000004,0.8660254037844384,357,-0.13727877211326517,0.9905324521322227,6.432490598706546e-16,1.0,0,Summer,0,0,1,0,1,1,0,0,0,1087,0,0,0,0,0,1,1,595.0,632.0,524.0,248.0,384.0,288.0,449.0,293.0,583.6666666666666,54.884727687518875,632.0,524.0,518.1428571428571,154.77772080355405,744.0,304.0,501.0,160.20515693226687,755.0,248.0,489.9,156.3593010808205,821.0,248.0,476.5833333333333,144.26062709926666,821.0,186.0,468.73333333333335,147.9730312507251,941.0,186.0,558.9648725394701,529.4226189608912,503.22259093113325,358.0,248.0,384.0,288.0,319.5,5.926926025970411
2025-12-24,2025,12,24,2,Wednesday,52,4,0,1,19.6,4.1,Cloudy,0,0,0,0,25,304.0,408.0,393.0,547.2857142857143,516.0,479.3,605.0,492,0.9749279121818236,-0.22252093395631434,-0.5000000000000004,0.8660254037844384,358,-0.12020804489935275,0.9927487224577402,6.432490598706546e-16,1.0,0,Summer,0,0,1,0,1,1,0,0,0,1088,0,0,0,0,0,1,1,374.0,595.0,632.0,408.0,551.0,466.0,476.0,355.0,533.6666666666666,139.5074669447234,632.0,374.0,520.4285714285714,152.11383581916246,744.0,304.0,510.0,147.97089110830066,755.0,304.0,476.0,146.91940084559118,821.0,248.0,475.3333333333333,144.8275030845928,821.0,186.0,469.6333333333333,147.1361404286,941.0,186.0,512.7236544046026,508.69960309943906,494.8856495807376,304.0,408.0,551.0,466.0,432.25,6.20050917404269
2025-12-25,2025,12,25,3,Thursday,52,4,1,1,33.8,0.4,Partly Cloudy,0,0,1,0,25,470.0,432.0,288.0,586.2857142857143,538.2142857142857,494.4666666666666,1019.0,743,0.43388373911755823,-0.900968867902419,-0.5000000000000004,0.8660254037844384,359,-0.10310169744743544,0.9946708199115211,6.432490598706546e-16,1.0,0,Summer,0,0,1,0,2,0,1,0,0,1089,0,0,0,0,0,1,3,492.0,374.0,595.0,432.0,349.0,323.0,541.0,409.0,487.0,110.58480908334452,595.0,374.0,547.2857142857143,120.93347246277526,744.0,374.0,516.0,145.19376973283232,755.0,304.0,479.3,146.100378814208,821.0,248.0,475.6,144.84348068969243,821.0,186.0,471.15555555555557,146.644714053389,941.0,186.0,507.5427408034519,506.4729893528472,494.6994786400449,470.0,432.0,349.0,323.0,393.5,6.612041034833092
2025-12-26,2025,12,26,4,Friday,52,4,1,1,11.2,5.9,Rainy,0,0,1,0,25,744.0,555.0,466.0,589.1428571428571,553.1428571428571,504.4,830.0,764,-0.433883739117558,-0.9009688679024191,-0.5000000000000004,0.8660254037844384,360,-0.0859647987374467,0.9962981749346077,6.432490598706546e-16,1.0,0,Summer,0,0,1,0,0,0,0,1,0,1090,0,0,0,0,0,1,3,743.0,492.0,374.0,555.0,435.0,501.0,314.0,389.0,536.3333333333334,188.45246969284617,743.0,374.0,586.2857142857143,135.05148929909961,744.0,374.0,538.2142857142857,154.82505192408854,755.0,304.0,494.46666666666664,149.1418517855498,821.0,248.0,478.96666666666664,148.68599225813284,821.0,186.0,474.8666666666667,149.25705147741033,941.0,186.0,566.4070556025889,538.0099241058009,510.71886711488077,744.0,555.0,435.0,501.0,558.75,6.639875833826536
2025-12-27,2025,12,27,5,Saturday,52,4,0,1,24.8,0.5,Cloudy,0,0,0,0,25,524.0,755.0,323.0,602.4285714285714,543.2857142857143,514.2,453.0,617,-0.9749279121818236,-0.2225209339563146,-0.5000000000000004,0.8660254037844384,361,-0.06880242680232064,0.9976303053065857,6.432490598706546e-16,1.0,1,Summer,0,0,1,0,1,1,0,0,0,1091,0,1,0,0,0,1,1,764.0,743.0,492.0,755.0,821.0,417.0,305.0,325.0,666.3333333333334,151.34177656329112,764.0,492.0,589.1428571428571,139.0952054906144,764.0,374.0,553.1428571428571,166.22452709090027,764.0,304.0,504.4,156.90247355251117,821.0,248.0,486.46666666666664,151.54564862053758,821.0,186.0,479.03333333333336,152.04134934323736,941.0,186.0,615.8052917019417,568.1419342250274,527.0595853655336,524.0,755.0,821.0,417.0,629.25,6.42648845745769
2025-12-28,2025,12,28,6,Sunday,52,4,0,1,18.6,0.8,Cloudy,0,0,0,0,25,632.0,641.0,501.0,591.8571428571429,537.3571428571429,516.1,823.0,558,-0.7818314824680299,0.6234898018587334,-0.5000000000000004,0.8660254037844384,362,-0.05161966722325418,0.9986668162884759,6.432490598706546e-16,1.0,1,Summer,0,0,1,0,1,1,0,0,0,1092,0,1,0,0,0,1,1,617.0,764.0,743.0,641.0,680.0,464.0,391.0,283.0,708.0,79.50471684120261,764.0,617.0,602.4285714285714,136.24837264209472,764.0,374.0,543.2857142857143,157.17918660973123,764.0,304.0,514.2,154.34229759721123,821.0,248.0,491.6666666666667,150.5630862391355,821.0,186.0,482.27777777777777,151.8328492368031,941.0,186.0,616.1039687764562,574.6563429950238,532.8621927613057,632.0,641.0,680.0,464.0,604.25,6.326149473155099
2025-12-29,2025,12,29,0,Monday,1,4,0,1,23.4,2.8,Cloudy,0,0,0,0,25,595.0,348.0,417.0,586.2857142857143,552.2142857142857,520.7333333333333,450.0,556,0.0,1.0,-0.5000000000000004,0.8660254037844384,363,-0.034421611622745804,0.9994074007397048,0.12053668025532305,0.992708874098054,0,Summer,0,0,1,0,1,1,0,0,0,1093,0,0,0,0,0,1,1,558.0,617.0,764.0,348.0,441.0,379.0,475.0,255.0,646.3333333333334,106.0864427404987,764.0,558.0,591.8571428571429,136.44220824391638,764.0,374.0,537.3571428571429,154.7566860207722,764.0,304.0,516.1,154.52493382109472,821.0,248.0,494.45,150.2137939681484,821.0,186.0,485.3333333333333,150.5390314835325,941.0,186.0,601.5779765823422,572.435497262354,534.4839867767053,595.0,348.0,441.0,379.0,440.75,6.322565239927284
2025-12-30,2025,12,30,1,Tuesday,1,4,0,1,21.7,1.0,Cloudy,0,0,0,0,25,374.0,358.0,464.0,598.5714285714286,559.5,520.6,290.0,460,0.7818314824680298,0.6234898018587336,-0.5000000000000004,0.8660254037844384,364,-0.01721335615583528,0.9998518392091162,0.12053668025532305,0.992708874098054,0,Summer,0,0,1,0,1,1,0,0,0,1094,0,0,0,0,0,1,1,556.0,558.0,617.0,358.0,248.0,384.0,512.0,395.0,577.0,34.65544690232318,617.0,556.0,586.2857142857143,137.08721589522787,764.0,374.0,552.2142857142857,144.84643251039716,764.0,304.0,520.7333333333333,153.53174069976137,821.0,248.0,495.8,150.39989632163835,821.0,186.0,488.6777777777778,148.69664676465027,941.0,186.0,590.1834824367567,570.2440976273735,535.8721166620791,374.0,358.0,248.0,384.0,341.0,6.133398042996649
2025-12-31,2025,12,31,2,Wednesday,1,4,0,1,15.8,1.9,Cloudy,0,0,0,1,20,492.0,304.0,379.0,595.7142857142857,571.5,523.7,313.0,472,0.9749279121818236,-0.22252093395631434,-0.5000000000000004,0.8660254037844384,365,6.432490598706546e-16,1.0,0.12053668025532305,0.992708874098054,0,Summer,0,0,1,0,1,1,0,0,0,1095,0,0,0,0,0,1,2,460.0,556.0,558.0,304.0,408.0,551.0,724.0,676.0,524.6666666666666,56.01190349678407,558.0,460.0,598.5714285714286,117.31987206331429,764.0,460.0,559.5,136.6600217271371,764.0,304.0,520.6,153.58443707076813,821.0,248.0,494.93333333333334,150.45477575677964,821.0,186.0,489.4,148.3940851057818,941.0,186.0,557.6376118275675,555.5448846103905,530.9771413935579,492.0,304.0,408.0,551.0,438.75,6.159095388491933
