date,year,month,day,day_of_week,day_name,week_of_year,quarter,is_public_holiday,is_school_holiday,temperature,precipitation,weather_type,special_exhibition,local_event,marketing_campaign,ticket_promotion,ticket_price,visitors_last_week,visitors_last_2weeks,visitors_last_month,visitors_7day_avg,visitors_14day_avg,visitors_30day_avg,visitors_same_day_last_year,visitors
2023-01-01,2023,1,1,6,Sunday,52,1,1,0,20.6,0.7,Cloudy,0,0,1,0,25,381.69880624426077,380.6275415896488,379.10787992495307,931.0,931.0,931.0,380.9425444596443,931
2023-01-02,2023,1,2,0,Monday,1,1,1,0,21.7,1.5,Cloudy,0,0,0,0,25,381.69880624426077,380.6275415896488,379.10787992495307,677.0,677.0,677.0,380.9425444596443,423
2023-01-03,2023,1,3,1,Tuesday,1,1,0,0,14.2,2.4,Cloudy,0,0,0,0,25,381.69880624426077,380.6275415896488,379.10787992495307,523.3333333333334,523.3333333333334,523.3333333333334,380.9425444596443,216
2023-01-04,2023,1,4,2,Wednesday,1,1,0,0,17.4,4.6,Cloudy,0,0,0,0,25,381.69880624426077,380.6275415896488,379.10787992495307,460.5,460.5,460.5,380.9425444596443,272
2023-01-05,2023,1,5,3,Thursday,1,1,0,0,18.6,3.1,Cloudy,0,0,0,0,25,381.69880624426077,380.6275415896488,379.10787992495307,417.6,417.6,417.6,380.9425444596443,246
2023-01-06,2023,1,6,4,Friday,1,1,0,0,18.9,2.3,Cloudy,0,0,1,1,20,381.69880624426077,380.6275415896488,379.10787992495307,420.6666666666667,420.6666666666667,420.6666666666667,380.9425444596443,436
2023-01-07,2023,1,7,5,Saturday,1,1,0,0,26.9,2.3,Cloudy,0,0,0,0,25,381.69880624426077,380.6275415896488,379.10787992495307,426.14285714285717,426.14285714285717,426.14285714285717,380.9425444596443,459
2023-01-08,2023,1,8,6,Sunday,1,1,0,0,23.3,5.8,Rainy,0,0,0,0,25,931.0,380.6275415896488,379.10787992495307,338.14285714285717,412.25,412.25,380.9425444596443,315
2023-01-09,2023,1,9,0,Monday,2,1,0,0,14.9,0.7,Cloudy,0,0,0,0,25,423.0,380.6275415896488,379.10787992495307,313.14285714285717,394.0,394.0,380.9425444596443,248
2023-01-10,2023,1,10,1,Tuesday,2,1,0,0,21.7,0.0,Sunny,0,0,0,0,25,216.0,380.6275415896488,379.10787992495307,341.42857142857144,396.0,396.0,380.9425444596443,414
2023-01-11,2023,1,11,2,Wednesday,2,1,0,0,23.0,0.6,Cloudy,0,0,0,0,25,272.0,380.6275415896488,379.10787992495307,355.7142857142857,393.8181818181818,393.8181818181818,380.9425444596443,372
2023-01-12,2023,1,12,3,Thursday,2,1,0,0,26.2,0.5,Cloudy,0,0,0,0,25,246.0,380.6275415896488,379.10787992495307,355.42857142857144,381.3333333333333,381.3333333333333,380.9425444596443,244
2023-01-13,2023,1,13,4,Friday,2,1,0,0,28.4,2.2,Cloudy,0,0,0,0,25,436.0,380.6275415896488,379.10787992495307,345.42857142857144,380.15384615384613,380.15384615384613,380.9425444596443,366
2023-01-14,2023,1,14,5,Saturday,2,1,0,0,15.4,2.0,Cloudy,0,0,0,1,20,459.0,380.6275415896488,379.10787992495307,361.2857142857143,393.7142857142857,393.7142857142857,380.9425444596443,570
2023-01-15,2023,1,15,6,Sunday,2,1,0,0,16.4,1.8,Cloudy,0,0,0,0,25,315.0,931.0,379.10787992495307,382.57142857142856,360.35714285714283,398.4,380.9425444596443,464
2023-01-16,2023,1,16,0,Monday,3,1,0,0,14.2,0.0,Partly Cloudy,0,0,0,0,25,248.0,423.0,379.10787992495307,401.42857142857144,357.2857142857143,397.25,380.9425444596443,380
2023-01-17,2023,1,17,1,Tuesday,3,1,0,0,19.3,2.6,Cloudy,0,0,0,0,25,414.0,216.0,379.10787992495307,393.42857142857144,367.42857142857144,394.94117647058823,380.9425444596443,358
2023-01-18,2023,1,18,2,Wednesday,3,1,0,0,22.8,0.8,Cloudy,0,0,0,1,20,372.0,272.0,379.10787992495307,395.57142857142856,375.64285714285717,394.5,380.9425444596443,387
2023-01-19,2023,1,19,3,Thursday,3,1,0,0,25.4,2.2,Cloudy,0,0,1,0,25,244.0,246.0,379.10787992495307,411.7142857142857,383.57142857142856,392.5263157894737,380.9425444596443,357
2023-01-20,2023,1,20,4,Friday,3,1,0,0,20.1,1.6,Cloudy,0,0,0,0,25,366.0,436.0,379.10787992495307,411.42857142857144,378.42857142857144,391.1,380.9425444596443,364
2023-01-21,2023,1,21,5,Saturday,3,1,0,0,18.9,0.8,Cloudy,0,0,0,0,25,570.0,459.0,379.10787992495307,391.85714285714283,376.57142857142856,393.0952380952381,380.9425444596443,433
2023-01-22,2023,1,22,6,Sunday,3,1,0,0,21.3,0.3,Sunny,0,0,0,0,25,464.0,315.0,379.10787992495307,427.85714285714283,405.2142857142857,407.77272727272725,380.9425444596443,716
2023-01-23,2023,1,23,0,Monday,4,1,0,0,16.3,0.2,Sunny,0,0,0,0,25,380.0,248.0,379.10787992495307,419.0,410.2142857142857,403.8695652173913,380.9425444596443,318
2023-01-24,2023,1,24,1,Tuesday,4,1,0,0,30.9,3.6,Cloudy,0,0,0,0,25,358.0,414.0,379.10787992495307,404.14285714285717,398.7857142857143,397.625,380.9425444596443,254
2023-01-25,2023,1,25,2,Wednesday,4,1,0,0,12.5,5.0,Rainy,0,0,0,0,25,387.0,372.0,379.10787992495307,384.85714285714283,390.2142857142857,391.8,380.9425444596443,252
2023-01-26,2023,1,26,3,Thursday,4,1,1,0,21.4,2.1,Cloudy,0,0,0,0,25,357.0,244.0,379.10787992495307,418.7142857142857,415.2142857142857,399.5769230769231,380.9425444596443,594
2023-01-27,2023,1,27,4,Friday,4,1,0,0,30.6,0.2,Sunny,0,0,0,0,25,364.0,366.0,379.10787992495307,424.2857142857143,417.85714285714283,399.7037037037037,380.9425444596443,403
2023-01-28,2023,1,28,5,Saturday,4,1,0,0,20.5,1.0,Cloudy,0,0,0,0,25,433.0,570.0,379.10787992495307,441.0,416.42857142857144,405.07142857142856,380.9425444596443,550
2023-01-29,2023,1,29,6,Sunday,4,1,0,0,19.5,2.6,Cloudy,0,0,1,0,25,716.0,464.0,379.10787992495307,410.0,418.92857142857144,408.3103448275862,380.9425444596443,499
2023-01-30,2023,1,30,0,Monday,5,1,0,0,18.7,3.0,Cloudy,0,0,0,0,25,318.0,380.0,379.10787992495307,415.14285714285717,417.07142857142856,406.5,380.9425444596443,354
2023-01-31,2023,1,31,1,Tuesday,5,1,0,0,19.6,0.3,Sunny,0,0,1,0,25,254.0,358.0,931.0,438.14285714285717,421.14285714285717,389.3,380.9425444596443,415
2023-02-01,2023,2,1,2,Wednesday,5,1,0,0,27.4,0.0,Sunny,1,0,0,1,20,252.0,387.0,423.0,488.14285714285717,436.5,395.26666666666665,380.9425444596443,602
2023-02-02,2023,2,2,3,Thursday,5,1,0,0,9.4,2.5,Cloudy,1,0,0,1,20,594.0,357.0,216.0,561.0,489.85714285714283,424.8666666666667,380.9425444596443,1104
2023-02-03,2023,2,3,4,Friday,5,1,0,0,28.2,0.9,Cloudy,1,0,0,0,25,403.0,364.0,272.0,565.0,494.64285714285717,430.1666666666667,380.9425444596443,431
2023-02-04,2023,2,4,5,Saturday,5,1,0,0,13.4,0.6,Cloudy,1,0,0,1,20,550.0,433.0,246.0,576.5714285714286,508.7857142857143,443.0,380.9425444596443,631
2023-02-05,2023,2,5,6,Sunday,5,1,0,0,19.2,0.0,Sunny,1,0,0,0,25,499.0,716.0,436.0,603.8571428571429,506.92857142857144,451.46666666666664,380.9425444596443,690
2023-02-06,2023,2,6,0,Monday,6,1,0,0,18.4,1.6,Cloudy,1,0,0,0,25,354.0,318.0,459.0,602.7142857142857,508.92857142857144,447.7,380.9425444596443,346
2023-02-07,2023,2,7,1,Tuesday,6,1,0,0,23.4,3.8,Cloudy,1,0,0,0,25,415.0,254.0,315.0,615.7142857142857,526.9285714285714,454.06666666666666,380.9425444596443,506
2023-02-08,2023,2,8,2,Wednesday,6,1,0,0,12.5,6.3,Rainy,1,0,0,0,25,602.0,252.0,248.0,567.7142857142857,527.9285714285714,454.6666666666667,380.9425444596443,266
2023-02-09,2023,2,9,3,Thursday,6,1,0,0,22.8,1.7,Cloudy,1,0,0,0,25,1104.0,594.0,414.0,468.85714285714283,514.9285714285714,454.6,380.9425444596443,412
2023-02-10,2023,2,10,4,Friday,6,1,0,0,30.6,1.4,Cloudy,1,0,0,0,25,431.0,403.0,372.0,459.0,512.0,454.26666666666665,380.9425444596443,362
2023-02-11,2023,2,11,5,Saturday,6,1,0,0,13.7,0.2,Sunny,1,0,0,0,25,631.0,550.0,244.0,475.7142857142857,526.1428571428571,471.06666666666666,380.9425444596443,748
2023-02-12,2023,2,12,6,Sunday,6,1,0,0,21.4,1.6,Cloudy,1,0,0,0,25,690.0,499.0,366.0,468.42857142857144,536.1428571428571,480.1666666666667,380.9425444596443,639
2023-02-13,2023,2,13,0,Monday,7,1,0,0,17.2,1.0,Cloudy,1,0,0,1,20,346.0,354.0,570.0,477.42857142857144,540.0714285714286,474.8,380.9425444596443,409
2023-02-14,2023,2,14,1,Tuesday,7,1,0,0,22.6,1.9,Cloudy,1,0,0,0,25,506.0,415.0,464.0,465.2857142857143,540.5,473.3666666666667,380.9425444596443,421
2023-02-15,2023,2,15,2,Wednesday,7,1,0,0,20.6,1.0,Cloudy,1,0,0,0,25,266.0,602.0,380.0,475.0,521.3571428571429,471.8333333333333,380.9425444596443,334
2023-02-16,2023,2,16,3,Thursday,7,1,0,0,17.3,0.5,Cloudy,1,0,0,0,25,412.0,1104.0,358.0,470.2857142857143,469.57142857142856,472.53333333333336,380.9425444596443,379
2023-02-17,2023,2,17,4,Friday,7,1,0,0,22.9,0.2,Sunny,1,0,0,1,20,362.0,431.0,387.0,524.2857142857143,491.64285714285717,484.3,380.9425444596443,740
2023-02-18,2023,2,18,5,Saturday,7,1,0,0,29.5,0.8,Cloudy,1,0,0,0,25,748.0,631.0,357.0,507.57142857142856,491.64285714285717,493.43333333333334,380.9425444596443,631
2023-02-19,2023,2,19,6,Sunday,7,1,0,0,19.5,0.2,Sunny,1,0,0,0,25,639.0,690.0,364.0,498.7142857142857,483.57142857142856,500.53333333333336,380.9425444596443,577
2023-02-20,2023,2,20,0,Monday,8,1,0,0,24.1,0.4,Partly Cloudy,1,0,0,0,25,409.0,346.0,433.0,488.7142857142857,483.07142857142856,497.4,380.9425444596443,339
2023-02-21,2023,2,21,1,Tuesday,8,1,0,0,14.0,8.7,Rainy,1,0,0,0,25,421.0,506.0,716.0,460.7142857142857,463.0,481.03333333333336,380.9425444596443,225
2023-02-22,2023,2,22,2,Wednesday,8,1,0,0,15.7,1.2,Cloudy,1,0,0,0,25,334.0,266.0,318.0,455.57142857142856,465.2857142857143,480.3666666666667,380.9425444596443,298
2023-02-23,2023,2,23,3,Thursday,8,1,0,0,22.9,1.5,Cloudy,1,0,0,0,25,379.0,412.0,254.0,472.14285714285717,471.2142857142857,488.4,380.9425444596443,495
2023-02-24,2023,2,24,4,Friday,8,1,0,0,27.9,4.1,Cloudy,1,0,0,0,25,740.0,362.0,252.0,434.7142857142857,479.5,495.93333333333334,380.9425444596443,478
2023-02-25,2023,2,25,5,Saturday,8,1,0,0,22.3,10.8,Rainy,1,0,0,0,25,631.0,748.0,594.0,507.85714285714283,507.7142857142857,514.2333333333333,380.9425444596443,1143
2023-02-26,2023,2,26,6,Sunday,8,1,0,0,18.9,1.7,Cloudy,1,0,0,0,25,577.0,639.0,403.0,508.0,503.35714285714283,520.0666666666667,380.9425444596443,578
2023-02-27,2023,2,27,0,Monday,9,1,0,0,20.5,3.3,Cloudy,1,0,1,0,25,339.0,409.0,550.0,529.1428571428571,508.92857142857144,517.9666666666667,380.9425444596443,487
2023-02-28,2023,2,28,1,Tuesday,9,1,0,0,14.2,0.8,Cloudy,1,0,0,0,25,225.0,421.0,499.0,545.4285714285714,503.07142857142856,512.6333333333333,380.9425444596443,339
2023-03-01,2023,3,1,2,Wednesday,9,1,0,0,20.9,0.7,Cloudy,1,0,0,0,25,298.0,334.0,354.0,550.5714285714286,503.07142857142856,511.96666666666664,380.9425444596443,334
2023-03-02,2023,3,2,3,Thursday,9,1,0,0,22.0,1.0,Cloudy,1,0,0,0,25,495.0,379.0,415.0,529.8571428571429,501.0,509.8,380.9425444596443,350
2023-03-03,2023,3,3,4,Friday,9,1,0,0,16.7,2.2,Cloudy,1,0,0,0,25,478.0,740.0,602.0,501.57142857142856,468.14285714285717,499.06666666666666,380.9425444596443,280
2023-03-04,2023,3,4,5,Saturday,9,1,0,0,16.6,2.3,Cloudy,1,0,0,0,25,1143.0,631.0,1104.0,404.14285714285717,456.0,477.6333333333333,380.9425444596443,461
2023-03-05,2023,3,5,6,Sunday,9,1,0,0,19.6,0.8,Cloudy,1,0,0,0,25,578.0,577.0,431.0,382.57142857142856,445.2857142857143,477.5,380.9425444596443,427
2023-03-06,2023,3,6,0,Monday,10,1,0,0,16.8,0.3,Sunny,1,0,0,0,25,487.0,339.0,631.0,373.85714285714283,451.5,470.6666666666667,380.9425444596443,426
2023-03-07,2023,3,7,1,Tuesday,10,1,0,0,18.2,2.0,Cloudy,1,0,0,0,25,339.0,225.0,690.0,367.57142857142856,456.5,457.5,380.9425444596443,295
2023-03-08,2023,3,8,2,Wednesday,10,1,0,0,26.9,0.3,Sunny,1,0,1,0,25,334.0,298.0,346.0,381.42857142857144,466.0,460.3333333333333,380.9425444596443,431
2023-03-09,2023,3,9,3,Thursday,10,1,0,0,17.5,1.7,Cloudy,1,0,0,0,25,350.0,495.0,506.0,371.85714285714283,450.85714285714283,452.9,380.9425444596443,283
2023-03-10,2023,3,10,4,Friday,10,1,0,0,17.1,2.4,Cloudy,1,0,0,0,25,280.0,478.0,266.0,381.42857142857144,441.5,455.6,380.9425444596443,347
2023-03-11,2023,3,11,5,Saturday,10,1,0,0,15.9,2.4,Cloudy,1,0,0,0,25,461.0,1143.0,412.0,385.0,394.57142857142856,458.06666666666666,380.9425444596443,486
2023-03-12,2023,3,12,6,Sunday,10,1,0,0,21.5,2.8,Cloudy,1,0,1,0,25,427.0,578.0,362.0,394.0,388.2857142857143,462.3333333333333,380.9425444596443,490
2023-03-13,2023,3,13,0,Monday,11,1,1,0,17.8,4.1,Cloudy,1,0,0,0,25,426.0,487.0,748.0,400.14285714285717,387.0,453.03333333333336,380.9425444596443,469
2023-03-14,2023,3,14,1,Tuesday,11,1,0,0,15.9,1.4,Cloudy,1,0,0,0,25,295.0,339.0,639.0,400.85714285714283,384.2142857142857,441.73333333333335,380.9425444596443,300
2023-03-15,2023,3,15,2,Wednesday,11,1,0,0,23.8,2.6,Cloudy,1,0,0,1,20,431.0,334.0,409.0,393.85714285714283,387.64285714285717,440.8333333333333,380.9425444596443,382
2023-03-16,2023,3,16,3,Thursday,11,1,0,0,24.2,1.9,Cloudy,1,0,1,0,25,283.0,350.0,421.0,401.7142857142857,386.7857142857143,438.06666666666666,380.9425444596443,338
2023-03-17,2023,3,17,4,Friday,11,1,0,0,16.1,0.4,Sunny,1,0,0,0,25,347.0,280.0,334.0,416.0,398.7142857142857,441.8333333333333,380.9425444596443,447
2023-03-18,2023,3,18,5,Saturday,11,1,0,0,11.0,0.1,Sunny,1,0,0,0,25,486.0,461.0,379.0,416.2857142857143,400.64285714285717,445.46666666666664,380.9425444596443,488
2023-03-19,2023,3,19,6,Sunday,11,1,0,0,22.5,0.7,Cloudy,1,0,0,0,25,490.0,427.0,740.0,419.85714285714283,406.92857142857144,437.96666666666664,380.9425444596443,515
2023-03-20,2023,3,20,0,Monday,12,1,0,0,15.8,1.2,Cloudy,1,1,0,0,25,469.0,426.0,631.0,408.14285714285717,404.14285714285717,429.8333333333333,380.9425444596443,387
2023-03-21,2023,3,21,1,Tuesday,12,1,0,0,21.7,1.9,Cloudy,1,1,0,0,25,300.0,295.0,577.0,441.14285714285717,421.0,428.3,380.9425444596443,531
2023-03-22,2023,3,22,2,Wednesday,12,1,0,0,10.6,3.8,Cloudy,1,1,0,0,25,382.0,431.0,339.0,464.14285714285717,429.0,435.1,380.9425444596443,543
2023-03-23,2023,3,23,3,Thursday,12,1,0,0,22.1,0.4,Partly Cloudy,1,1,1,0,25,338.0,283.0,225.0,498.85714285714283,450.2857142857143,446.96666666666664,380.9425444596443,581
2023-03-24,2023,3,24,4,Friday,12,1,0,0,13.7,0.3,Sunny,1,1,0,0,25,447.0,347.0,298.0,527.5714285714286,471.7857142857143,458.6333333333333,380.9425444596443,648
2023-03-25,2023,3,25,5,Saturday,12,1,0,0,21.4,6.6,Rainy,1,1,1,0,25,488.0,486.0,495.0,537.4285714285714,476.85714285714283,460.7,380.9425444596443,557
2023-03-26,2023,3,26,6,Sunday,12,1,0,0,18.6,0.2,Sunny,1,1,0,0,25,515.0,490.0,478.0,586.1428571428571,503.0,473.3,380.9425444596443,856
2023-03-27,2023,3,27,0,Monday,13,1,0,0,14.7,1.3,Cloudy,1,0,0,0,25,387.0,469.0,1143.0,568.4285714285714,488.2857142857143,443.96666666666664,380.9425444596443,263
2023-03-28,2023,3,28,1,Tuesday,13,1,0,0,16.9,1.8,Cloudy,1,0,0,0,25,531.0,300.0,578.0,536.8571428571429,489.0,435.03333333333336,380.9425444596443,310
2023-03-29,2023,3,29,2,Wednesday,13,1,0,0,21.2,1.6,Cloudy,1,0,1,0,25,543.0,382.0,487.0,510.57142857142856,487.35714285714283,430.76666666666665,380.9425444596443,359
2023-03-30,2023,3,30,3,Thursday,13,1,0,0,18.9,0.2,Sunny,1,0,0,0,25,581.0,338.0,339.0,483.2857142857143,491.07142857142856,432.46666666666664,380.9425444596443,390
2023-03-31,2023,3,31,4,Friday,13,1,0,0,20.8,0.1,Sunny,1,0,0,0,25,648.0,447.0,334.0,453.2857142857143,490.42857142857144,435.93333333333334,380.9425444596443,438
2023-04-01,2023,4,1,5,Saturday,13,2,0,1,23.4,0.2,Sunny,1,0,0,0,25,557.0,488.0,350.0,494.85714285714283,516.1428571428571,452.53333333333336,380.9425444596443,848
2023-04-02,2023,4,2,6,Sunday,13,2,0,1,9.2,1.8,Cloudy,1,0,1,0,25,856.0,515.0,280.0,436.7142857142857,511.42857142857144,458.1666666666667,380.9425444596443,449
2023-04-03,2023,4,3,0,Monday,14,2,0,1,22.0,1.6,Cloudy,1,0,1,0,25,263.0,387.0,461.0,473.2857142857143,520.8571428571429,460.1,380.9425444596443,519
2023-04-04,2023,4,4,1,Tuesday,14,2,0,1,15.9,0.5,Cloudy,1,0,0,0,25,310.0,531.0,427.0,476.57142857142856,506.7142857142857,456.96666666666664,380.9425444596443,333
2023-04-05,2023,4,5,2,Wednesday,14,2,0,1,11.9,2.0,Cloudy,1,0,0,0,25,359.0,543.0,426.0,476.0,493.2857142857143,454.6,380.9425444596443,355
2023-04-06,2023,4,6,3,Thursday,14,2,0,1,10.2,3.4,Cloudy,1,0,0,0,25,390.0,581.0,295.0,475.0,479.14285714285717,457.53333333333336,380.9425444596443,383
2023-04-07,2023,4,7,4,Friday,14,2,1,1,14.7,0.1,Sunny,1,0,1,0,25,438.0,648.0,431.0,528.1428571428571,490.7142857142857,470.1666666666667,380.9425444596443,810
2023-04-08,2023,4,8,5,Saturday,14,2,1,1,19.2,1.4,Cloudy,1,0,0,0,25,848.0,557.0,283.0,523.8571428571429,509.35714285714283,488.0,380.9425444596443,818
2023-04-09,2023,4,9,6,Sunday,14,2,1,1,15.0,2.3,Cloudy,1,0,0,1,20,449.0,856.0,347.0,615.4285714285714,526.0714285714286,512.7666666666667,380.9425444596443,1090
2023-04-10,2023,4,10,0,Monday,15,2,1,1,21.5,0.6,Cloudy,1,0,0,0,25,519.0,263.0,486.0,623.5714285714286,548.4285714285714,515.7666666666667,380.9425444596443,576
2023-04-11,2023,4,11,1,Tuesday,15,2,0,1,9.7,0.7,Cloudy,1,0,0,0,25,333.0,310.0,490.0,624.1428571428571,550.3571428571429,510.6666666666667,380.9425444596443,337
2023-04-12,2023,4,12,2,Wednesday,15,2,0,1,15.5,1.9,Cloudy,1,0,1,0,25,355.0,359.0,469.0,643.2857142857143,559.6428571428571,511.3333333333333,380.9425444596443,489
2023-04-13,2023,4,13,3,Thursday,15,2,0,1,10.5,4.6,Cloudy,1,0,1,0,25,383.0,390.0,300.0,727.8571428571429,601.4285714285714,533.8333333333334,380.9425444596443,975
2023-04-14,2023,4,14,4,Friday,15,2,0,1,17.0,3.3,Cloudy,1,0,1,0,25,810.0,438.0,382.0,667.7142857142857,597.9285714285714,534.0666666666667,380.9425444596443,389
2023-04-15,2023,4,15,5,Saturday,15,2,0,1,19.0,1.7,Cloudy,1,0,0,0,25,818.0,848.0,338.0,670.0,596.9285714285714,550.6,380.9425444596443,834
2023-04-16,2023,4,16,6,Sunday,15,2,0,1,13.8,2.6,Cloudy,1,0,1,0,25,1090.0,449.0,447.0,592.8571428571429,604.1428571428571,554.0333333333333,380.9425444596443,550
2023-04-17,2023,4,17,0,Monday,16,2,0,1,5.1,0.9,Cloudy,1,0,0,0,25,576.0,519.0,488.0,565.4285714285714,594.5,550.5666666666667,380.9425444596443,384
2023-04-18,2023,4,18,1,Tuesday,16,2,0,1,16.3,2.0,Cloudy,1,0,0,0,25,337.0,333.0,515.0,567.2857142857143,595.7142857142857,545.0666666666667,380.9425444596443,350
2023-04-19,2023,4,19,2,Wednesday,16,2,0,0,17.2,1.3,Cloudy,1,0,0,0,25,489.0,355.0,387.0,533.2857142857143,588.2857142857143,540.5333333333333,380.9425444596443,251
2023-04-20,2023,4,20,3,Thursday,16,2,0,0,17.1,0.4,Sunny,1,0,0,0,25,975.0,383.0,531.0,439.14285714285717,583.5,533.3666666666667,380.9425444596443,316
2023-04-21,2023,4,21,4,Friday,16,2,0,0,20.4,2.4,Cloudy,1,0,0,1,20,389.0,810.0,543.0,453.85714285714283,560.7857142857143,531.6666666666666,380.9425444596443,492
2023-04-22,2023,4,22,5,Saturday,16,2,0,0,11.2,1.6,Cloudy,1,0,0,0,25,834.0,818.0,581.0,389.2857142857143,529.6428571428571,525.0333333333333,380.9425444596443,382
2023-04-23,2023,4,23,6,Sunday,16,2,0,0,18.2,0.9,Cloudy,1,0,1,0,25,550.0,1090.0,648.0,375.7142857142857,484.2857142857143,518.6,380.9425444596443,455
2023-04-24,2023,4,24,0,Monday,17,2,0,0,20.3,4.8,Cloudy,1,0,0,0,25,384.0,576.0,557.0,372.85714285714283,469.14285714285717,512.1666666666666,380.9425444596443,364
2023-04-25,2023,4,25,1,Tuesday,17,2,1,0,8.4,0.0,Partly Cloudy,1,0,0,0,25,350.0,337.0,856.0,373.7142857142857,470.5,495.5,380.9425444596443,356
2023-04-26,2023,4,26,2,Wednesday,17,2,0,0,16.8,0.8,Cloudy,1,0,0,0,25,251.0,489.0,263.0,377.2857142857143,455.2857142857143,495.93333333333334,380.9425444596443,276
2023-04-27,2023,4,27,3,Thursday,17,2,0,0,13.5,0.1,Sunny,1,0,0,0,25,316.0,975.0,310.0,384.42857142857144,411.7857142857143,497.8,380.9425444596443,366
2023-04-28,2023,4,28,4,Friday,17,2,0,0,15.2,2.9,Cloudy,1,0,0,0,25,492.0,389.0,359.0,362.85714285714283,408.35714285714283,497.2,380.9425444596443,341
2023-04-29,2023,4,29,5,Saturday,17,2,0,0,16.9,2.4,Cloudy,1,0,0,0,25,382.0,834.0,390.0,371.0,380.14285714285717,498.8333333333333,380.9425444596443,439
2023-04-30,2023,4,30,6,Sunday,17,2,0,0,13.6,0.8,Cloudy,1,0,0,0,25,455.0,550.0,438.0,360.85714285714283,368.2857142857143,497.03333333333336,380.9425444596443,384
2023-05-01,2023,5,1,0,Monday,18,2,0,0,10.0,2.3,Cloudy,0,0,0,0,25,364.0,384.0,848.0,336.85714285714283,354.85714285714283,475.3,380.9425444596443,196
2023-05-02,2023,5,2,1,Tuesday,18,2,0,0,12.1,1.0,Cloudy,0,0,1,0,25,356.0,350.0,449.0,314.85714285714283,344.2857142857143,467.06666666666666,380.9425444596443,202
2023-05-03,2023,5,3,2,Wednesday,18,2,0,0,8.7,2.8,Cloudy,0,0,0,0,25,276.0,251.0,519.0,294.42857142857144,335.85714285714283,454.2,380.9425444596443,133
2023-05-04,2023,5,4,3,Thursday,18,2,0,0,8.7,1.2,Cloudy,0,0,0,0,25,366.0,316.0,333.0,267.0,325.7142857142857,448.9,380.9425444596443,174
2023-05-05,2023,5,5,4,Friday,18,2,0,0,14.0,1.1,Cloudy,0,0,0,0,25,341.0,492.0,355.0,256.2857142857143,309.57142857142856,445.93333333333334,380.9425444596443,266
2023-05-06,2023,5,6,5,Saturday,18,2,0,0,8.6,5.5,Rainy,0,0,0,0,25,439.0,382.0,383.0,216.14285714285714,293.57142857142856,438.43333333333334,380.9425444596443,158
2023-05-07,2023,5,7,6,Sunday,18,2,0,0,14.0,0.6,Cloudy,0,0,0,0,25,384.0,455.0,810.0,196.28571428571428,278.57142857142856,419.6,380.9425444596443,245
2023-05-08,2023,5,8,0,Monday,19,2,0,0,13.4,0.3,Sunny,0,0,1,0,25,196.0,364.0,818.0,204.42857142857142,270.64285714285717,400.76666666666665,380.9425444596443,253
2023-05-09,2023,5,9,1,Tuesday,19,2,0,0,6.8,1.8,Cloudy,0,0,0,0,25,202.0,356.0,1090.0,199.85714285714286,257.35714285714283,370.1,380.9425444596443,170
2023-05-10,2023,5,10,2,Wednesday,19,2,0,0,10.0,7.0,Rainy,0,0,0,0,25,133.0,276.0,576.0,202.0,248.21428571428572,355.8333333333333,380.9425444596443,148
2023-05-11,2023,5,11,3,Thursday,19,2,0,0,15.6,0.9,Cloudy,0,0,0,0,25,174.0,366.0,337.0,205.0,236.0,351.1,380.9425444596443,195
2023-05-12,2023,5,12,4,Friday,19,2,0,0,9.1,0.1,Partly Cloudy,0,0,1,0,25,266.0,341.0,489.0,196.71428571428572,226.5,341.73333333333335,380.9425444596443,208
2023-05-13,2023,5,13,5,Saturday,19,2,0,0,10.6,0.8,Cloudy,0,0,0,0,25,158.0,439.0,975.0,214.85714285714286,215.5,318.73333333333335,380.9425444596443,285
2023-05-14,2023,5,14,6,Sunday,19,2,0,0,13.4,1.4,Cloudy,0,0,0,1,20,245.0,384.0,389.0,217.57142857142858,206.92857142857142,314.56666666666666,380.9425444596443,264
2023-05-15,2023,5,15,0,Monday,20,2,0,0,14.4,0.4,Partly Cloudy,0,0,0,0,25,253.0,196.0,834.0,212.71428571428572,208.57142857142858,294.06666666666666,380.9425444596443,219
2023-05-16,2023,5,16,1,Tuesday,20,2,0,0,11.2,2.1,Cloudy,0,0,0,0,25,170.0,202.0,550.0,217.42857142857142,208.64285714285714,282.5,380.9425444596443,203
2023-05-17,2023,5,17,2,Wednesday,20,2,0,0,10.2,12.2,Rainy,0,0,1,0,25,148.0,133.0,384.0,215.85714285714286,208.92857142857142,274.26666666666665,380.9425444596443,137
2023-05-18,2023,5,18,3,Thursday,20,2,0,0,16.3,1.2,Cloudy,0,0,0,0,25,195.0,174.0,350.0,211.28571428571428,208.14285714285714,268.03333333333336,380.9425444596443,163
2023-05-19,2023,5,19,4,Friday,20,2,0,0,17.2,0.9,Cloudy,0,0,0,0,25,208.0,266.0,251.0,218.42857142857142,207.57142857142858,268.26666666666665,380.9425444596443,258
2023-05-20,2023,5,20,5,Saturday,20,2,0,0,14.9,1.0,Cloudy,0,0,0,0,25,285.0,158.0,316.0,215.0,214.92857142857142,266.43333333333334,380.9425444596443,261
2023-05-21,2023,5,21,6,Sunday,20,2,0,0,12.3,0.2,Sunny,0,0,0,0,25,264.0,245.0,492.0,232.85714285714286,225.21428571428572,263.0,380.9425444596443,389
2023-05-22,2023,5,22,0,Monday,21,2,0,0,9.6,4.3,Cloudy,0,0,1,0,25,219.0,253.0,382.0,228.28571428571428,220.5,256.5,380.9425444596443,187
2023-05-23,2023,5,23,1,Tuesday,21,2,0,0,9.5,1.1,Cloudy,0,0,0,0,25,203.0,170.0,455.0,221.28571428571428,219.35714285714286,246.46666666666667,380.9425444596443,154
2023-05-24,2023,5,24,2,Wednesday,21,2,0,0,13.6,1.0,Cloudy,0,0,0,0,25,137.0,148.0,364.0,230.42857142857142,223.14285714285714,241.03333333333333,380.9425444596443,201
2023-05-25,2023,5,25,3,Thursday,21,2,0,0,13.3,2.2,Cloudy,0,0,0,0,25,163.0,195.0,356.0,232.57142857142858,221.92857142857142,235.1,380.9425444596443,178
2023-05-26,2023,5,26,4,Friday,21,2,0,0,16.2,1.2,Cloudy,0,0,0,1,20,258.0,208.0,276.0,233.42857142857142,225.92857142857142,234.7,380.9425444596443,264
2023-05-27,2023,5,27,5,Saturday,21,2,0,0,14.0,2.1,Cloudy,0,0,0,0,25,261.0,285.0,366.0,234.57142857142858,224.78571428571428,231.46666666666667,380.9425444596443,269
2023-05-28,2023,5,28,6,Sunday,21,2,0,0,7.5,0.1,Partly Cloudy,0,0,0,0,25,389.0,264.0,341.0,209.57142857142858,221.21428571428572,227.23333333333332,380.9425444596443,214
2023-05-29,2023,5,29,0,Monday,22,2,0,0,15.2,3.4,Cloudy,0,0,1,0,25,187.0,219.0,439.0,216.28571428571428,222.28571428571428,220.4,380.9425444596443,234
2023-05-30,2023,5,30,1,Tuesday,22,2,0,0,9.0,5.6,Rainy,0,0,0,1,20,154.0,203.0,384.0,213.42857142857142,217.35714285714286,212.06666666666666,380.9425444596443,134
2023-05-31,2023,5,31,2,Wednesday,22,2,0,0,10.8,2.1,Cloudy,0,0,0,0,25,201.0,137.0,196.0,211.42857142857142,220.92857142857142,211.76666666666668,380.9425444596443,187
2023-06-01,2023,6,1,3,Thursday,22,2,0,0,10.8,6.2,Rainy,1,0,0,0,25,178.0,163.0,202.0,206.0,219.28571428571428,209.7,380.9425444596443,140
2023-06-02,2023,6,2,4,Friday,22,2,0,0,16.0,0.3,Partly Cloudy,1,0,0,0,25,264.0,258.0,133.0,213.57142857142858,223.5,215.83333333333334,380.9425444596443,317
2023-06-03,2023,6,3,5,Saturday,22,2,0,0,19.3,1.3,Cloudy,1,0,0,0,25,269.0,261.0,174.0,224.57142857142858,229.57142857142858,221.56666666666666,380.9425444596443,346
2023-06-04,2023,6,4,6,Sunday,22,2,0,0,11.8,1.8,Cloudy,1,0,0,0,25,214.0,389.0,266.0,242.0,225.78571428571428,223.9,380.9425444596443,336
2023-06-05,2023,6,5,0,Monday,23,2,0,0,9.5,1.7,Cloudy,1,0,0,0,25,234.0,187.0,158.0,234.0,225.14285714285714,224.56666666666666,380.9425444596443,178
2023-06-06,2023,6,6,1,Tuesday,23,2,0,0,11.6,1.0,Cloudy,1,0,0,0,25,134.0,154.0,245.0,238.0,225.71428571428572,221.8,380.9425444596443,162
2023-06-07,2023,6,7,2,Wednesday,23,2,0,0,12.7,0.8,Cloudy,1,0,0,0,25,187.0,201.0,253.0,248.71428571428572,230.07142857142858,222.1,380.9425444596443,262
2023-06-08,2023,6,8,3,Thursday,23,2,0,0,9.0,0.3,Sunny,1,0,1,0,25,140.0,178.0,170.0,267.57142857142856,236.78571428571428,225.5,380.9425444596443,272
2023-06-09,2023,6,9,4,Friday,23,2,0,0,15.4,1.0,Cloudy,1,0,0,0,25,317.0,264.0,148.0,253.71428571428572,233.64285714285714,227.9,380.9425444596443,220
2023-06-10,2023,6,10,5,Saturday,23,2,0,0,10.7,0.4,Sunny,1,0,1,0,25,346.0,269.0,195.0,272.57142857142856,248.57142857142858,237.33333333333334,380.9425444596443,478
2023-06-11,2023,6,11,6,Sunday,23,2,0,0,11.5,2.7,Cloudy,1,0,0,0,25,336.0,214.0,208.0,273.7142857142857,257.85714285714283,241.86666666666667,380.9425444596443,344
2023-06-12,2023,6,12,0,Monday,24,2,1,0,12.0,0.5,Cloudy,1,0,0,0,25,178.0,234.0,285.0,294.7142857142857,264.35714285714283,243.2,380.9425444596443,325
2023-06-13,2023,6,13,1,Tuesday,24,2,0,0,11.3,0.1,Sunny,1,0,0,0,25,162.0,134.0,264.0,314.2857142857143,276.14285714285717,244.36666666666667,380.9425444596443,299
2023-06-14,2023,6,14,2,Wednesday,24,2,0,0,12.5,1.6,Cloudy,1,0,0,0,25,262.0,187.0,219.0,311.14285714285717,279.92857142857144,245.06666666666666,380.9425444596443,240
2023-06-15,2023,6,15,3,Thursday,24,2,0,0,8.1,1.8,Cloudy,1,0,0,0,25,272.0,140.0,203.0,295.7142857142857,281.64285714285717,243.76666666666668,380.9425444596443,164
2023-06-16,2023,6,16,4,Friday,24,2,0,0,8.3,4.1,Cloudy,1,0,1,0,25,220.0,317.0,137.0,295.2857142857143,274.5,246.43333333333334,380.9425444596443,217
2023-06-17,2023,6,17,5,Saturday,24,2,0,0,6.7,1.7,Cloudy,1,0,0,0,25,478.0,346.0,163.0,269.42857142857144,271.0,250.9,380.9425444596443,297
2023-06-18,2023,6,18,6,Sunday,24,2,0,0,11.3,0.8,Cloudy,1,0,0,0,25,344.0,336.0,258.0,249.42857142857142,261.57142857142856,249.1,380.9425444596443,204
2023-06-19,2023,6,19,0,Monday,25,2,0,0,12.3,3.2,Cloudy,1,0,0,0,25,325.0,178.0,261.0,233.42857142857142,264.07142857142856,247.5,380.9425444596443,213
2023-06-20,2023,6,20,1,Tuesday,25,2,0,0,11.4,1.6,Cloudy,1,0,0,1,20,299.0,162.0,389.0,219.85714285714286,267.07142857142856,241.33333333333334,380.9425444596443,204
2023-06-21,2023,6,21,2,Wednesday,25,2,0,0,15.0,0.2,Partly Cloudy,1,0,0,0,25,240.0,262.0,187.0,217.28571428571428,264.2142857142857,242.5,380.9425444596443,222
2023-06-22,2023,6,22,3,Thursday,25,2,0,0,10.0,1.7,Cloudy,1,0,0,0,25,164.0,272.0,154.0,224.42857142857142,260.07142857142856,244.5,380.9425444596443,214
2023-06-23,2023,6,23,4,Friday,25,2,0,0,12.0,4.8,Cloudy,1,0,0,0,25,217.0,220.0,201.0,226.42857142857142,260.85714285714283,245.5,380.9425444596443,231
2023-06-24,2023,6,24,5,Saturday,25,2,0,1,6.7,1.0,Cloudy,1,0,0,0,25,297.0,478.0,178.0,230.28571428571428,249.85714285714286,250.36666666666667,380.9425444596443,324
2023-06-25,2023,6,25,6,Sunday,25,2,0,1,8.8,0.7,Cloudy,1,0,0,0,25,204.0,344.0,264.0,242.57142857142858,246.0,251.23333333333332,380.9425444596443,290
2023-06-26,2023,6,26,0,Monday,26,2,0,1,12.1,0.3,Sunny,1,0,1,1,20,213.0,325.0,269.0,301.85714285714283,267.64285714285717,263.2,380.9425444596443,628
2023-06-27,2023,6,27,1,Tuesday,26,2,0,1,12.5,0.3,Sunny,1,0,0,0,25,204.0,299.0,214.0,331.7142857142857,275.7857142857143,269.8333333333333,380.9425444596443,413
2023-06-28,2023,6,28,2,Wednesday,26,2,0,1,9.1,1.1,Cloudy,1,0,0,0,25,222.0,240.0,234.0,328.85714285714283,273.07142857142856,268.76666666666665,380.9425444596443,202
2023-06-29,2023,6,29,3,Thursday,26,2,0,1,9.8,1.8,Cloudy,1,0,0,0,25,214.0,164.0,134.0,340.0,282.2142857142857,274.03333333333336,380.9425444596443,292
2023-06-30,2023,6,30,4,Friday,26,2,0,1,5.4,0.2,Partly Cloudy,1,0,1,0,25,231.0,217.0,187.0,353.14285714285717,289.7857142857143,278.56666666666666,380.9425444596443,323
2023-07-01,2023,7,1,5,Saturday,26,3,0,1,8.4,5.6,Rainy,1,0,0,1,20,324.0,297.0,140.0,381.0,305.64285714285717,291.2,380.9425444596443,519
2023-07-02,2023,7,2,6,Sunday,26,3,0,1,12.2,2.8,Cloudy,1,0,0,0,25,290.0,204.0,317.0,391.85714285714283,317.2142857142857,292.8333333333333,380.9425444596443,366
2023-07-03,2023,7,3,0,Monday,27,3,0,1,11.2,1.8,Cloudy,1,0,0,0,25,628.0,213.0,346.0,337.0,319.42857142857144,289.43333333333334,380.9425444596443,244
2023-07-04,2023,7,4,1,Tuesday,27,3,0,1,11.0,3.5,Cloudy,1,0,0,0,25,413.0,204.0,336.0,318.0,324.85714285714283,287.56666666666666,380.9425444596443,280
2023-07-05,2023,7,5,2,Wednesday,27,3,0,1,9.6,0.2,Sunny,1,0,1,1,20,202.0,222.0,178.0,344.85714285714283,336.85714285714283,294.6333333333333,380.9425444596443,390
2023-07-06,2023,7,6,3,Thursday,27,3,0,1,9.5,1.3,Cloudy,1,0,0,0,25,292.0,214.0,162.0,334.14285714285717,337.07142857142856,296.46666666666664,380.9425444596443,217
2023-07-07,2023,7,7,4,Friday,27,3,0,1,7.5,2.0,Cloudy,1,0,0,1,20,323.0,231.0,262.0,324.2857142857143,338.7142857142857,296.2,380.9425444596443,254
2023-07-08,2023,7,8,5,Saturday,27,3,0,1,11.6,3.5,Cloudy,1,0,0,0,25,519.0,324.0,272.0,299.0,340.0,298.53333333333336,380.9425444596443,342
2023-07-09,2023,7,9,6,Sunday,27,3,0,1,10.8,3.1,Cloudy,1,0,0,0,25,366.0,290.0,220.0,289.0,340.42857142857144,301.06666666666666,380.9425444596443,296
2023-07-10,2023,7,10,0,Monday,28,3,0,1,11.0,0.6,Cloudy,1,0,0,0,25,244.0,628.0,478.0,292.14285714285717,314.57142857142856,294.0,380.9425444596443,266
2023-07-11,2023,7,11,1,Tuesday,28,3,0,0,7.9,5.7,Rainy,1,0,1,0,25,280.0,413.0,344.0,285.7142857142857,301.85714285714283,290.3666666666667,380.9425444596443,235
2023-07-12,2023,7,12,2,Wednesday,28,3,0,0,3.0,0.3,Sunny,1,0,0,0,25,390.0,202.0,325.0,259.7142857142857,302.2857142857143,286.46666666666664,380.9425444596443,208
2023-07-13,2023,7,13,3,Thursday,28,3,0,0,12.8,4.2,Cloudy,1,0,0,0,25,217.0,292.0,299.0,263.42857142857144,298.7857142857143,284.6,380.9425444596443,243
2023-07-14,2023,7,14,4,Friday,28,3,0,0,8.1,7.1,Rainy,1,0,1,0,25,254.0,323.0,240.0,253.85714285714286,289.07142857142856,282.8333333333333,380.9425444596443,187
2023-07-15,2023,7,15,5,Saturday,28,3,0,0,6.9,0.4,Sunny,1,0,1,0,25,342.0,519.0,164.0,256.85714285714283,277.92857142857144,289.46666666666664,380.9425444596443,363
2023-07-16,2023,7,16,6,Sunday,28,3,0,0,11.6,2.6,Cloudy,1,0,0,0,25,296.0,366.0,217.0,254.71428571428572,271.85714285714283,291.6,380.9425444596443,281
2023-07-17,2023,7,17,0,Monday,29,3,0,0,8.3,0.1,Sunny,1,0,0,1,20,266.0,244.0,297.0,262.85714285714283,277.5,292.46666666666664,380.9425444596443,323
2023-07-18,2023,7,18,1,Tuesday,29,3,0,0,12.7,1.0,Cloudy,1,0,0,0,25,235.0,280.0,204.0,258.57142857142856,272.14285714285717,292.5,380.9425444596443,205
2023-07-19,2023,7,19,2,Wednesday,29,3,0,0,11.4,1.5,Cloudy,1,0,0,0,25,208.0,390.0,213.0,256.2857142857143,258.0,291.8,380.9425444596443,192
2023-07-20,2023,7,20,3,Thursday,29,3,0,0,11.6,1.7,Cloudy,1,0,0,0,25,243.0,217.0,204.0,246.28571428571428,254.85714285714286,290.76666666666665,380.9425444596443,173
2023-07-21,2023,7,21,4,Friday,29,3,0,0,5.4,5.5,Rainy,1,0,0,0,25,187.0,254.0,222.0,240.85714285714286,247.35714285714286,288.3333333333333,380.9425444596443,149
2023-07-22,2023,7,22,5,Saturday,29,3,0,0,13.1,2.2,Cloudy,1,0,1,0,25,363.0,342.0,214.0,242.28571428571428,249.57142857142858,293.6333333333333,380.9425444596443,373
2023-07-23,2023,7,23,6,Sunday,29,3,0,0,10.3,1.3,Cloudy,1,0,0,0,25,281.0,296.0,231.0,239.57142857142858,247.14285714285714,294.6666666666667,380.9425444596443,262
2023-07-24,2023,7,24,0,Monday,30,3,0,0,8.4,3.3,Cloudy,1,0,0,0,25,323.0,266.0,324.0,219.14285714285714,241.0,289.8666666666667,380.9425444596443,180
2023-07-25,2023,7,25,1,Tuesday,30,3,0,0,9.9,6.0,Rainy,1,0,0,0,25,205.0,235.0,290.0,206.42857142857142,232.5,284.06666666666666,380.9425444596443,116
2023-07-26,2023,7,26,2,Wednesday,30,3,0,0,4.2,0.0,Partly Cloudy,1,0,0,0,25,192.0,208.0,628.0,205.28571428571428,230.78571428571428,269.26666666666665,380.9425444596443,184
2023-07-27,2023,7,27,3,Thursday,30,3,0,0,10.7,8.1,Rainy,1,0,0,1,20,173.0,243.0,413.0,199.14285714285714,222.71428571428572,259.8333333333333,380.9425444596443,130
2023-07-28,2023,7,28,4,Friday,30,3,0,0,6.4,0.2,Sunny,1,0,0,0,25,149.0,187.0,202.0,211.85714285714286,226.35714285714286,261.03333333333336,380.9425444596443,238
2023-07-29,2023,7,29,5,Saturday,30,3,0,0,5.4,3.4,Cloudy,1,0,0,0,25,373.0,363.0,292.0,198.57142857142858,220.42857142857142,260.6333333333333,380.9425444596443,280
2023-07-30,2023,7,30,6,Sunday,30,3,0,0,4.9,0.7,Cloudy,1,0,1,0,25,262.0,281.0,323.0,197.85714285714286,218.71428571428572,258.43333333333334,380.9425444596443,257
2023-07-31,2023,7,31,0,Monday,31,3,0,0,12.8,0.3,Partly Cloudy,1,0,1,0,25,180.0,323.0,519.0,209.57142857142858,214.35714285714286,249.86666666666667,380.9425444596443,262
2023-08-01,2023,8,1,1,Tuesday,31,3,0,0,9.1,1.2,Cloudy,1,0,0,0,25,116.0,205.0,366.0,217.14285714285714,211.78571428571428,243.3,380.9425444596443,169
2023-08-02,2023,8,2,2,Wednesday,31,3,0,0,15.6,2.1,Cloudy,1,0,0,1,20,184.0,192.0,244.0,231.42857142857142,218.35714285714286,244.63333333333333,380.9425444596443,284
2023-08-03,2023,8,3,3,Thursday,31,3,0,0,9.4,1.0,Cloudy,1,0,0,1,20,130.0,173.0,280.0,246.57142857142858,222.85714285714286,243.16666666666666,380.9425444596443,236
2023-08-04,2023,8,4,4,Friday,31,3,0,0,5.9,0.1,Sunny,1,0,0,0,25,238.0,149.0,390.0,247.71428571428572,229.78571428571428,238.36666666666667,380.9425444596443,246
2023-08-05,2023,8,5,5,Saturday,31,3,0,0,7.7,1.8,Cloudy,1,0,0,0,25,280.0,373.0,217.0,254.85714285714286,226.71428571428572,242.13333333333333,380.9425444596443,330
2023-08-06,2023,8,6,6,Sunday,31,3,0,0,14.7,4.7,Cloudy,1,0,1,0,25,257.0,262.0,254.0,277.0,237.42857142857142,247.4,380.9425444596443,412
2023-08-07,2023,8,7,0,Monday,32,3,0,0,10.5,1.0,Cloudy,1,0,0,0,25,262.0,180.0,342.0,270.2857142857143,239.92857142857142,243.16666666666666,380.9425444596443,215
2023-08-08,2023,8,8,1,Tuesday,32,3,0,0,9.4,0.5,Cloudy,1,0,0,0,25,169.0,116.0,296.0,274.2857142857143,245.71428571428572,239.86666666666667,380.9425444596443,197
2023-08-09,2023,8,9,2,Wednesday,32,3,0,0,11.5,1.2,Cloudy,1,0,0,0,25,284.0,184.0,266.0,268.2857142857143,249.85714285714286,239.06666666666666,380.9425444596443,242
2023-08-10,2023,8,10,3,Thursday,32,3,0,0,12.5,0.1,Sunny,1,0,0,0,25,236.0,130.0,235.0,280.7142857142857,263.64285714285717,242.0,380.9425444596443,323
2023-08-11,2023,8,11,4,Friday,32,3,0,0,14.4,3.4,Cloudy,1,0,0,0,25,246.0,238.0,208.0,275.0,261.35714285714283,241.93333333333334,380.9425444596443,206
2023-08-12,2023,8,12,5,Saturday,32,3,0,0,15.3,3.5,Cloudy,1,0,0,0,25,330.0,280.0,243.0,281.57142857142856,268.2142857142857,246.36666666666667,380.9425444596443,376
2023-08-13,2023,8,13,6,Sunday,32,3,0,0,9.9,1.8,Cloudy,1,0,1,0,25,412.0,257.0,187.0,264.7142857142857,270.85714285714283,249.93333333333334,380.9425444596443,294
2023-08-14,2023,8,14,0,Monday,33,3,0,0,7.0,0.9,Cloudy,1,0,0,0,25,215.0,262.0,363.0,261.0,265.64285714285717,244.13333333333333,380.9425444596443,189
2023-08-15,2023,8,15,1,Tuesday,33,3,0,0,9.8,3.2,Cloudy,1,0,0,0,25,197.0,169.0,281.0,267.85714285714283,271.07142857142856,242.93333333333334,380.9425444596443,245
2023-08-16,2023,8,16,2,Wednesday,33,3,0,0,11.8,1.6,Cloudy,0,0,0,0,25,242.0,284.0,323.0,260.14285714285717,264.2142857142857,238.43333333333334,380.9425444596443,188
2023-08-17,2023,8,17,3,Thursday,33,3,0,0,8.1,3.5,Cloudy,0,0,0,0,25,323.0,236.0,205.0,236.0,258.35714285714283,236.73333333333332,380.9425444596443,154
2023-08-18,2023,8,18,4,Friday,33,3,0,0,8.1,2.0,Cloudy,0,0,0,0,25,206.0,246.0,192.0,225.0,250.0,234.63333333333333,380.9425444596443,129
2023-08-19,2023,8,19,5,Saturday,33,3,0,0,12.0,3.1,Cloudy,0,0,0,0,25,376.0,330.0,173.0,216.0,248.78571428571428,239.3,380.9425444596443,313
2023-08-20,2023,8,20,6,Sunday,33,3,0,0,10.9,1.8,Cloudy,0,0,1,0,25,294.0,412.0,149.0,209.57142857142858,237.14285714285714,242.63333333333333,380.9425444596443,249
2023-08-21,2023,8,21,0,Monday,34,3,0,0,11.1,1.1,Cloudy,0,0,0,0,25,189.0,215.0,373.0,206.0,233.5,235.66666666666666,380.9425444596443,164
2023-08-22,2023,8,22,1,Tuesday,34,3,0,0,8.7,6.3,Rainy,0,0,0,0,25,245.0,197.0,262.0,194.14285714285714,231.0,232.33333333333334,380.9425444596443,162
2023-08-23,2023,8,23,2,Wednesday,34,3,0,0,10.3,1.6,Cloudy,0,0,0,0,25,188.0,242.0,180.0,197.71428571428572,228.92857142857142,233.43333333333334,380.9425444596443,213
2023-08-24,2023,8,24,3,Thursday,34,3,0,0,8.2,1.9,Cloudy,0,0,0,0,25,154.0,323.0,116.0,201.0,218.5,235.46666666666667,380.9425444596443,177
2023-08-25,2023,8,25,4,Friday,34,3,0,0,13.7,0.5,Cloudy,0,0,0,0,25,129.0,206.0,184.0,211.57142857142858,218.28571428571428,236.1,380.9425444596443,203
2023-08-26,2023,8,26,5,Saturday,34,3,0,0,14.1,2.0,Cloudy,0,0,0,0,25,313.0,376.0,130.0,206.71428571428572,211.35714285714286,241.06666666666666,380.9425444596443,279
2023-08-27,2023,8,27,6,Sunday,34,3,0,0,5.5,1.7,Cloudy,0,0,0,0,25,249.0,294.0,238.0,200.28571428571428,204.92857142857142,239.93333333333334,380.9425444596443,204
2023-08-28,2023,8,28,0,Monday,35,3,0,0,8.2,0.4,Partly Cloudy,0,0,0,1,20,164.0,189.0,280.0,207.28571428571428,206.64285714285714,237.7,380.9425444596443,213
2023-08-29,2023,8,29,1,Tuesday,35,3,0,0,6.5,0.1,Sunny,0,0,1,0,25,162.0,245.0,257.0,215.42857142857142,204.78571428571428,236.43333333333334,380.9425444596443,219
2023-08-30,2023,8,30,2,Wednesday,35,3,0,0,9.0,1.9,Cloudy,0,0,0,0,25,213.0,188.0,262.0,209.71428571428572,203.71428571428572,233.46666666666667,380.9425444596443,173
2023-08-31,2023,8,31,3,Thursday,35,3,0,0,10.7,2.9,Cloudy,0,0,0,0,25,177.0,154.0,169.0,214.71428571428572,207.85714285714286,234.9,380.9425444596443,212
2023-09-01,2023,9,1,4,Friday,35,3,0,0,8.2,1.5,Cloudy,0,0,0,0,25,203.0,129.0,284.0,217.0,214.28571428571428,232.73333333333332,380.9425444596443,219
2023-09-02,2023,9,2,5,Saturday,35,3,0,0,9.7,0.5,Cloudy,0,0,1,0,25,279.0,313.0,236.0,219.42857142857142,213.07142857142858,234.73333333333332,380.9425444596443,296
2023-09-03,2023,9,3,6,Sunday,35,3,0,0,9.5,2.2,Cloudy,0,0,0,0,25,204.0,249.0,246.0,230.57142857142858,215.42857142857142,235.93333333333334,380.9425444596443,282
2023-09-04,2023,9,4,0,Monday,36,3,0,0,13.1,0.2,Sunny,0,0,0,0,25,213.0,164.0,330.0,239.28571428571428,223.28571428571428,234.06666666666666,380.9425444596443,274
2023-09-05,2023,9,5,1,Tuesday,36,3,0,0,12.7,1.2,Cloudy,0,0,0,0,25,219.0,162.0,412.0,233.71428571428572,224.57142857142858,226.33333333333334,380.9425444596443,180
2023-09-06,2023,9,6,2,Wednesday,36,3,0,0,10.3,0.4,Sunny,0,0,0,0,25,173.0,213.0,215.0,245.71428571428572,227.71428571428572,227.73333333333332,380.9425444596443,257
2023-09-07,2023,9,7,3,Thursday,36,3,0,0,13.0,0.4,Partly Cloudy,0,0,0,0,25,212.0,177.0,197.0,251.14285714285714,232.92857142857142,229.5,380.9425444596443,250
2023-09-08,2023,9,8,4,Friday,36,3,0,0,10.9,0.5,Cloudy,0,0,0,0,25,219.0,203.0,242.0,258.42857142857144,237.71428571428572,230.43333333333334,380.9425444596443,270
2023-09-09,2023,9,9,5,Saturday,36,3,0,0,11.7,1.0,Cloudy,0,0,0,0,25,296.0,279.0,323.0,260.42857142857144,239.92857142857142,230.0,380.9425444596443,310
2023-09-10,2023,9,10,6,Sunday,36,3,0,0,17.5,0.1,Sunny,0,0,0,0,25,282.0,204.0,206.0,267.14285714285717,248.85714285714286,234.1,380.9425444596443,329
2023-09-11,2023,9,11,0,Monday,37,3,0,0,16.5,1.0,Cloudy,0,0,0,0,25,274.0,213.0,376.0,259.57142857142856,249.42857142857142,228.93333333333334,380.9425444596443,221
2023-09-12,2023,9,12,1,Tuesday,37,3,0,0,8.6,1.4,Cloudy,0,0,0,0,25,180.0,219.0,294.0,259.2857142857143,246.5,225.06666666666666,380.9425444596443,178
2023-09-13,2023,9,13,2,Wednesday,37,3,0,0,15.0,1.3,Cloudy,0,0,0,0,25,257.0,173.0,189.0,253.85714285714286,249.78571428571428,226.06666666666666,380.9425444596443,219
2023-09-14,2023,9,14,3,Thursday,37,3,0,0,14.9,1.0,Cloudy,0,0,0,0,25,250.0,212.0,245.0,253.71428571428572,252.42857142857142,226.2,380.9425444596443,249
2023-09-15,2023,9,15,4,Friday,37,3,0,0,9.1,3.7,Cloudy,0,0,0,0,25,270.0,219.0,188.0,248.28571428571428,253.35714285714286,227.66666666666666,380.9425444596443,232
2023-09-16,2023,9,16,5,Saturday,37,3,0,1,15.0,0.3,Sunny,0,0,0,1,20,310.0,296.0,154.0,286.85714285714283,273.64285714285717,241.86666666666667,380.9425444596443,580
2023-09-17,2023,9,17,6,Sunday,37,3,0,1,17.1,1.4,Cloudy,0,0,0,0,25,329.0,282.0,129.0,292.2857142857143,279.7142857142857,249.8,380.9425444596443,367
2023-09-18,2023,9,18,0,Monday,38,3,0,1,9.1,0.1,Sunny,0,0,0,1,20,221.0,274.0,313.0,306.57142857142856,283.07142857142856,250.06666666666666,380.9425444596443,321
2023-09-19,2023,9,19,1,Tuesday,38,3,0,1,9.7,0.1,Sunny,0,0,0,0,25,178.0,180.0,249.0,325.85714285714283,292.57142857142856,252.2,380.9425444596443,313
2023-09-20,2023,9,20,2,Wednesday,38,3,0,1,15.6,1.7,Cloudy,0,0,0,0,25,219.0,257.0,164.0,341.2857142857143,297.57142857142856,257.6333333333333,380.9425444596443,327
2023-09-21,2023,9,21,3,Thursday,38,3,0,1,13.3,1.7,Cloudy,0,0,1,0,25,249.0,250.0,162.0,351.85714285714283,302.7857142857143,263.0,380.9425444596443,323
2023-09-22,2023,9,22,4,Friday,38,3,0,1,14.2,4.2,Cloudy,0,0,0,0,25,232.0,270.0,213.0,362.7142857142857,305.5,266.1666666666667,380.9425444596443,308
2023-09-23,2023,9,23,5,Saturday,38,3,0,1,13.5,1.6,Cloudy,0,0,0,0,25,580.0,310.0,177.0,349.14285714285717,318.0,276.43333333333334,380.9425444596443,485
2023-09-24,2023,9,24,6,Sunday,38,3,0,1,13.7,6.4,Rainy,0,0,0,0,25,367.0,329.0,203.0,341.0,316.64285714285717,280.0,380.9425444596443,310
2023-09-25,2023,9,25,0,Monday,39,3,0,1,8.5,0.1,Partly Cloudy,0,0,0,0,25,321.0,221.0,279.0,335.42857142857144,321.0,280.1,380.9425444596443,282
2023-09-26,2023,9,26,1,Tuesday,39,3,0,1,15.6,0.2,Sunny,0,0,0,0,25,313.0,178.0,204.0,332.42857142857144,329.14285714285717,283.03333333333336,380.9425444596443,292
2023-09-27,2023,9,27,2,Wednesday,39,3,0,1,16.0,0.1,Sunny,0,0,0,0,25,327.0,219.0,213.0,340.14285714285717,340.7142857142857,288.6333333333333,380.9425444596443,381
2023-09-28,2023,9,28,3,Thursday,39,3,0,1,11.8,0.4,Sunny,0,0,0,0,25,323.0,249.0,219.0,340.7142857142857,346.2857142857143,292.23333333333335,380.9425444596443,327
2023-09-29,2023,9,29,4,Friday,39,3,0,1,12.4,1.6,Cloudy,0,0,0,1,20,308.0,232.0,173.0,343.7142857142857,353.2142857142857,297.43333333333334,380.9425444596443,329
2023-09-30,2023,9,30,5,Saturday,39,3,0,1,7.9,2.1,Cloudy,0,0,0,1,20,485.0,580.0,212.0,332.0,340.57142857142856,303.8,380.9425444596443,403
2023-10-01,2023,10,1,6,Sunday,39,4,0,1,17.1,0.1,Sunny,1,0,0,0,25,310.0,367.0,219.0,379.14285714285717,360.07142857142856,317.8333333333333,380.9425444596443,640
2023-10-02,2023,10,2,0,Monday,40,4,0,1,17.3,5.8,Rainy,1,0,1,0,25,282.0,321.0,296.0,385.14285714285717,360.2857142857143,318.76666666666665,380.9425444596443,324
2023-10-03,2023,10,3,1,Tuesday,40,4,0,0,14.8,3.7,Cloudy,1,0,1,0,25,292.0,313.0,282.0,382.14285714285717,357.2857142857143,318.4,380.9425444596443,271
2023-10-04,2023,10,4,2,Wednesday,40,4,0,0,19.5,0.7,Cloudy,1,0,1,0,25,381.0,327.0,274.0,381.85714285714283,361.0,321.9,380.9425444596443,379
2023-10-05,2023,10,5,3,Thursday,40,4,0,0,13.7,0.2,Partly Cloudy,1,1,0,0,25,327.0,323.0,180.0,412.57142857142856,376.64285714285717,333.96666666666664,380.9425444596443,542
2023-10-06,2023,10,6,4,Friday,40,4,0,0,17.3,0.4,Sunny,1,1,0,0,25,329.0,308.0,257.0,430.57142857142856,387.14285714285717,340.56666666666666,380.9425444596443,455
2023-10-07,2023,10,7,5,Saturday,40,4,0,0,10.9,0.3,Partly Cloudy,1,1,1,0,25,403.0,485.0,250.0,497.0,414.5,361.1666666666667,380.9425444596443,868
2023-10-08,2023,10,8,6,Sunday,40,4,0,0,14.9,0.3,Sunny,1,1,1,0,25,640.0,310.0,270.0,515.5714285714286,447.35714285714283,377.8333333333333,380.9425444596443,770
2023-10-09,2023,10,9,0,Monday,41,4,0,0,14.3,1.5,Cloudy,1,1,0,0,25,324.0,282.0,310.0,536.0,460.57142857142856,383.06666666666666,380.9425444596443,467
2023-10-10,2023,10,10,1,Tuesday,41,4,0,0,15.9,0.6,Cloudy,1,1,0,0,25,271.0,292.0,329.0,553.8571428571429,468.0,385.3,380.9425444596443,396
2023-10-11,2023,10,11,2,Wednesday,41,4,0,0,13.5,0.9,Cloudy,1,1,1,0,25,379.0,381.0,221.0,567.8571428571429,474.85714285714283,393.8333333333333,380.9425444596443,477
2023-10-12,2023,10,12,3,Thursday,41,4,0,0,14.5,9.1,Rainy,1,1,0,0,25,542.0,327.0,178.0,535.0,473.7857142857143,398.3,380.9425444596443,312
2023-10-13,2023,10,13,4,Friday,41,4,0,0,18.3,2.3,Cloudy,1,1,0,0,25,455.0,329.0,219.0,547.0,488.7857142857143,408.96666666666664,380.9425444596443,539
2023-10-14,2023,10,14,5,Saturday,41,4,0,0,13.3,6.0,Rainy,1,1,0,0,25,868.0,403.0,249.0,477.7142857142857,487.35714285714283,413.43333333333334,380.9425444596443,383
2023-10-15,2023,10,15,6,Sunday,41,4,0,0,8.6,0.3,Sunny,1,1,0,0,25,770.0,640.0,232.0,464.42857142857144,490.0,428.26666666666665,380.9425444596443,677
2023-10-16,2023,10,16,0,Monday,42,4,0,0,22.0,1.0,Cloudy,1,1,0,0,25,467.0,324.0,580.0,476.42857142857144,506.2142857142857,427.3,380.9425444596443,551
2023-10-17,2023,10,17,1,Tuesday,42,4,0,0,20.5,1.6,Cloudy,1,1,0,0,25,396.0,271.0,367.0,491.14285714285717,522.5,431.7,380.9425444596443,499
2023-10-18,2023,10,18,2,Wednesday,42,4,0,0,9.8,0.2,Partly Cloudy,1,1,0,0,25,477.0,379.0,321.0,494.0,530.9285714285714,437.56666666666666,380.9425444596443,497
2023-10-19,2023,10,19,3,Thursday,42,4,0,0,17.8,0.0,Sunny,1,1,0,1,20,312.0,542.0,313.0,537.1428571428571,536.0714285714286,447.6,380.9425444596443,614
2023-10-20,2023,10,20,4,Friday,42,4,0,0,13.0,2.2,Cloudy,1,1,0,0,25,539.0,455.0,327.0,535.1428571428571,541.0714285714286,454.2,380.9425444596443,525
2023-10-21,2023,10,21,5,Saturday,42,4,0,0,16.1,2.1,Cloudy,1,1,0,0,25,383.0,868.0,323.0,566.7142857142857,522.2142857142857,463.56666666666666,380.9425444596443,604
2023-10-22,2023,10,22,6,Sunday,42,4,0,0,16.2,1.1,Cloudy,1,1,1,0,25,677.0,770.0,308.0,581.0,522.7142857142857,479.2,380.9425444596443,777
2023-10-23,2023,10,23,0,Monday,43,4,0,0,14.1,1.3,Cloudy,1,0,0,0,25,551.0,467.0,485.0,545.4285714285714,510.92857142857144,473.1,380.9425444596443,302
2023-10-24,2023,10,24,1,Tuesday,43,4,0,0,11.9,1.1,Cloudy,1,0,0,0,25,499.0,396.0,310.0,513.0,502.07142857142856,471.8333333333333,380.9425444596443,272
2023-10-25,2023,10,25,2,Wednesday,43,4,0,0,12.2,0.0,Partly Cloudy,1,0,0,0,25,497.0,477.0,282.0,496.0,495.0,475.03333333333336,380.9425444596443,378
2023-10-26,2023,10,26,3,Thursday,43,4,0,0,11.3,0.8,Cloudy,1,0,0,0,25,614.0,312.0,292.0,449.85714285714283,493.5,475.0,380.9425444596443,291
2023-10-27,2023,10,27,4,Friday,43,4,0,0,11.7,0.4,Partly Cloudy,1,0,0,0,25,525.0,539.0,381.0,419.0,477.07142857142856,472.6,380.9425444596443,309
2023-10-28,2023,10,28,5,Saturday,43,4,0,0,14.7,0.2,Sunny,1,0,0,0,25,604.0,383.0,327.0,406.7142857142857,486.7142857142857,478.96666666666664,380.9425444596443,518
2023-10-29,2023,10,29,6,Sunday,43,4,0,0,12.1,6.3,Rainy,1,0,0,0,25,777.0,677.0,329.0,343.2857142857143,462.14285714285717,479.1,380.9425444596443,333
2023-10-30,2023,10,30,0,Monday,44,4,0,0,17.7,1.8,Cloudy,1,0,0,0,25,302.0,551.0,403.0,350.57142857142856,448.0,477.43333333333334,380.9425444596443,353
2023-10-31,2023,10,31,1,Tuesday,44,4,0,0,20.9,2.6,Cloudy,1,0,0,1,20,272.0,499.0,640.0,368.85714285714283,440.92857142857144,469.43333333333334,380.9425444596443,400
2023-11-01,2023,11,1,2,Wednesday,44,4,0,0,14.7,0.8,Cloudy,1,0,0,0,25,378.0,497.0,324.0,368.2857142857143,432.14285714285717,471.1,380.9425444596443,374
2023-11-02,2023,11,2,3,Thursday,44,4,0,0,18.0,1.0,Cloudy,1,0,0,0,25,291.0,614.0,271.0,367.14285714285717,408.5,471.5,380.9425444596443,283
2023-11-03,2023,11,3,4,Friday,44,4,0,0,19.0,0.5,Cloudy,1,0,0,0,25,309.0,525.0,379.0,372.7142857142857,395.85714285714283,470.46666666666664,380.9425444596443,348
2023-11-04,2023,11,4,5,Saturday,44,4,0,0,18.9,0.2,Sunny,1,0,0,0,25,518.0,604.0,542.0,381.85714285714283,394.2857142857143,471.8,380.9425444596443,582
2023-11-05,2023,11,5,6,Sunday,44,4,0,0,17.3,0.4,Partly Cloudy,1,0,1,0,25,333.0,777.0,455.0,416.42857142857144,379.85714285714283,475.8,380.9425444596443,575
2023-11-06,2023,11,6,0,Monday,45,4,0,0,20.0,3.2,Cloudy,1,0,0,1,20,353.0,302.0,868.0,431.85714285714283,391.2142857142857,462.23333333333335,380.9425444596443,461
2023-11-07,2023,11,7,1,Tuesday,45,4,1,0,18.9,2.3,Cloudy,1,0,0,0,25,400.0,272.0,770.0,509.7142857142857,439.2857142857143,468.06666666666666,380.9425444596443,945
2023-11-08,2023,11,8,2,Wednesday,45,4,0,0,12.0,1.6,Cloudy,1,0,0,0,25,374.0,378.0,467.0,500.0,434.14285714285717,462.7,380.9425444596443,306
2023-11-09,2023,11,9,3,Thursday,45,4,0,0,20.5,1.3,Cloudy,1,0,0,0,25,283.0,291.0,396.0,516.0,441.57142857142856,462.6666666666667,380.9425444596443,395
2023-11-10,2023,11,10,4,Friday,45,4,0,0,20.5,5.1,Rainy,1,0,0,0,25,348.0,309.0,477.0,510.57142857142856,441.64285714285717,457.1,380.9425444596443,310
2023-11-11,2023,11,11,5,Saturday,45,4,0,0,13.9,0.2,Sunny,1,0,0,1,20,582.0,518.0,312.0,519.4285714285714,450.64285714285717,468.1666666666667,380.9425444596443,644
2023-11-12,2023,11,12,6,Sunday,45,4,0,0,17.2,0.7,Cloudy,1,0,0,0,25,575.0,333.0,539.0,502.0,459.2142857142857,465.3,380.9425444596443,453
2023-11-13,2023,11,13,0,Monday,46,4,0,0,19.7,0.9,Cloudy,1,0,0,0,25,461.0,353.0,383.0,482.57142857142856,457.2142857142857,463.3666666666667,380.9425444596443,325
2023-11-14,2023,11,14,1,Tuesday,46,4,0,0,16.2,3.1,Cloudy,1,0,0,0,25,945.0,400.0,677.0,391.2857142857143,450.5,451.0,380.9425444596443,306
2023-11-15,2023,11,15,2,Wednesday,46,4,0,0,21.3,9.8,Rainy,1,0,0,0,25,306.0,374.0,551.0,386.85714285714283,443.42857142857144,441.8,380.9425444596443,275
2023-11-16,2023,11,16,3,Thursday,46,4,0,0,26.5,0.6,Cloudy,1,0,0,0,25,395.0,283.0,499.0,379.14285714285717,447.57142857142856,436.53333333333336,380.9425444596443,341
2023-11-17,2023,11,17,4,Friday,46,4,0,0,13.9,4.1,Cloudy,1,0,0,1,20,310.0,348.0,497.0,394.57142857142856,452.57142857142856,433.9,380.9425444596443,418
2023-11-18,2023,11,18,5,Saturday,46,4,0,0,11.5,3.6,Cloudy,1,0,0,0,25,644.0,582.0,614.0,381.2857142857143,450.35714285714283,431.8,380.9425444596443,551
2023-11-19,2023,11,19,6,Sunday,46,4,0,0,18.2,0.5,Cloudy,1,0,0,0,25,453.0,575.0,525.0,373.0,437.5,427.46666666666664,380.9425444596443,395
2023-11-20,2023,11,20,0,Monday,47,4,0,0,19.9,1.0,Cloudy,1,0,1,1,20,325.0,461.0,604.0,386.14285714285717,434.35714285714283,421.23333333333335,380.9425444596443,417
2023-11-21,2023,11,21,1,Tuesday,47,4,0,0,16.1,1.1,Cloudy,1,0,0,0,25,306.0,945.0,777.0,402.0,396.64285714285717,409.23333333333335,380.9425444596443,417
2023-11-22,2023,11,22,2,Wednesday,47,4,0,0,22.8,7.7,Rainy,1,0,0,0,25,275.0,306.0,302.0,397.0,391.92857142857144,407.1666666666667,380.9425444596443,240
2023-11-23,2023,11,23,3,Thursday,47,4,0,0,11.6,0.4,Sunny,1,0,0,0,25,341.0,395.0,272.0,399.42857142857144,389.2857142857143,410.03333333333336,380.9425444596443,358
2023-11-24,2023,11,24,4,Friday,47,4,0,0,19.8,3.2,Cloudy,1,0,0,0,25,418.0,310.0,378.0,396.85714285714283,395.7142857142857,410.76666666666665,380.9425444596443,400
2023-11-25,2023,11,25,5,Saturday,47,4,0,0,14.6,0.8,Cloudy,1,0,0,0,25,551.0,644.0,291.0,369.42857142857144,375.35714285714283,413.03333333333336,380.9425444596443,359
2023-11-26,2023,11,26,6,Sunday,47,4,0,0,23.9,2.6,Cloudy,1,0,0,0,25,395.0,453.0,309.0,386.42857142857144,379.7142857142857,419.8666666666667,380.9425444596443,514
2023-11-27,2023,11,27,0,Monday,48,4,0,0,25.0,1.1,Cloudy,1,0,1,0,25,417.0,325.0,518.0,395.2857142857143,390.7142857142857,418.56666666666666,380.9425444596443,479
2023-11-28,2023,11,28,1,Tuesday,48,4,0,0,13.9,1.7,Cloudy,1,0,0,1,20,417.0,306.0,333.0,379.42857142857144,390.7142857142857,417.6666666666667,380.9425444596443,306
2023-11-29,2023,11,29,2,Wednesday,48,4,0,0,14.8,3.6,Cloudy,1,0,0,0,25,240.0,275.0,353.0,380.42857142857144,388.7142857142857,414.1333333333333,380.9425444596443,247
2023-11-30,2023,11,30,3,Thursday,48,4,0,0,20.4,3.3,Cloudy,1,0,1,0,25,358.0,341.0,400.0,381.7142857142857,390.57142857142856,413.03333333333336,380.9425444596443,367
2023-12-01,2023,12,1,4,Friday,48,4,0,0,17.6,4.0,Cloudy,1,0,0,0,25,400.0,418.0,374.0,492.0,444.42857142857144,439.6333333333333,380.9425444596443,1172
2023-12-02,2023,12,2,5,Saturday,48,4,0,0,19.3,0.1,Sunny,1,0,0,0,25,359.0,551.0,283.0,559.1428571428571,464.2857142857143,457.8333333333333,380.9425444596443,829
2023-12-03,2023,12,3,6,Sunday,48,4,0,0,19.6,2.4,Cloudy,1,0,0,0,25,514.0,395.0,348.0,560.2857142857143,473.35714285714283,463.6333333333333,380.9425444596443,522
2023-12-04,2023,12,4,0,Monday,49,4,0,0,9.9,0.3,Sunny,1,0,0,0,25,479.0,417.0,582.0,558.2857142857143,476.7857142857143,459.73333333333335,380.9425444596443,465
2023-12-05,2023,12,5,1,Tuesday,49,4,0,0,19.4,1.1,Cloudy,1,0,0,0,25,306.0,417.0,575.0,577.5714285714286,478.5,455.26666666666665,380.9425444596443,441
2023-12-06,2023,12,6,2,Wednesday,49,4,0,0,16.1,1.6,Cloudy,1,0,1,0,25,247.0,240.0,461.0,711.1428571428571,545.7857142857143,479.3,380.9425444596443,1182
2023-12-07,2023,12,7,3,Thursday,49,4,0,0,17.0,1.0,Cloudy,1,0,1,0,25,367.0,358.0,945.0,724.0,552.8571428571429,463.03333333333336,380.9425444596443,457
2023-12-08,2023,12,8,4,Friday,49,4,0,0,26.7,1.5,Cloudy,1,0,0,0,25,1172.0,400.0,306.0,602.5714285714286,547.2857142857143,463.56666666666666,380.9425444596443,322
2023-12-09,2023,12,9,5,Saturday,49,4,0,0,13.2,11.3,Rainy,1,0,0,0,25,829.0,359.0,395.0,539.0,549.0714285714286,463.2,380.9425444596443,384
2023-12-10,2023,12,10,6,Sunday,49,4,0,0,23.6,0.3,Partly Cloudy,1,0,0,0,25,522.0,514.0,310.0,560.2857142857143,560.2857142857143,475.23333333333335,380.9425444596443,671
2023-12-11,2023,12,11,0,Monday,50,4,0,0,18.1,2.3,Cloudy,1,0,0,0,25,465.0,479.0,644.0,549.2857142857143,553.7857142857143,466.7,380.9425444596443,388
2023-12-12,2023,12,12,1,Tuesday,50,4,0,0,18.1,1.0,Cloudy,1,0,0,0,25,441.0,306.0,453.0,539.1428571428571,558.3571428571429,463.93333333333334,380.9425444596443,370
2023-12-13,2023,12,13,2,Wednesday,50,4,0,0,23.5,0.3,Sunny,1,0,0,0,25,1182.0,247.0,325.0,462.57142857142856,586.8571428571429,474.6333333333333,380.9425444596443,646
2023-12-14,2023,12,14,3,Thursday,50,4,0,0,21.2,0.3,Sunny,1,0,0,0,25,457.0,367.0,306.0,495.2857142857143,609.6428571428571,487.3,380.9425444596443,686
2023-12-15,2023,12,15,4,Friday,50,4,0,0,22.4,6.0,Rainy,1,0,0,0,25,322.0,1172.0,275.0,502.14285714285717,552.3571428571429,490.46666666666664,380.9425444596443,370
2023-12-16,2023,12,16,5,Saturday,50,4,0,0,24.3,4.2,Cloudy,1,0,0,0,25,384.0,829.0,341.0,540.8571428571429,539.9285714285714,500.93333333333334,380.9425444596443,655
2023-12-17,2023,12,17,6,Sunday,50,4,0,0,17.8,4.8,Cloudy,1,0,0,0,25,671.0,522.0,418.0,528.0,544.1428571428571,506.3666666666667,380.9425444596443,581
2023-12-18,2023,12,18,0,Monday,51,4,0,1,16.4,9.5,Rainy,1,0,0,0,25,388.0,465.0,551.0,527.8571428571429,538.5714285714286,500.9,380.9425444596443,387
2023-12-19,2023,12,19,1,Tuesday,51,4,0,1,14.1,0.5,Cloudy,1,0,1,0,25,370.0,441.0,395.0,564.7142857142857,551.9285714285714,508.6666666666667,380.9425444596443,628
2023-12-20,2023,12,20,2,Wednesday,51,4,0,1,15.4,0.9,Cloudy,1,0,0,0,25,646.0,1182.0,417.0,545.8571428571429,504.2142857142857,511.9,380.9425444596443,514
2023-12-21,2023,12,21,3,Thursday,51,4,0,1,34.2,2.2,Cloudy,0,0,0,0,25,686.0,457.0,417.0,516.2857142857143,505.7857142857143,513.9666666666667,380.9425444596443,479
2023-12-22,2023,12,22,4,Friday,51,4,0,1,25.7,1.3,Cloudy,0,0,0,0,25,370.0,322.0,240.0,518.2857142857143,510.2142857142857,518.7666666666667,380.9425444596443,384
2023-12-23,2023,12,23,5,Saturday,51,4,0,1,12.7,1.1,Cloudy,0,0,0,0,25,655.0,384.0,358.0,505.42857142857144,523.1428571428571,525.6666666666666,380.9425444596443,565
2023-12-24,2023,12,24,6,Sunday,51,4,0,1,12.9,0.9,Cloudy,0,0,1,1,20,581.0,671.0,400.0,535.0,531.5,538.6,380.9425444596443,788
2023-12-25,2023,12,25,0,Monday,52,4,1,1,21.9,1.8,Cloudy,0,0,0,0,25,387.0,388.0,359.0,588.0,557.9285714285714,551.9,380.9425444596443,758
2023-12-26,2023,12,26,1,Tuesday,52,4,1,1,22.2,1.7,Cloudy,0,0,0,0,25,628.0,370.0,514.0,610.1428571428571,587.4285714285714,560.8666666666667,380.9425444596443,783
2023-12-27,2023,12,27,2,Wednesday,52,4,0,1,22.2,0.4,Sunny,0,0,0,0,25,514.0,646.0,479.0,621.1428571428571,583.5,564.6,380.9425444596443,591
2023-12-28,2023,12,28,3,Thursday,52,4,0,1,18.2,1.3,Cloudy,0,0,1,0,25,479.0,686.0,306.0,610.8571428571429,563.5714285714286,567.9666666666667,380.9425444596443,407
2023-12-29,2023,12,29,4,Friday,52,4,0,1,18.9,1.6,Cloudy,0,0,0,1,20,384.0,370.0,247.0,643.5714285714286,580.9285714285714,580.1666666666666,380.9425444596443,613
2023-12-30,2023,12,30,5,Saturday,52,4,0,1,21.1,1.7,Cloudy,0,0,0,0,25,565.0,655.0,367.0,670.8571428571429,588.1428571428571,593.1333333333333,380.9425444596443,756
2023-12-31,2023,12,31,6,Sunday,52,4,0,1,19.9,0.5,Cloudy,0,0,0,0,25,788.0,581.0,1172.0,621.8571428571429,578.4285714285714,568.9,380.9425444596443,445
2024-01-01,2024,1,1,0,Monday,1,1,1,0,9.4,2.7,Cloudy,0,0,0,1,20,758.0,387.0,829.0,581.2857142857143,584.6428571428571,557.0666666666667,931.0,474
2024-01-02,2024,1,2,1,Tuesday,1,1,0,0,19.4,0.1,Sunny,0,0,0,0,25,783.0,628.0,522.0,512.1428571428571,561.1428571428571,549.6333333333333,423.0,299
2024-01-03,2024,1,3,2,Wednesday,1,1,0,0,16.2,0.9,Cloudy,0,0,0,0,25,591.0,514.0,465.0,467.57142857142856,544.3571428571429,543.4333333333333,216.0,279
2024-01-04,2024,1,4,3,Thursday,1,1,0,0,21.4,3.0,Cloudy,0,0,0,0,25,407.0,479.0,441.0,455.85714285714283,533.3571428571429,539.5666666666667,272.0,325
2024-01-05,2024,1,5,4,Friday,1,1,0,0,35.4,1.7,Cloudy,0,0,0,0,25,613.0,384.0,1182.0,416.85714285714283,530.2142857142857,511.5,246.0,340
2024-01-06,2024,1,6,5,Saturday,1,1,0,0,22.3,0.6,Cloudy,0,0,1,0,25,756.0,565.0,457.0,394.7142857142857,532.7857142857143,516.3,436.0,601
2024-01-07,2024,1,7,6,Sunday,1,1,0,0,18.9,2.4,Cloudy,0,0,1,0,25,445.0,788.0,322.0,391.0,506.42857142857144,519.5333333333333,459.0,419
2024-01-08,2024,1,8,0,Monday,2,1,0,0,25.1,1.7,Cloudy,0,0,1,0,25,474.0,758.0,384.0,379.7142857142857,480.5,519.9,315.0,395
2024-01-09,2024,1,9,1,Tuesday,2,1,0,0,22.9,3.2,Cloudy,0,0,0,0,25,299.0,783.0,671.0,376.85714285714283,444.5,506.8333333333333,248.0,279
2024-01-10,2024,1,10,2,Wednesday,2,1,0,0,22.6,2.7,Cloudy,0,0,0,0,25,279.0,591.0,388.0,388.85714285714283,428.2142857142857,506.0,414.0,363
2024-01-11,2024,1,11,3,Thursday,2,1,0,0,23.5,1.9,Cloudy,0,0,0,0,25,325.0,407.0,370.0,389.42857142857144,422.64285714285717,504.6333333333333,372.0,329
2024-01-12,2024,1,12,4,Friday,2,1,0,0,30.8,1.3,Cloudy,0,0,0,0,25,340.0,613.0,646.0,388.0,402.42857142857144,494.1,244.0,330
2024-01-13,2024,1,13,5,Saturday,2,1,0,0,14.8,0.3,Sunny,0,0,0,0,25,601.0,756.0,686.0,388.0,391.35714285714283,491.26666666666665,366.0,601
2024-01-14,2024,1,14,6,Sunday,2,1,0,0,22.9,0.6,Cloudy,0,0,0,0,25,419.0,445.0,370.0,403.42857142857144,397.2142857142857,496.5,570.0,527
2024-01-15,2024,1,15,0,Monday,3,1,0,0,15.9,1.1,Cloudy,1,0,0,0,25,395.0,474.0,655.0,411.42857142857144,395.57142857142856,489.7,464.0,451
2024-01-16,2024,1,16,1,Tuesday,3,1,0,0,23.3,1.8,Cloudy,1,0,0,0,25,279.0,299.0,581.0,431.2857142857143,404.07142857142856,484.26666666666665,380.0,418
2024-01-17,2024,1,17,2,Wednesday,3,1,0,0,15.9,1.4,Cloudy,1,0,0,1,20,363.0,279.0,387.0,446.85714285714283,417.85714285714283,487.1,358.0,472
2024-01-18,2024,1,18,3,Thursday,3,1,0,0,18.4,0.7,Cloudy,1,0,0,0,25,329.0,325.0,628.0,453.57142857142856,421.5,478.7,387.0,376
2024-01-19,2024,1,19,4,Friday,3,1,0,0,19.0,0.0,Partly Cloudy,1,0,1,0,25,330.0,340.0,514.0,486.42857142857144,437.2142857142857,480.23333333333335,357.0,560
2024-01-20,2024,1,20,5,Saturday,3,1,0,0,25.4,1.4,Cloudy,1,0,0,0,25,601.0,601.0,479.0,485.0,436.5,483.96666666666664,364.0,591
2024-01-21,2024,1,21,6,Sunday,3,1,0,0,25.1,0.7,Cloudy,1,0,0,1,20,527.0,419.0,384.0,501.14285714285717,452.2857142857143,492.5,433.0,640
2024-01-22,2024,1,22,0,Monday,4,1,0,0,14.3,2.7,Cloudy,1,0,0,0,25,451.0,395.0,565.0,480.14285714285717,445.7857142857143,483.8,716.0,304
2024-01-23,2024,1,23,1,Tuesday,4,1,0,0,20.8,0.0,Sunny,1,0,0,0,25,418.0,279.0,788.0,499.57142857142856,465.42857142857144,476.0,318.0,554
2024-01-24,2024,1,24,2,Wednesday,4,1,0,0,17.0,1.8,Cloudy,1,0,0,0,25,472.0,363.0,758.0,488.85714285714283,467.85714285714283,463.96666666666664,254.0,397
2024-01-25,2024,1,25,3,Thursday,4,1,0,0,14.2,5.7,Rainy,1,0,0,0,25,376.0,329.0,783.0,473.57142857142856,463.57142857142856,446.8333333333333,252.0,269
2024-01-26,2024,1,26,4,Friday,4,1,1,0,19.4,0.4,Partly Cloudy,1,0,0,0,25,560.0,330.0,591.0,480.14285714285717,483.2857142857143,447.3333333333333,594.0,606
2024-01-27,2024,1,27,5,Saturday,4,1,0,0,19.0,1.3,Cloudy,1,0,0,1,20,591.0,601.0,407.0,509.0,497.0,460.2,403.0,793
2024-01-28,2024,1,28,6,Sunday,4,1,0,0,32.6,0.2,Partly Cloudy,1,0,0,0,25,640.0,527.0,613.0,498.85714285714283,500.0,458.73333333333335,550.0,569
2024-01-29,2024,1,29,0,Monday,5,1,0,0,22.7,2.0,Cloudy,1,0,0,0,25,304.0,451.0,756.0,517.5714285714286,498.85714285714283,448.03333333333336,499.0,435
2024-01-30,2024,1,30,1,Tuesday,5,1,0,0,13.6,1.6,Cloudy,1,0,0,0,25,554.0,418.0,445.0,483.7142857142857,491.64285714285717,443.76666666666665,354.0,317
2024-01-31,2024,1,31,2,Wednesday,5,1,0,0,17.7,1.0,Cloudy,1,0,0,0,25,397.0,472.0,474.0,476.0,482.42857142857144,439.4,415.0,343
2024-02-01,2024,2,1,3,Thursday,5,1,0,0,25.6,1.5,Cloudy,1,0,0,0,25,269.0,376.0,299.0,500.85714285714283,487.2142857142857,444.2,602.0,443
2024-02-02,2024,2,2,4,Friday,5,1,0,0,30.9,4.5,Cloudy,1,0,1,0,25,606.0,560.0,279.0,483.85714285714283,482.0,451.1333333333333,1104.0,487
2024-02-03,2024,2,3,5,Saturday,5,1,0,0,12.6,0.4,Sunny,1,0,1,0,25,793.0,591.0,325.0,475.57142857142856,492.2857142857143,464.8,431.0,735
2024-02-04,2024,2,4,6,Sunday,5,1,0,0,11.1,0.0,Sunny,1,0,1,0,25,569.0,640.0,340.0,509.0,503.92857142857144,480.23333333333335,631.0,803
2024-02-05,2024,2,5,0,Monday,6,1,0,0,29.9,4.0,Cloudy,1,0,0,0,25,435.0,304.0,601.0,495.14285714285717,506.35714285714283,471.46666666666664,690.0,338
2024-02-06,2024,2,6,1,Tuesday,6,1,0,0,22.4,1.7,Cloudy,1,0,0,0,25,317.0,554.0,419.0,518.5714285714286,501.14285714285717,473.53333333333336,346.0,481
2024-02-07,2024,2,7,2,Wednesday,6,1,0,0,16.2,4.4,Cloudy,1,0,0,0,25,343.0,397.0,395.0,530.4285714285714,503.2142857142857,474.56666666666666,506.0,426
2024-02-08,2024,2,8,3,Thursday,6,1,0,0,23.2,1.8,Cloudy,1,0,0,1,20,443.0,269.0,279.0,538.5714285714286,519.7142857142857,481.93333333333334,266.0,500
2024-02-09,2024,2,9,4,Friday,6,1,0,0,7.3,3.3,Cloudy,1,0,0,0,25,487.0,606.0,363.0,515.8571428571429,499.85714285714283,480.76666666666665,412.0,328
2024-02-10,2024,2,10,5,Saturday,6,1,0,0,20.5,1.1,Cloudy,1,0,0,0,25,735.0,793.0,329.0,472.0,473.7857142857143,484.06666666666666,362.0,428
2024-02-11,2024,2,11,6,Sunday,6,1,0,0,22.1,2.8,Cloudy,1,0,0,0,25,803.0,569.0,330.0,427.7142857142857,468.35714285714283,489.5,748.0,493
2024-02-12,2024,2,12,0,Monday,7,1,0,0,25.1,4.9,Cloudy,1,0,0,0,25,338.0,435.0,601.0,424.42857142857144,459.7857142857143,479.96666666666664,639.0,315
2024-02-13,2024,2,13,1,Tuesday,7,1,0,0,15.4,1.7,Cloudy,1,0,0,0,25,481.0,317.0,527.0,407.14285714285717,462.85714285714283,474.4,409.0,360
2024-02-14,2024,2,14,2,Wednesday,7,1,0,0,20.9,0.4,Sunny,1,0,0,1,20,426.0,343.0,451.0,434.14285714285717,482.2857142857143,479.8666666666667,421.0,615
2024-02-15,2024,2,15,3,Thursday,7,1,0,0,15.9,0.6,Cloudy,1,0,0,0,25,500.0,443.0,418.0,408.7142857142857,473.64285714285717,476.6666666666667,334.0,322
2024-02-16,2024,2,16,4,Friday,7,1,0,0,21.8,0.4,Sunny,1,0,0,0,25,328.0,487.0,472.0,445.57142857142856,480.7142857142857,480.46666666666664,379.0,586
2024-02-17,2024,2,17,5,Saturday,7,1,0,0,16.0,0.6,Cloudy,1,0,1,0,25,428.0,735.0,376.0,479.0,475.5,490.0,740.0,662
2024-02-18,2024,2,18,6,Sunday,7,1,0,0,18.5,0.7,Cloudy,1,0,1,1,20,493.0,803.0,560.0,517.8571428571429,472.7857142857143,496.8333333333333,631.0,765
2024-02-19,2024,2,19,0,Monday,8,1,0,0,15.5,1.6,Cloudy,1,0,1,0,25,315.0,338.0,591.0,520.5714285714286,472.5,488.26666666666665,577.0,334
2024-02-20,2024,2,20,1,Tuesday,8,1,0,0,23.8,1.8,Cloudy,1,0,0,0,25,360.0,481.0,640.0,560.0,483.57142857142856,488.1333333333333,339.0,636
2024-02-21,2024,2,21,2,Wednesday,8,1,0,0,24.8,1.1,Cloudy,1,0,0,0,25,615.0,426.0,304.0,515.8571428571429,475.0,488.2,225.0,306
2024-02-22,2024,2,22,3,Thursday,8,1,0,0,19.3,1.9,Cloudy,1,0,0,0,25,322.0,500.0,554.0,530.7142857142857,469.7142857142857,483.93333333333334,298.0,426
2024-02-23,2024,2,23,4,Friday,8,1,0,0,20.7,0.2,Partly Cloudy,1,0,1,0,25,586.0,328.0,397.0,542.4285714285714,494.0,492.96666666666664,495.0,668
2024-02-24,2024,2,24,5,Saturday,8,1,0,0,13.3,0.2,Partly Cloudy,1,0,0,0,25,662.0,428.0,269.0,524.2857142857143,501.64285714285717,501.8333333333333,478.0,535
2024-02-25,2024,2,25,6,Sunday,8,1,0,0,19.0,0.4,Sunny,1,0,0,0,25,765.0,493.0,606.0,500.57142857142856,509.2142857142857,501.6,1143.0,599
2024-02-26,2024,2,26,0,Monday,9,1,0,0,20.2,1.5,Cloudy,1,0,0,0,25,334.0,315.0,793.0,511.14285714285717,515.8571428571429,488.76666666666665,578.0,408
2024-02-27,2024,2,27,1,Tuesday,9,1,0,0,33.6,0.5,Cloudy,1,0,0,0,25,636.0,360.0,569.0,453.57142857142856,506.7857142857143,477.56666666666666,487.0,233
2024-02-28,2024,2,28,2,Wednesday,9,1,0,0,14.9,0.7,Cloudy,1,0,0,0,25,306.0,615.0,435.0,464.42857142857144,490.14285714285717,475.8,339.0,382
2024-02-29,2024,2,29,3,Thursday,9,1,0,0,27.8,1.0,Cloudy,1,0,0,0,25,426.0,322.0,317.0,456.7142857142857,493.7142857142857,477.6333333333333,334.0,372
2024-03-01,2024,3,1,4,Friday,9,1,0,0,22.5,3.3,Cloudy,1,0,0,0,25,668.0,586.0,343.0,426.57142857142856,484.5,481.43333333333334,350.0,457
2024-03-02,2024,3,2,5,Saturday,9,1,0,0,19.6,0.0,Sunny,1,0,0,0,25,535.0,662.0,443.0,422.57142857142856,473.42857142857144,483.56666666666666,280.0,507
2024-03-03,2024,3,3,6,Sunday,9,1,0,0,25.5,2.1,Cloudy,1,0,0,0,25,599.0,765.0,487.0,395.85714285714283,448.2142857142857,481.06666666666666,461.0,412
2024-03-04,2024,3,4,0,Monday,10,1,0,0,20.0,2.2,Cloudy,1,0,0,0,25,408.0,334.0,735.0,380.7142857142857,445.92857142857144,466.6333333333333,427.0,302
2024-03-05,2024,3,5,1,Tuesday,10,1,0,0,20.1,3.2,Cloudy,1,0,0,0,25,233.0,636.0,803.0,391.14285714285717,422.35714285714283,450.06666666666666,426.0,306
2024-03-06,2024,3,6,2,Wednesday,10,1,0,0,18.3,5.4,Rainy,1,0,0,0,25,382.0,306.0,338.0,364.85714285714283,414.64285714285717,445.4,295.0,198
2024-03-07,2024,3,7,3,Thursday,10,1,0,0,23.4,0.0,Partly Cloudy,1,0,0,0,25,372.0,426.0,481.0,378.2857142857143,417.5,444.9,431.0,466
2024-03-08,2024,3,8,4,Friday,10,1,0,0,22.9,0.3,Partly Cloudy,1,0,0,1,20,457.0,668.0,426.0,384.14285714285717,405.35714285714283,447.3,283.0,498
2024-03-09,2024,3,9,5,Saturday,10,1,0,0,16.0,4.3,Cloudy,1,0,0,0,25,507.0,535.0,500.0,378.85714285714283,400.7142857142857,446.3,347.0,470
2024-03-10,2024,3,10,6,Sunday,10,1,0,0,13.2,1.2,Cloudy,1,0,0,0,25,412.0,599.0,328.0,380.7142857142857,388.2857142857143,449.53333333333336,486.0,425
2024-03-11,2024,3,11,0,Monday,11,1,1,0,17.7,1.7,Cloudy,1,0,0,0,25,302.0,408.0,428.0,395.85714285714283,388.2857142857143,448.8666666666667,490.0,408
2024-03-12,2024,3,12,1,Tuesday,11,1,0,0,15.3,2.2,Cloudy,1,0,0,0,25,306.0,233.0,493.0,394.57142857142856,392.85714285714283,442.3333333333333,469.0,297
2024-03-13,2024,3,13,2,Wednesday,11,1,0,0,18.2,2.3,Cloudy,1,0,0,0,25,198.0,382.0,315.0,414.2857142857143,389.57142857142856,443.03333333333336,300.0,336
2024-03-14,2024,3,14,3,Thursday,11,1,0,0,23.4,5.4,Rainy,1,0,0,0,25,466.0,372.0,360.0,381.7142857142857,380.0,438.96666666666664,382.0,238
2024-03-15,2024,3,15,4,Friday,11,1,0,0,16.7,11.6,Rainy,1,0,0,1,20,498.0,457.0,615.0,360.0,372.07142857142856,430.0,338.0,346
2024-03-16,2024,3,16,5,Saturday,11,1,0,0,18.3,2.5,Cloudy,1,0,0,0,25,470.0,507.0,322.0,352.2857142857143,365.57142857142856,433.1333333333333,447.0,416
2024-03-17,2024,3,17,6,Sunday,11,1,0,0,18.7,0.7,Cloudy,1,0,0,0,25,425.0,412.0,586.0,351.57142857142856,366.14285714285717,427.6,488.0,420
2024-03-18,2024,3,18,0,Monday,12,1,0,0,21.9,4.2,Cloudy,1,1,0,0,25,408.0,302.0,662.0,371.7142857142857,383.7857142857143,423.8333333333333,515.0,549
2024-03-19,2024,3,19,1,Tuesday,12,1,0,0,9.5,0.1,Sunny,1,1,0,0,25,297.0,306.0,765.0,389.14285714285717,391.85714285714283,412.3,387.0,419
2024-03-20,2024,3,20,2,Wednesday,12,1,0,0,16.1,0.5,Cloudy,1,1,0,0,25,336.0,198.0,334.0,404.14285714285717,409.2142857142857,415.8666666666667,531.0,441
2024-03-21,2024,3,21,3,Thursday,12,1,0,0,19.3,4.6,Cloudy,1,1,0,0,25,238.0,466.0,636.0,433.2857142857143,407.5,409.4,543.0,442
2024-03-22,2024,3,22,4,Friday,12,1,0,0,23.3,0.6,Cloudy,1,1,0,0,25,346.0,498.0,306.0,467.14285714285717,413.57142857142856,418.6333333333333,581.0,583
2024-03-23,2024,3,23,5,Saturday,12,1,0,0,16.5,0.5,Cloudy,1,1,0,0,25,416.0,470.0,426.0,474.0,413.14285714285717,419.9,648.0,464
2024-03-24,2024,3,24,6,Sunday,12,1,0,0,11.0,0.3,Sunny,1,1,0,0,25,420.0,425.0,668.0,501.85714285714283,426.7142857142857,418.1333333333333,557.0,615
2024-03-25,2024,3,25,0,Monday,13,1,0,0,21.0,3.9,Cloudy,1,0,0,1,20,549.0,408.0,535.0,491.42857142857144,431.57142857142856,416.1666666666667,856.0,476
2024-03-26,2024,3,26,1,Tuesday,13,1,0,0,16.0,1.4,Cloudy,1,0,0,0,25,419.0,297.0,599.0,480.2857142857143,434.7142857142857,407.56666666666666,263.0,341
2024-03-27,2024,3,27,2,Wednesday,13,1,0,0,13.7,2.2,Cloudy,1,0,0,0,25,441.0,336.0,408.0,457.2857142857143,430.7142857142857,403.3,310.0,280
2024-03-28,2024,3,28,3,Thursday,13,1,0,0,16.0,0.5,Cloudy,1,0,0,0,25,442.0,238.0,233.0,439.7142857142857,436.5,406.1666666666667,359.0,319
2024-03-29,2024,3,29,4,Friday,13,1,1,0,17.8,2.8,Cloudy,1,0,0,1,20,583.0,346.0,382.0,451.42857142857144,459.2857142857143,415.6,390.0,665
2024-03-30,2024,3,30,5,Saturday,13,1,1,0,16.1,2.9,Cloudy,1,0,0,0,25,464.0,416.0,372.0,492.85714285714283,483.42857142857144,428.3333333333333,438.0,754
2024-03-31,2024,3,31,6,Sunday,13,1,1,0,9.7,0.7,Cloudy,1,0,0,0,25,615.0,420.0,457.0,544.2857142857143,523.0714285714286,445.6,848.0,975
2024-04-01,2024,4,1,0,Monday,14,2,1,1,19.1,1.1,Cloudy,0,0,0,0,25,476.0,549.0,507.0,534.7142857142857,513.0714285714286,442.3333333333333,449.0,409
2024-04-02,2024,4,2,1,Tuesday,14,2,0,1,20.6,0.5,Cloudy,0,0,0,0,25,341.0,419.0,412.0,531.4285714285714,505.85714285714283,439.2,519.0,318
2024-04-03,2024,4,3,2,Wednesday,14,2,0,1,18.1,7.5,Rainy,0,0,1,0,25,280.0,441.0,302.0,530.5714285714286,493.92857142857144,438.26666666666665,333.0,274
2024-04-04,2024,4,4,3,Thursday,14,2,0,1,10.9,2.1,Cloudy,0,0,0,0,25,319.0,442.0,306.0,542.8571428571429,491.2857142857143,441.56666666666666,355.0,405
2024-04-05,2024,4,5,4,Friday,14,2,0,1,14.7,5.5,Rainy,0,0,1,1,20,665.0,583.0,198.0,495.7142857142857,473.57142857142856,446.1333333333333,383.0,335
2024-04-06,2024,4,6,5,Saturday,14,2,0,1,15.5,0.7,Cloudy,0,0,0,0,25,754.0,464.0,466.0,440.2857142857143,466.57142857142856,442.8,810.0,366
2024-04-07,2024,4,7,6,Sunday,14,2,0,1,17.9,3.0,Cloudy,0,0,0,0,25,975.0,615.0,498.0,364.42857142857144,454.35714285714283,441.0,818.0,444
2024-04-08,2024,4,8,0,Monday,15,2,0,1,18.2,2.9,Cloudy,0,0,0,0,25,409.0,476.0,470.0,356.57142857142856,445.64285714285717,437.1333333333333,1090.0,354
2024-04-09,2024,4,9,1,Tuesday,15,2,0,1,12.6,2.4,Cloudy,0,0,0,0,25,318.0,341.0,425.0,352.85714285714283,442.14285714285717,432.7,576.0,292
2024-04-10,2024,4,10,2,Wednesday,15,2,0,1,15.8,6.7,Rainy,0,0,0,0,25,274.0,280.0,408.0,341.7142857142857,436.14285714285717,425.6333333333333,337.0,196
2024-04-11,2024,4,11,3,Thursday,15,2,0,1,17.3,1.0,Cloudy,0,0,0,0,25,405.0,319.0,297.0,333.57142857142856,438.2142857142857,427.3333333333333,489.0,348
2024-04-12,2024,4,12,4,Friday,15,2,0,1,21.3,0.3,Sunny,0,0,0,1,20,335.0,665.0,336.0,377.0,436.35714285714283,437.43333333333334,975.0,639
2024-04-13,2024,4,13,5,Saturday,15,2,0,1,18.3,2.2,Cloudy,0,0,0,0,25,366.0,754.0,238.0,380.0,410.14285714285717,442.4,389.0,387
2024-04-14,2024,4,14,6,Sunday,15,2,0,1,18.7,2.6,Cloudy,0,0,0,0,25,444.0,975.0,346.0,380.0,372.2142857142857,445.6666666666667,834.0,444
2024-04-15,2024,4,15,0,Monday,16,2,0,1,15.8,1.7,Cloudy,0,0,0,0,25,354.0,409.0,416.0,378.2857142857143,367.42857142857144,443.2,550.0,342
2024-04-16,2024,4,16,1,Tuesday,16,2,0,1,21.1,0.5,Cloudy,0,0,1,0,25,292.0,318.0,420.0,398.85714285714283,375.85714285714283,443.73333333333335,384.0,436
2024-04-17,2024,4,17,2,Wednesday,16,2,0,1,17.1,1.4,Cloudy,0,0,0,0,25,196.0,274.0,549.0,413.14285714285717,377.42857142857144,435.3,350.0,296
2024-04-18,2024,4,18,3,Thursday,16,2,0,1,12.1,0.7,Cloudy,0,0,0,0,25,348.0,405.0,419.0,406.14285714285717,369.85714285714283,431.3,251.0,299
2024-04-19,2024,4,19,4,Friday,16,2,0,0,21.1,1.1,Cloudy,0,0,0,0,25,639.0,335.0,441.0,364.14285714285717,370.57142857142856,428.1,316.0,345
2024-04-20,2024,4,20,5,Saturday,16,2,0,0,18.3,2.1,Cloudy,0,0,0,0,25,387.0,366.0,442.0,350.2857142857143,365.14285714285717,423.03333333333336,492.0,290
2024-04-21,2024,4,21,6,Sunday,16,2,0,0,13.7,2.7,Cloudy,0,0,1,0,25,444.0,444.0,583.0,343.2857142857143,361.64285714285717,416.76666666666665,382.0,395
2024-04-22,2024,4,22,0,Monday,17,2,0,0,13.6,0.5,Cloudy,0,0,0,1,20,342.0,354.0,464.0,328.14285714285717,353.2142857142857,409.1666666666667,455.0,236
2024-04-23,2024,4,23,1,Tuesday,17,2,0,0,16.7,1.0,Cloudy,0,0,0,0,25,436.0,292.0,615.0,301.57142857142856,350.2142857142857,397.0,364.0,250
2024-04-24,2024,4,24,2,Wednesday,17,2,0,0,17.4,0.6,Cloudy,0,0,0,0,25,296.0,196.0,476.0,291.14285714285717,352.14285714285717,388.56666666666666,356.0,223
2024-04-25,2024,4,25,3,Thursday,17,2,1,0,16.3,0.4,Partly Cloudy,0,0,0,0,25,299.0,348.0,341.0,314.0,360.07142857142856,392.5,276.0,459
2024-04-26,2024,4,26,4,Friday,17,2,0,0,16.7,3.1,Cloudy,0,0,0,0,25,345.0,639.0,280.0,304.2857142857143,334.2142857142857,392.4,366.0,277
2024-04-27,2024,4,27,5,Saturday,17,2,0,0,22.3,4.8,Cloudy,0,0,0,0,25,290.0,387.0,319.0,310.42857142857144,330.35714285714283,392.8666666666667,341.0,333
2024-04-28,2024,4,28,6,Sunday,17,2,0,0,19.8,0.9,Cloudy,0,0,0,0,25,395.0,444.0,665.0,308.7142857142857,326.0,383.46666666666664,439.0,383
2024-04-29,2024,4,29,0,Monday,18,2,0,0,16.3,2.8,Cloudy,0,0,0,0,25,236.0,342.0,754.0,314.85714285714283,321.5,367.6333333333333,384.0,279
2024-04-30,2024,4,30,1,Tuesday,18,2,0,0,19.3,4.5,Cloudy,0,0,0,0,25,250.0,436.0,975.0,314.2857142857143,307.92857142857144,343.3333333333333,196.0,246
2024-05-01,2024,5,1,2,Wednesday,18,2,0,0,8.9,3.7,Cloudy,1,0,1,1,20,223.0,296.0,409.0,320.0,305.57142857142856,338.46666666666664,202.0,263
2024-05-02,2024,5,2,3,Thursday,18,2,0,0,13.2,0.4,Sunny,1,0,0,0,25,459.0,299.0,318.0,299.2857142857143,306.64285714285717,338.3333333333333,133.0,314
2024-05-03,2024,5,3,4,Friday,18,2,0,0,17.4,6.3,Rainy,1,0,0,0,25,277.0,345.0,274.0,289.7142857142857,297.0,336.2,174.0,210
2024-05-04,2024,5,4,5,Saturday,18,2,0,0,11.3,0.9,Cloudy,1,0,0,0,25,333.0,290.0,405.0,289.85714285714283,300.14285714285717,333.8333333333333,266.0,334
2024-05-05,2024,5,5,6,Sunday,18,2,0,0,9.5,0.8,Cloudy,1,0,0,0,25,383.0,395.0,335.0,286.2857142857143,297.5,334.6,158.0,358
2024-05-06,2024,5,6,0,Monday,19,2,0,0,10.0,0.1,Sunny,1,0,0,0,25,279.0,236.0,366.0,292.7142857142857,303.7857142857143,333.2,245.0,324
2024-05-07,2024,5,7,1,Tuesday,19,2,0,0,8.7,1.3,Cloudy,1,0,0,0,25,246.0,250.0,444.0,277.14285714285717,295.7142857142857,322.96666666666664,253.0,137
2024-05-08,2024,5,8,2,Wednesday,19,2,0,0,9.6,0.2,Sunny,1,0,0,0,25,263.0,223.0,354.0,279.0,299.5,320.3666666666667,170.0,276
2024-05-09,2024,5,9,3,Thursday,19,2,0,0,10.9,0.6,Cloudy,1,0,0,0,25,314.0,459.0,292.0,297.42857142857144,298.35714285714283,325.4,148.0,443
2024-05-10,2024,5,10,4,Friday,19,2,0,0,7.8,0.8,Cloudy,1,0,0,0,25,210.0,277.0,196.0,301.14285714285717,295.42857142857144,326.73333333333335,195.0,236
2024-05-11,2024,5,11,5,Saturday,19,2,0,0,12.0,3.3,Cloudy,1,0,0,0,25,334.0,333.0,348.0,303.14285714285717,296.5,326.73333333333335,208.0,348
2024-05-12,2024,5,12,6,Sunday,19,2,0,0,14.7,4.2,Cloudy,1,0,0,0,25,358.0,383.0,639.0,307.0,296.64285714285717,318.26666666666665,285.0,385
2024-05-13,2024,5,13,0,Monday,20,2,0,0,9.3,0.7,Cloudy,1,0,1,0,25,324.0,279.0,387.0,300.7142857142857,296.7142857142857,314.7,264.0,280
2024-05-14,2024,5,14,1,Tuesday,20,2,0,0,16.6,3.9,Cloudy,1,0,0,0,25,137.0,246.0,444.0,316.42857142857144,296.7857142857143,308.1333333333333,219.0,247
2024-05-15,2024,5,15,2,Wednesday,20,2,0,0,13.5,3.9,Cloudy,1,0,0,0,25,276.0,263.0,342.0,310.85714285714283,294.92857142857144,304.6333333333333,203.0,237
2024-05-16,2024,5,16,3,Thursday,20,2,0,0,15.1,2.9,Cloudy,1,0,0,0,25,443.0,314.0,436.0,284.2857142857143,290.85714285714283,298.6666666666667,137.0,257
2024-05-17,2024,5,17,4,Friday,20,2,0,0,10.0,0.3,Sunny,1,0,0,0,25,236.0,210.0,296.0,301.2857142857143,301.2142857142857,300.6333333333333,163.0,355
2024-05-18,2024,5,18,5,Saturday,20,2,0,0,14.6,2.3,Cloudy,1,0,1,0,25,348.0,334.0,299.0,305.7142857142857,304.42857142857144,303.3,258.0,379
2024-05-19,2024,5,19,6,Sunday,20,2,0,0,8.7,5.8,Rainy,1,0,0,0,25,385.0,358.0,345.0,284.2857142857143,295.64285714285717,299.6333333333333,261.0,235
2024-05-20,2024,5,20,0,Monday,21,2,0,0,14.7,2.3,Cloudy,1,0,0,0,25,280.0,324.0,290.0,282.42857142857144,291.57142857142856,298.8666666666667,389.0,267
2024-05-21,2024,5,21,1,Tuesday,21,2,0,0,12.5,0.8,Cloudy,1,0,1,0,25,247.0,137.0,395.0,293.57142857142856,305.0,296.53333333333336,187.0,325
2024-05-22,2024,5,22,2,Wednesday,21,2,0,0,13.7,1.4,Cloudy,1,0,0,1,20,237.0,276.0,236.0,308.42857142857144,309.64285714285717,300.03333333333336,154.0,341
2024-05-23,2024,5,23,3,Thursday,21,2,0,0,8.5,2.1,Cloudy,1,0,0,0,25,257.0,443.0,250.0,300.42857142857144,292.35714285714283,298.4,201.0,201
2024-05-24,2024,5,24,4,Friday,21,2,0,0,9.3,1.4,Cloudy,1,0,0,0,25,355.0,236.0,223.0,287.14285714285717,294.2142857142857,299.7,178.0,262
2024-05-25,2024,5,25,5,Saturday,21,2,0,0,13.8,0.3,Sunny,1,0,1,0,25,379.0,348.0,459.0,300.14285714285717,302.92857142857144,300.06666666666666,264.0,470
2024-05-26,2024,5,26,6,Sunday,21,2,0,0,9.2,0.7,Cloudy,1,0,0,0,25,235.0,385.0,277.0,312.7142857142857,298.5,301.6,269.0,323
2024-05-27,2024,5,27,0,Monday,22,2,0,0,13.4,3.2,Cloudy,1,0,0,0,25,267.0,280.0,333.0,308.42857142857144,295.42857142857144,298.4,214.0,237
2024-05-28,2024,5,28,1,Tuesday,22,2,0,0,7.9,4.0,Cloudy,1,0,0,0,25,325.0,247.0,383.0,287.42857142857144,290.5,291.56666666666666,234.0,178
2024-05-29,2024,5,29,2,Wednesday,22,2,0,0,14.5,0.3,Partly Cloudy,1,0,0,0,25,341.0,237.0,279.0,279.0,293.7142857142857,291.6666666666667,134.0,282
2024-05-30,2024,5,30,3,Thursday,22,2,0,0,8.3,6.1,Rainy,1,0,0,0,25,201.0,257.0,246.0,266.0,283.2142857142857,287.1333333333333,187.0,110
2024-05-31,2024,5,31,4,Friday,22,2,0,0,13.7,0.8,Cloudy,1,0,0,0,25,262.0,355.0,263.0,260.2857142857143,273.7142857142857,285.76666666666665,140.0,222
2024-06-01,2024,6,1,5,Saturday,22,2,0,0,11.9,2.2,Cloudy,1,0,0,0,25,470.0,379.0,314.0,238.57142857142858,269.35714285714283,285.9,317.0,318
2024-06-02,2024,6,2,6,Sunday,22,2,0,0,7.9,2.8,Cloudy,1,0,0,0,25,323.0,235.0,210.0,230.71428571428572,271.7142857142857,287.8333333333333,346.0,268
2024-06-03,2024,6,3,0,Monday,23,2,0,0,11.7,3.3,Cloudy,1,0,0,0,25,237.0,267.0,334.0,227.57142857142858,268.0,283.8666666666667,336.0,215
2024-06-04,2024,6,4,1,Tuesday,23,2,0,0,10.8,5.8,Rainy,1,0,0,0,25,178.0,325.0,358.0,220.28571428571428,253.85714285714286,276.1666666666667,178.0,127
2024-06-05,2024,6,5,2,Wednesday,23,2,0,0,8.4,0.8,Cloudy,1,0,0,0,25,282.0,341.0,324.0,204.14285714285714,241.57142857142858,271.0,162.0,169
2024-06-06,2024,6,6,3,Thursday,23,2,0,0,7.0,3.9,Cloudy,1,0,0,0,25,110.0,201.0,137.0,217.71428571428572,241.85714285714286,273.26666666666665,262.0,205
2024-06-07,2024,6,7,4,Friday,23,2,0,0,4.1,0.3,Sunny,1,0,1,0,25,222.0,262.0,276.0,233.14285714285714,246.71428571428572,275.06666666666666,272.0,330
2024-06-08,2024,6,8,5,Saturday,23,2,0,0,11.0,2.4,Cloudy,1,0,0,0,25,318.0,470.0,443.0,234.0,236.28571428571428,271.1,220.0,324
2024-06-09,2024,6,9,6,Sunday,23,2,0,0,5.3,2.7,Cloudy,1,0,0,0,25,268.0,323.0,236.0,238.85714285714286,234.78571428571428,273.3,478.0,302
2024-06-10,2024,6,10,0,Monday,24,2,1,0,10.3,2.3,Cloudy,1,0,0,1,20,215.0,237.0,348.0,268.7142857142857,248.14285714285714,275.8333333333333,344.0,424
2024-06-11,2024,6,11,1,Tuesday,24,2,0,0,9.2,0.6,Cloudy,1,0,0,0,25,127.0,178.0,385.0,274.0,247.14285714285714,268.46666666666664,325.0,164
2024-06-12,2024,6,12,2,Wednesday,24,2,0,0,12.0,4.1,Cloudy,1,0,0,0,25,169.0,282.0,280.0,280.2857142857143,242.21428571428572,266.23333333333335,299.0,213
2024-06-13,2024,6,13,3,Thursday,24,2,0,0,9.1,0.4,Sunny,1,0,0,0,25,205.0,110.0,247.0,280.2857142857143,249.0,264.8333333333333,240.0,205
2024-06-14,2024,6,14,4,Friday,24,2,0,0,9.0,0.1,Sunny,1,0,0,0,25,330.0,222.0,237.0,271.0,252.07142857142858,265.76666666666665,164.0,265
2024-06-15,2024,6,15,5,Saturday,24,2,0,0,12.2,2.5,Cloudy,1,0,0,0,25,324.0,318.0,257.0,277.42857142857144,255.71428571428572,269.5,217.0,369
2024-06-16,2024,6,16,6,Sunday,24,2,0,0,11.0,1.3,Cloudy,1,0,1,0,25,302.0,268.0,355.0,289.85714285714283,264.35714285714283,270.6333333333333,297.0,389
2024-06-17,2024,6,17,0,Monday,25,2,0,0,10.9,3.8,Cloudy,1,0,1,1,20,424.0,215.0,379.0,281.14285714285717,274.92857142857144,270.1,204.0,363
2024-06-18,2024,6,18,1,Tuesday,25,2,0,0,11.4,1.0,Cloudy,1,0,0,0,25,164.0,127.0,235.0,287.0,280.5,269.1,213.0,205
2024-06-19,2024,6,19,2,Wednesday,25,2,0,0,5.4,0.4,Sunny,1,0,0,0,25,213.0,169.0,267.0,295.85714285714283,288.07142857142856,269.3666666666667,204.0,275
2024-06-20,2024,6,20,3,Thursday,25,2,0,0,12.3,3.6,Cloudy,1,0,0,0,25,205.0,205.0,325.0,298.7142857142857,289.5,266.03333333333336,222.0,225
2024-06-21,2024,6,21,4,Friday,25,2,0,0,11.8,1.6,Cloudy,1,0,1,0,25,265.0,330.0,341.0,309.2857142857143,290.14285714285717,265.96666666666664,214.0,339
2024-06-22,2024,6,22,5,Saturday,25,2,0,0,6.9,0.4,Sunny,1,0,0,0,25,369.0,324.0,201.0,306.2857142857143,291.85714285714283,270.8666666666667,231.0,348
2024-06-23,2024,6,23,6,Sunday,25,2,0,0,9.3,2.5,Cloudy,1,0,1,0,25,389.0,302.0,262.0,298.14285714285717,294.0,273.2,324.0,332
2024-06-24,2024,6,24,0,Monday,26,2,0,1,9.9,1.4,Cloudy,1,0,1,0,25,363.0,424.0,470.0,294.42857142857144,287.7857142857143,268.76666666666665,290.0,337
2024-06-25,2024,6,25,1,Tuesday,26,2,0,1,9.6,1.9,Cloudy,1,0,1,0,25,205.0,164.0,323.0,302.85714285714283,294.92857142857144,266.8,628.0,264
2024-06-26,2024,6,26,2,Wednesday,26,2,0,1,11.0,1.2,Cloudy,1,0,0,0,25,275.0,213.0,237.0,305.57142857142856,300.7142857142857,268.7,413.0,294
2024-06-27,2024,6,27,3,Thursday,26,2,0,1,14.3,3.5,Cloudy,1,0,0,0,25,225.0,205.0,178.0,322.85714285714283,310.7857142857143,274.3,202.0,346
2024-06-28,2024,6,28,4,Friday,26,2,0,1,13.2,3.5,Cloudy,1,0,0,0,25,339.0,265.0,282.0,320.14285714285717,314.7142857142857,275.56666666666666,292.0,320
2024-06-29,2024,6,29,5,Saturday,26,2,0,1,6.1,2.5,Cloudy,1,0,0,1,20,348.0,369.0,110.0,322.2857142857143,314.2857142857143,284.0,323.0,363
2024-06-30,2024,6,30,6,Sunday,26,2,0,1,11.9,0.2,Sunny,1,0,1,0,25,332.0,389.0,222.0,381.0,339.57142857142856,301.3666666666667,519.0,743
2024-07-01,2024,7,1,0,Monday,27,3,0,1,13.5,3.7,Cloudy,1,0,0,0,25,337.0,363.0,318.0,369.85714285714283,332.14285714285717,299.4,366.0,259
2024-07-02,2024,7,2,1,Tuesday,27,3,0,1,10.7,2.2,Cloudy,1,0,0,0,25,264.0,205.0,268.0,369.85714285714283,336.35714285714283,299.26666666666665,244.0,264
2024-07-03,2024,7,3,2,Wednesday,27,3,0,1,12.8,2.4,Cloudy,1,0,0,1,20,294.0,275.0,215.0,380.2857142857143,342.92857142857144,304.3333333333333,280.0,367
2024-07-04,2024,7,4,3,Thursday,27,3,0,1,15.5,0.9,Cloudy,1,0,1,1,20,346.0,225.0,127.0,382.14285714285717,352.5,312.06666666666666,390.0,359
2024-07-05,2024,7,5,4,Friday,27,3,0,1,12.6,4.2,Cloudy,1,0,0,0,25,320.0,339.0,169.0,374.7142857142857,347.42857142857144,315.3666666666667,217.0,268
2024-07-06,2024,7,6,5,Saturday,27,3,0,1,10.2,2.6,Cloudy,1,0,0,0,25,363.0,348.0,205.0,381.2857142857143,351.7857142857143,322.1666666666667,254.0,409
2024-07-07,2024,7,7,6,Sunday,27,3,0,1,12.6,0.2,Sunny,1,0,0,0,25,743.0,332.0,330.0,329.2857142857143,355.14285714285717,323.8,342.0,379
2024-07-08,2024,7,8,0,Monday,28,3,0,1,9.9,1.0,Cloudy,1,0,0,0,25,259.0,337.0,324.0,324.57142857142856,347.2142857142857,320.53333333333336,296.0,226
2024-07-09,2024,7,9,1,Tuesday,28,3,0,1,9.6,4.3,Cloudy,1,0,1,0,25,264.0,264.0,302.0,324.14285714285717,347.0,319.1666666666667,266.0,261
2024-07-10,2024,7,10,2,Wednesday,28,3,0,1,8.4,0.1,Sunny,1,0,0,0,25,367.0,294.0,424.0,311.57142857142856,345.92857142857144,314.3333333333333,235.0,279
2024-07-11,2024,7,11,3,Thursday,28,3,0,0,14.2,6.5,Rainy,1,0,0,1,20,359.0,346.0,164.0,282.57142857142856,332.35714285714283,314.06666666666666,208.0,156
2024-07-12,2024,7,12,4,Friday,28,3,0,0,7.0,2.3,Cloudy,1,0,0,0,25,268.0,320.0,213.0,278.2857142857143,326.5,314.9,243.0,238
2024-07-13,2024,7,13,5,Saturday,28,3,0,0,14.1,2.0,Cloudy,1,0,0,0,25,409.0,363.0,205.0,264.0,322.64285714285717,318.3666666666667,187.0,309
2024-07-14,2024,7,14,6,Sunday,28,3,0,0,11.0,0.6,Cloudy,1,0,0,1,20,379.0,743.0,265.0,268.85714285714283,299.07142857142856,323.3,363.0,413
2024-07-15,2024,7,15,0,Monday,29,3,0,0,5.3,0.6,Cloudy,1,0,0,0,25,226.0,259.0,369.0,283.85714285714283,304.2142857142857,322.03333333333336,281.0,331
2024-07-16,2024,7,16,1,Tuesday,29,3,0,0,10.6,5.7,Rainy,1,0,0,0,25,261.0,264.0,389.0,265.42857142857144,294.7857142857143,313.46666666666664,323.0,132
2024-07-17,2024,7,17,2,Wednesday,29,3,0,0,3.2,0.7,Cloudy,1,0,1,0,25,279.0,367.0,363.0,255.42857142857142,283.5,308.3333333333333,205.0,209
2024-07-18,2024,7,18,3,Thursday,29,3,0,0,11.4,3.0,Cloudy,1,0,0,0,25,156.0,359.0,205.0,263.2857142857143,272.92857142857144,308.53333333333336,192.0,211
2024-07-19,2024,7,19,4,Friday,29,3,0,0,12.2,1.0,Cloudy,1,0,0,1,20,238.0,268.0,275.0,263.85714285714283,271.07142857142856,307.43333333333334,173.0,242
2024-07-20,2024,7,20,5,Saturday,29,3,0,0,7.7,0.3,Sunny,1,0,0,1,20,309.0,409.0,225.0,286.0,275.0,315.4,149.0,464
2024-07-21,2024,7,21,6,Sunday,29,3,0,0,9.9,0.0,Sunny,1,0,0,0,25,413.0,379.0,339.0,268.7142857142857,268.7857142857143,313.8333333333333,373.0,292
2024-07-22,2024,7,22,0,Monday,30,3,0,0,15.4,1.6,Cloudy,1,0,0,0,25,331.0,226.0,348.0,245.0,264.42857142857144,307.73333333333335,262.0,165
2024-07-23,2024,7,23,1,Tuesday,30,3,0,0,8.0,7.4,Rainy,1,0,0,0,25,132.0,261.0,332.0,246.85714285714286,256.14285714285717,301.5,180.0,145
2024-07-24,2024,7,24,2,Wednesday,30,3,0,0,6.3,0.9,Cloudy,1,0,0,0,25,209.0,279.0,337.0,240.57142857142858,248.0,295.76666666666665,116.0,165
2024-07-25,2024,7,25,3,Thursday,30,3,0,0,13.9,0.9,Cloudy,1,0,0,0,25,211.0,156.0,264.0,278.7142857142857,271.0,302.9,184.0,478
2024-07-26,2024,7,26,4,Friday,30,3,0,0,15.4,0.8,Cloudy,1,0,1,0,25,242.0,238.0,294.0,274.57142857142856,269.2142857142857,300.2,130.0,213
2024-07-27,2024,7,27,5,Saturday,30,3,0,0,9.5,1.5,Cloudy,1,0,0,0,25,464.0,309.0,346.0,253.14285714285714,269.57142857142856,299.1333333333333,238.0,314
2024-07-28,2024,7,28,6,Sunday,30,3,0,0,12.5,1.2,Cloudy,1,0,0,0,25,292.0,413.0,320.0,247.0,257.85714285714283,296.76666666666665,280.0,249
2024-07-29,2024,7,29,0,Monday,31,3,0,0,13.5,4.2,Cloudy,1,0,1,0,25,165.0,331.0,363.0,258.42857142857144,251.71428571428572,292.8333333333333,257.0,245
2024-07-30,2024,7,30,1,Tuesday,31,3,0,0,7.3,1.4,Cloudy,1,0,0,0,25,145.0,132.0,743.0,264.7142857142857,255.78571428571428,274.3666666666667,262.0,189
2024-07-31,2024,7,31,2,Wednesday,31,3,0,0,8.0,1.4,Cloudy,1,0,0,1,20,165.0,209.0,259.0,272.85714285714283,256.7142857142857,273.1333333333333,169.0,222
2024-08-01,2024,8,1,3,Thursday,31,3,0,0,14.7,0.3,Partly Cloudy,0,0,0,0,25,478.0,211.0,264.0,235.42857142857142,257.07142857142856,271.53333333333336,284.0,216
2024-08-02,2024,8,2,4,Friday,31,3,0,0,16.1,8.1,Rainy,0,0,1,0,25,213.0,242.0,367.0,225.57142857142858,250.07142857142858,264.1,236.0,144
2024-08-03,2024,8,3,5,Saturday,31,3,0,0,12.7,0.6,Cloudy,0,0,1,0,25,314.0,464.0,359.0,221.85714285714286,237.5,261.73333333333335,246.0,288
2024-08-04,2024,8,4,6,Sunday,31,3,0,0,8.4,0.2,Partly Cloudy,0,0,0,0,25,249.0,292.0,268.0,222.85714285714286,234.92857142857142,261.3333333333333,330.0,256
2024-08-05,2024,8,5,0,Monday,32,3,0,0,17.0,2.2,Cloudy,0,0,0,0,25,245.0,165.0,409.0,212.71428571428572,235.57142857142858,253.5,412.0,174
2024-08-06,2024,8,6,1,Tuesday,32,3,0,0,9.4,1.8,Cloudy,0,0,1,0,25,189.0,145.0,379.0,211.71428571428572,238.21428571428572,246.93333333333334,215.0,182
2024-08-07,2024,8,7,2,Wednesday,32,3,0,0,10.0,1.1,Cloudy,0,0,0,0,25,222.0,165.0,226.0,209.0,240.92857142857142,246.16666666666666,197.0,203
2024-08-08,2024,8,8,3,Thursday,32,3,0,0,12.0,1.1,Cloudy,0,0,1,0,25,216.0,478.0,261.0,214.14285714285714,224.78571428571428,245.86666666666667,242.0,252
2024-08-09,2024,8,9,4,Friday,32,3,0,0,15.7,3.1,Cloudy,0,0,0,1,20,144.0,213.0,279.0,224.85714285714286,225.21428571428572,243.86666666666667,323.0,219
2024-08-10,2024,8,10,5,Saturday,32,3,0,0,13.6,0.4,Sunny,0,0,0,0,25,288.0,314.0,156.0,247.0,234.42857142857142,253.43333333333334,206.0,443
2024-08-11,2024,8,11,6,Sunday,32,3,0,0,12.2,3.4,Cloudy,0,0,0,0,25,256.0,249.0,238.0,252.14285714285714,237.5,255.23333333333332,376.0,292
2024-08-12,2024,8,12,0,Monday,33,3,0,0,12.4,2.1,Cloudy,0,0,0,0,25,174.0,245.0,309.0,254.71428571428572,233.71428571428572,251.33333333333334,294.0,192
2024-08-13,2024,8,13,1,Tuesday,33,3,0,0,11.1,1.1,Cloudy,0,0,0,0,25,182.0,189.0,413.0,258.0,234.85714285714286,244.4,189.0,205
2024-08-14,2024,8,14,2,Wednesday,33,3,0,0,12.7,1.2,Cloudy,0,0,0,0,25,203.0,222.0,331.0,263.57142857142856,236.28571428571428,241.43333333333334,245.0,242
2024-08-15,2024,8,15,3,Thursday,33,3,0,0,3.4,0.6,Cloudy,0,0,0,0,25,252.0,216.0,132.0,247.28571428571428,230.71428571428572,241.63333333333333,188.0,138
2024-08-16,2024,8,16,4,Friday,33,3,0,0,10.1,2.8,Cloudy,0,0,0,0,25,219.0,144.0,209.0,245.71428571428572,235.28571428571428,241.6,154.0,208
2024-08-17,2024,8,17,5,Saturday,33,3,0,0,11.7,1.4,Cloudy,0,0,1,0,25,443.0,288.0,211.0,215.0,231.0,242.16666666666666,129.0,228
2024-08-18,2024,8,18,6,Sunday,33,3,0,0,7.5,0.8,Cloudy,0,0,0,0,25,292.0,256.0,242.0,206.57142857142858,229.35714285714286,241.86666666666667,313.0,233
2024-08-19,2024,8,19,0,Monday,34,3,0,0,12.2,1.8,Cloudy,0,0,0,0,25,192.0,174.0,464.0,207.85714285714286,231.28571428571428,233.1,249.0,201
2024-08-20,2024,8,20,1,Tuesday,34,3,0,0,10.4,10.9,Rainy,0,0,1,0,25,205.0,182.0,292.0,200.42857142857142,229.21428571428572,228.46666666666667,164.0,153
2024-08-21,2024,8,21,2,Wednesday,34,3,0,0,16.3,1.1,Cloudy,0,0,0,0,25,242.0,203.0,165.0,190.57142857142858,227.07142857142858,228.73333333333332,162.0,173
2024-08-22,2024,8,22,3,Thursday,34,3,0,0,15.7,5.1,Rainy,0,0,0,0,25,138.0,252.0,145.0,186.42857142857142,216.85714285714286,227.53333333333333,213.0,109
2024-08-23,2024,8,23,4,Friday,34,3,0,0,9.6,0.8,Cloudy,0,0,0,0,25,208.0,219.0,165.0,183.85714285714286,214.78571428571428,228.36666666666667,177.0,190
2024-08-24,2024,8,24,5,Saturday,34,3,0,0,10.5,0.1,Sunny,0,0,0,0,25,228.0,443.0,478.0,210.28571428571428,212.64285714285714,226.2,203.0,413
2024-08-25,2024,8,25,6,Sunday,34,3,0,0,10.8,0.5,Cloudy,0,0,1,0,25,233.0,292.0,213.0,217.85714285714286,212.21428571428572,228.63333333333333,279.0,286
2024-08-26,2024,8,26,0,Monday,35,3,0,0,9.6,1.1,Cloudy,0,0,0,0,25,201.0,192.0,314.0,213.71428571428572,210.78571428571428,223.9,204.0,172
2024-08-27,2024,8,27,1,Tuesday,35,3,0,0,11.6,0.5,Cloudy,0,0,0,0,25,153.0,205.0,249.0,213.0,206.71428571428572,220.53333333333333,213.0,148
2024-08-28,2024,8,28,2,Wednesday,35,3,0,0,8.7,0.0,Partly Cloudy,0,0,0,0,25,173.0,242.0,245.0,215.0,202.78571428571428,218.6,219.0,187
2024-08-29,2024,8,29,3,Thursday,35,3,0,0,7.6,4.9,Cloudy,0,0,0,0,25,109.0,138.0,189.0,222.28571428571428,204.35714285714286,217.63333333333333,173.0,160
2024-08-30,2024,8,30,4,Friday,35,3,0,0,12.9,3.7,Cloudy,0,0,0,0,25,190.0,208.0,222.0,223.0,203.42857142857142,216.73333333333332,212.0,195
2024-08-31,2024,8,31,5,Saturday,35,3,0,0,12.9,2.7,Cloudy,0,0,0,0,25,413.0,228.0,216.0,200.14285714285714,205.21428571428572,217.96666666666667,219.0,253
2024-09-01,2024,9,1,6,Sunday,35,3,0,0,10.1,0.4,Sunny,1,0,0,0,25,286.0,233.0,144.0,227.0,222.42857142857142,228.96666666666667,296.0,474
2024-09-02,2024,9,2,0,Monday,36,3,0,0,15.2,0.3,Partly Cloudy,1,0,0,0,25,172.0,201.0,288.0,249.28571428571428,231.5,230.3,282.0,328
2024-09-03,2024,9,3,1,Tuesday,36,3,0,0,10.6,0.1,Partly Cloudy,1,0,0,0,25,148.0,153.0,256.0,263.7142857142857,238.35714285714286,230.06666666666666,274.0,249
2024-09-04,2024,9,4,2,Wednesday,36,3,0,0,13.3,2.6,Cloudy,1,0,0,0,25,187.0,173.0,174.0,274.7142857142857,244.85714285714286,233.06666666666666,180.0,264
2024-09-05,2024,9,5,3,Thursday,36,3,0,0,15.0,5.3,Rainy,1,0,0,0,25,160.0,109.0,182.0,317.14285714285717,269.7142857142857,242.23333333333332,257.0,457
2024-09-06,2024,9,6,4,Friday,36,3,0,0,12.4,1.1,Cloudy,1,0,0,0,25,195.0,190.0,203.0,328.42857142857144,275.7142857142857,244.6,250.0,274
2024-09-07,2024,9,7,5,Saturday,36,3,0,0,13.9,0.3,Sunny,1,0,0,0,25,253.0,413.0,252.0,382.14285714285717,291.14285714285717,257.1666666666667,270.0,629
2024-09-08,2024,9,8,6,Sunday,36,3,0,0,11.0,1.4,Cloudy,1,0,0,0,25,474.0,286.0,219.0,365.0,296.0,261.6666666666667,310.0,354
2024-09-09,2024,9,9,0,Monday,37,3,0,0,11.9,0.9,Cloudy,1,0,0,0,25,328.0,172.0,443.0,355.42857142857144,302.35714285714283,255.6,329.0,261
2024-09-10,2024,9,10,1,Tuesday,37,3,0,0,11.9,0.9,Cloudy,1,0,0,0,25,249.0,148.0,292.0,353.57142857142856,308.64285714285717,253.73333333333332,221.0,236
2024-09-11,2024,9,11,2,Wednesday,37,3,0,0,10.3,1.9,Cloudy,1,0,0,0,25,264.0,187.0,192.0,364.0,319.35714285714283,258.56666666666666,178.0,337
2024-09-12,2024,9,12,3,Thursday,37,3,0,0,12.0,2.5,Cloudy,1,0,0,0,25,457.0,160.0,205.0,342.85714285714283,330.0,262.03333333333336,219.0,309
2024-09-13,2024,9,13,4,Friday,37,3,0,0,7.9,0.2,Sunny,1,0,0,0,25,274.0,195.0,242.0,346.57142857142856,337.5,263.96666666666664,249.0,300
2024-09-14,2024,9,14,5,Saturday,37,3,0,0,11.0,0.1,Partly Cloudy,1,0,0,0,25,629.0,253.0,138.0,330.0,356.07142857142856,276.46666666666664,232.0,513
2024-09-15,2024,9,15,6,Sunday,37,3,0,0,11.6,10.3,Rainy,1,0,0,0,25,354.0,474.0,208.0,321.85714285714283,343.42857142857144,279.43333333333334,580.0,297
2024-09-16,2024,9,16,0,Monday,38,3,0,1,11.7,0.5,Cloudy,1,0,1,0,25,261.0,328.0,228.0,347.0,351.2142857142857,286.4,367.0,437
2024-09-17,2024,9,17,1,Tuesday,38,3,0,1,11.8,0.1,Sunny,1,0,0,1,20,236.0,249.0,233.0,385.57142857142856,369.57142857142856,295.5,321.0,506
2024-09-18,2024,9,18,2,Wednesday,38,3,0,1,12.3,0.4,Sunny,1,0,0,0,25,337.0,264.0,201.0,396.7142857142857,380.35714285714283,302.6333333333333,313.0,415
2024-09-19,2024,9,19,3,Thursday,38,3,0,1,13.9,0.1,Sunny,1,0,0,0,25,309.0,457.0,153.0,423.42857142857144,383.14285714285717,314.06666666666666,327.0,496
2024-09-20,2024,9,20,4,Friday,38,3,0,1,15.1,1.0,Cloudy,1,0,0,0,25,300.0,274.0,173.0,435.2857142857143,390.92857142857144,321.06666666666666,323.0,383
2024-09-21,2024,9,21,5,Saturday,38,3,0,1,10.6,3.2,Cloudy,1,0,0,0,25,513.0,629.0,109.0,454.85714285714283,392.42857142857144,339.1,308.0,650
2024-09-22,2024,9,22,6,Sunday,38,3,0,1,8.9,0.8,Cloudy,1,0,0,0,25,297.0,354.0,190.0,465.14285714285717,393.5,345.06666666666666,485.0,369
2024-09-23,2024,9,23,0,Monday,39,3,0,1,9.4,1.2,Cloudy,1,0,1,0,25,437.0,261.0,413.0,463.7142857142857,405.35714285714283,345.53333333333336,310.0,427
2024-09-24,2024,9,24,1,Tuesday,39,3,0,1,11.0,2.3,Cloudy,1,0,0,0,25,506.0,236.0,286.0,440.57142857142856,413.07142857142856,347.46666666666664,282.0,344
2024-09-25,2024,9,25,2,Wednesday,39,3,0,1,11.4,1.4,Cloudy,1,0,0,0,25,415.0,337.0,172.0,434.7142857142857,415.7142857142857,354.2,292.0,374
2024-09-26,2024,9,26,3,Thursday,39,3,0,1,10.2,4.0,Cloudy,1,0,0,1,20,496.0,309.0,148.0,435.0,429.2142857142857,365.8666666666667,381.0,498
2024-09-27,2024,9,27,4,Friday,39,3,0,1,8.6,4.0,Cloudy,1,0,0,0,25,383.0,300.0,187.0,426.2857142857143,430.7857142857143,370.3666666666667,327.0,322
2024-09-28,2024,9,28,5,Saturday,39,3,0,1,11.1,0.0,Sunny,1,0,0,0,25,650.0,513.0,160.0,439.7142857142857,447.2857142857143,389.8333333333333,329.0,744
2024-09-29,2024,9,29,6,Sunday,39,3,0,1,13.0,3.0,Cloudy,1,0,0,0,25,369.0,297.0,195.0,436.42857142857144,450.7857142857143,394.8666666666667,403.0,346
2024-09-30,2024,9,30,0,Monday,40,3,0,1,14.3,1.2,Cloudy,1,0,0,0,25,427.0,437.0,253.0,423.7142857142857,443.7142857142857,397.7,640.0,338
2024-10-01,2024,10,1,1,Tuesday,40,4,0,1,12.8,9.0,Rainy,1,0,0,0,25,344.0,506.0,474.0,410.57142857142856,425.57142857142856,390.3,324.0,252
2024-10-02,2024,10,2,2,Wednesday,40,4,0,1,13.3,1.3,Cloudy,1,0,0,0,25,374.0,415.0,328.0,405.42857142857144,420.07142857142856,390.6333333333333,271.0,338
2024-10-03,2024,10,3,3,Thursday,40,4,0,0,11.3,8.7,Rainy,1,1,0,0,25,498.0,496.0,249.0,380.14285714285717,407.57142857142856,393.03333333333336,379.0,321
2024-10-04,2024,10,4,4,Friday,40,4,0,0,14.9,2.8,Cloudy,1,1,0,0,25,322.0,383.0,264.0,406.85714285714283,416.57142857142856,401.2,542.0,509
2024-10-05,2024,10,5,5,Saturday,40,4,0,0,11.6,0.6,Cloudy,1,1,0,0,25,744.0,650.0,457.0,398.57142857142856,419.14285714285717,408.8333333333333,455.0,686
2024-10-06,2024,10,6,6,Sunday,40,4,0,0,17.3,1.5,Cloudy,1,1,0,0,25,346.0,369.0,274.0,438.57142857142856,437.5,420.56666666666666,868.0,626
2024-10-07,2024,10,7,0,Monday,41,4,0,0,7.9,9.7,Rainy,1,1,1,0,25,338.0,427.0,629.0,431.7142857142857,427.7142857142857,409.26666666666665,770.0,290
2024-10-08,2024,10,8,1,Tuesday,41,4,0,0,13.6,3.9,Cloudy,1,1,0,0,25,252.0,344.0,354.0,457.42857142857144,434.0,411.8666666666667,467.0,432
2024-10-09,2024,10,9,2,Wednesday,41,4,0,0,16.2,0.2,Sunny,1,1,0,0,25,338.0,374.0,261.0,487.57142857142856,446.5,421.46666666666664,396.0,549
2024-10-10,2024,10,10,3,Thursday,41,4,0,0,15.7,2.5,Cloudy,1,1,0,0,25,321.0,498.0,236.0,512.8571428571429,446.5,430.2,477.0,498
2024-10-11,2024,10,11,4,Friday,41,4,0,0,25.8,0.8,Cloudy,1,1,0,0,25,509.0,322.0,337.0,516.1428571428571,461.5,436.7,312.0,532
2024-10-12,2024,10,12,5,Saturday,41,4,0,0,16.4,0.0,Partly Cloudy,1,1,0,0,25,686.0,744.0,309.0,518.4285714285714,458.5,449.8,539.0,702
2024-10-13,2024,10,13,6,Sunday,41,4,0,0,11.0,1.0,Cloudy,1,1,0,0,25,626.0,346.0,300.0,506.57142857142856,472.57142857142856,457.9,383.0,543
2024-10-14,2024,10,14,0,Monday,42,4,0,0,14.6,0.5,Cloudy,1,1,1,0,25,290.0,338.0,513.0,531.5714285714286,481.64285714285717,456.3,677.0,465
2024-10-15,2024,10,15,1,Tuesday,42,4,0,0,7.9,3.4,Cloudy,1,1,0,0,25,432.0,252.0,297.0,516.8571428571429,487.14285714285717,457.3666666666667,551.0,329
2024-10-16,2024,10,16,2,Wednesday,42,4,0,0,14.7,0.8,Cloudy,1,1,0,0,25,549.0,338.0,437.0,497.2857142857143,492.42857142857144,456.53333333333336,499.0,412
2024-10-17,2024,10,17,3,Thursday,42,4,0,0,11.7,3.5,Cloudy,1,1,0,0,25,498.0,321.0,506.0,492.2857142857143,502.57142857142856,455.1,497.0,463
2024-10-18,2024,10,18,4,Friday,42,4,0,0,18.7,0.0,Partly Cloudy,1,1,0,0,25,532.0,509.0,415.0,587.7142857142857,551.9285714285714,481.26666666666665,614.0,1200
2024-10-19,2024,10,19,5,Saturday,42,4,0,0,12.8,0.7,Cloudy,1,1,0,0,25,702.0,686.0,496.0,577.4285714285714,547.9285714285714,485.73333333333335,525.0,630
2024-10-20,2024,10,20,6,Sunday,42,4,0,0,14.5,0.6,Cloudy,1,1,0,0,25,543.0,626.0,383.0,587.0,546.7857142857143,493.3,604.0,610
2024-10-21,2024,10,21,0,Monday,43,4,0,0,12.5,0.5,Cloudy,1,0,0,0,25,465.0,290.0,650.0,566.1428571428571,548.8571428571429,482.26666666666665,777.0,319
2024-10-22,2024,10,22,1,Tuesday,43,4,0,0,22.0,0.1,Sunny,1,0,1,0,25,329.0,432.0,369.0,585.4285714285714,551.1428571428571,485.43333333333334,302.0,464
2024-10-23,2024,10,23,2,Wednesday,43,4,0,0,13.7,0.4,Sunny,1,0,0,0,25,412.0,549.0,427.0,575.7142857142857,536.5,482.6666666666667,272.0,344
2024-10-24,2024,10,24,3,Thursday,43,4,0,0,22.3,1.6,Cloudy,1,0,0,0,25,463.0,498.0,344.0,551.1428571428571,521.7142857142857,480.9,378.0,291
2024-10-25,2024,10,25,4,Friday,43,4,0,0,18.3,0.7,Cloudy,1,0,1,0,25,1200.0,532.0,374.0,432.14285714285717,509.92857142857144,480.6666666666667,291.0,367
2024-10-26,2024,10,26,5,Saturday,43,4,0,0,16.9,1.1,Cloudy,1,0,0,0,25,630.0,702.0,498.0,410.42857142857144,493.92857142857144,480.0,309.0,478
2024-10-27,2024,10,27,6,Sunday,43,4,0,0,16.5,0.9,Cloudy,1,0,0,0,25,610.0,543.0,322.0,380.2857142857143,483.64285714285717,482.56666666666666,518.0,399
2024-10-28,2024,10,28,0,Monday,44,4,0,0,16.6,4.2,Cloudy,1,0,0,0,25,319.0,465.0,744.0,378.2857142857143,472.2142857142857,467.93333333333334,333.0,305
2024-10-29,2024,10,29,1,Tuesday,44,4,0,0,7.3,4.7,Cloudy,1,0,0,0,25,464.0,329.0,346.0,350.0,467.7142857142857,465.26666666666665,353.0,266
2024-10-30,2024,10,30,2,Wednesday,44,4,0,0,13.9,1.4,Cloudy,1,0,0,0,25,344.0,412.0,338.0,347.42857142857144,461.57142857142856,464.8666666666667,400.0,326
2024-10-31,2024,10,31,3,Thursday,44,4,0,0,18.4,0.8,Cloudy,1,0,0,0,25,291.0,463.0,252.0,345.7142857142857,448.42857142857144,465.76666666666665,374.0,279
2024-11-01,2024,11,1,4,Friday,44,4,0,0,16.8,0.2,Sunny,1,0,0,0,25,367.0,1200.0,338.0,370.14285714285717,401.14285714285717,472.43333333333334,283.0,538
2024-11-02,2024,11,2,5,Saturday,44,4,0,0,11.4,6.1,Rainy,1,0,0,0,25,478.0,630.0,321.0,360.85714285714283,385.64285714285717,475.5,348.0,413
2024-11-03,2024,11,3,6,Sunday,44,4,0,0,16.8,0.1,Sunny,1,0,0,0,25,399.0,610.0,509.0,378.0,379.14285714285717,475.8333333333333,582.0,519
2024-11-04,2024,11,4,0,Monday,45,4,0,0,23.8,0.7,Cloudy,1,0,0,0,25,305.0,319.0,686.0,385.14285714285717,381.7142857142857,464.8,575.0,355
2024-11-05,2024,11,5,1,Tuesday,45,4,1,0,22.0,0.7,Cloudy,1,0,0,0,25,266.0,464.0,626.0,438.14285714285717,394.07142857142856,465.1666666666667,461.0,637
2024-11-06,2024,11,6,2,Wednesday,45,4,0,0,16.8,0.8,Cloudy,1,0,0,0,25,326.0,344.0,290.0,438.57142857142856,393.0,466.46666666666664,945.0,329
2024-11-07,2024,11,7,3,Thursday,45,4,0,0,20.8,0.4,Sunny,1,0,1,0,25,279.0,291.0,432.0,460.0,402.85714285714283,466.3666666666667,306.0,429
2024-11-08,2024,11,8,4,Friday,45,4,0,0,15.5,3.1,Cloudy,1,0,1,0,25,538.0,367.0,549.0,435.14285714285717,402.64285714285717,460.2,395.0,364
2024-11-09,2024,11,9,5,Saturday,45,4,0,0,10.2,0.3,Partly Cloudy,1,0,1,0,25,413.0,478.0,498.0,463.2857142857143,412.07142857142856,463.93333333333334,310.0,610
2024-11-10,2024,11,10,6,Sunday,45,4,0,0,13.3,2.0,Cloudy,1,0,0,0,25,519.0,399.0,532.0,447.57142857142856,412.7857142857143,459.8333333333333,644.0,409
2024-11-11,2024,11,11,0,Monday,46,4,0,0,23.3,0.3,Partly Cloudy,1,0,0,0,25,355.0,305.0,702.0,456.0,420.57142857142856,450.23333333333335,453.0,414
2024-11-12,2024,11,12,1,Tuesday,46,4,0,0,15.9,0.1,Sunny,1,0,0,0,25,637.0,266.0,543.0,423.57142857142856,430.85714285714283,445.8,325.0,410
2024-11-13,2024,11,13,2,Wednesday,46,4,0,0,16.0,4.8,Cloudy,1,0,0,0,25,329.0,326.0,465.0,432.85714285714283,435.7142857142857,443.43333333333334,306.0,394
2024-11-14,2024,11,14,3,Thursday,46,4,0,0,15.8,0.4,Sunny,1,0,0,0,25,429.0,279.0,329.0,432.57142857142856,446.2857142857143,446.7,275.0,427
2024-11-15,2024,11,15,4,Friday,46,4,0,0,24.6,3.4,Cloudy,1,0,0,0,25,364.0,538.0,412.0,442.0,438.57142857142856,447.3,341.0,430
2024-11-16,2024,11,16,5,Saturday,46,4,0,0,23.5,1.6,Cloudy,0,0,0,0,25,610.0,413.0,463.0,431.0,447.14285714285717,449.6333333333333,418.0,533
2024-11-17,2024,11,17,6,Sunday,46,4,0,0,25.9,0.2,Sunny,0,0,0,0,25,409.0,519.0,1200.0,453.14285714285717,450.35714285714283,428.43333333333334,551.0,564
2024-11-18,2024,11,18,0,Monday,47,4,0,0,16.4,6.2,Rainy,0,0,0,0,25,414.0,355.0,630.0,423.85714285714283,439.92857142857144,414.4,395.0,209
2024-11-19,2024,11,19,1,Tuesday,47,4,0,0,18.2,0.6,Cloudy,0,0,0,0,25,410.0,637.0,610.0,393.57142857142856,408.57142857142856,400.6666666666667,417.0,198
2024-11-20,2024,11,20,2,Wednesday,47,4,0,0,10.9,3.9,Cloudy,0,0,1,0,25,394.0,329.0,319.0,383.7142857142857,408.2857142857143,400.8666666666667,417.0,325
2024-11-21,2024,11,21,3,Thursday,47,4,0,0,22.9,0.4,Sunny,0,0,1,1,20,427.0,429.0,464.0,413.14285714285717,422.85714285714283,406.5,240.0,633
2024-11-22,2024,11,22,4,Friday,47,4,0,0,12.3,3.8,Cloudy,0,0,1,0,25,430.0,364.0,344.0,401.2857142857143,421.64285714285717,406.6,358.0,347
2024-11-23,2024,11,23,5,Saturday,47,4,0,0,17.9,0.0,Sunny,0,0,0,1,20,533.0,610.0,291.0,428.85714285714283,429.92857142857144,421.1,400.0,726
2024-11-24,2024,11,24,6,Sunday,47,4,0,0,12.6,1.4,Cloudy,0,0,0,0,25,564.0,409.0,367.0,408.2857142857143,430.7142857142857,422.8666666666667,359.0,420
2024-11-25,2024,11,25,0,Monday,48,4,0,0,14.6,2.9,Cloudy,0,0,0,0,25,209.0,414.0,478.0,420.2857142857143,422.07142857142856,416.7,514.0,293
2024-11-26,2024,11,26,1,Tuesday,48,4,0,0,13.7,5.5,Rainy,0,0,0,0,25,198.0,410.0,399.0,422.85714285714283,408.2142857142857,410.6,479.0,216
2024-11-27,2024,11,27,2,Wednesday,48,4,0,0,14.6,4.8,Cloudy,0,0,0,0,25,325.0,394.0,305.0,416.2857142857143,400.0,409.73333333333335,306.0,279
2024-11-28,2024,11,28,3,Thursday,48,4,0,0,14.8,3.4,Cloudy,0,0,0,0,25,633.0,427.0,266.0,354.0,383.57142857142856,407.43333333333334,247.0,197
2024-11-29,2024,11,29,4,Friday,48,4,0,0,14.8,4.4,Cloudy,0,0,1,0,25,347.0,430.0,326.0,351.57142857142856,376.42857142857144,407.56666666666666,367.0,330
2024-11-30,2024,11,30,5,Saturday,48,4,0,0,20.3,0.4,Sunny,0,0,0,0,25,726.0,533.0,279.0,342.0,385.42857142857144,420.23333333333335,1172.0,659
2024-12-01,2024,12,1,6,Sunday,48,4,0,0,14.0,0.7,Cloudy,0,0,0,0,25,420.0,564.0,538.0,341.42857142857144,374.85714285714283,416.1666666666667,829.0,416
2024-12-02,2024,12,2,0,Monday,49,4,0,0,20.6,0.7,Cloudy,0,0,0,0,25,293.0,209.0,413.0,352.57142857142856,386.42857142857144,414.76666666666665,522.0,371
2024-12-03,2024,12,3,1,Tuesday,49,4,0,0,25.6,0.9,Cloudy,0,0,0,0,25,216.0,198.0,519.0,360.85714285714283,391.85714285714283,406.6,465.0,274
2024-12-04,2024,12,4,2,Wednesday,49,4,0,0,16.9,1.0,Cloudy,0,0,0,0,25,279.0,325.0,355.0,377.2857142857143,396.7857142857143,407.9,441.0,394
2024-12-05,2024,12,5,3,Thursday,49,4,0,0,15.9,1.6,Cloudy,0,0,0,0,25,197.0,633.0,637.0,407.42857142857144,380.7142857142857,400.26666666666665,1182.0,408
2024-12-06,2024,12,6,4,Friday,49,4,0,0,18.3,0.3,Partly Cloudy,0,0,0,1,20,330.0,347.0,329.0,422.7142857142857,387.14285714285717,403.8666666666667,457.0,437
2024-12-07,2024,12,7,5,Saturday,49,4,0,0,25.4,2.4,Cloudy,0,0,0,0,25,659.0,726.0,429.0,398.2857142857143,370.14285714285717,405.8333333333333,322.0,488
2024-12-08,2024,12,8,6,Sunday,49,4,0,0,20.5,0.4,Sunny,0,0,0,0,25,416.0,420.0,364.0,426.7142857142857,384.07142857142856,414.2,384.0,615
2024-12-09,2024,12,9,0,Monday,50,4,0,0,16.8,0.7,Cloudy,0,0,1,0,25,371.0,293.0,610.0,432.2857142857143,392.42857142857144,407.53333333333336,671.0,410
2024-12-10,2024,12,10,1,Tuesday,50,4,0,0,21.9,1.4,Cloudy,0,0,1,0,25,274.0,216.0,409.0,456.0,408.42857142857144,408.56666666666666,388.0,440
2024-12-11,2024,12,11,2,Wednesday,50,4,0,0,14.0,3.2,Cloudy,0,0,0,0,25,394.0,279.0,414.0,450.57142857142856,413.92857142857144,406.6333333333333,370.0,356
2024-12-12,2024,12,12,3,Thursday,50,4,0,0,22.9,2.7,Cloudy,0,0,1,0,25,408.0,197.0,410.0,459.0,433.2142857142857,408.53333333333336,646.0,467
2024-12-13,2024,12,13,4,Friday,50,4,0,0,21.5,2.1,Cloudy,0,0,0,0,25,437.0,330.0,394.0,478.57142857142856,450.64285714285717,414.53333333333336,686.0,574
2024-12-14,2024,12,14,5,Saturday,50,4,0,0,18.0,0.3,Sunny,0,0,0,0,25,488.0,659.0,427.0,484.7142857142857,441.5,418.0,370.0,531
2024-12-15,2024,12,15,6,Sunday,50,4,0,0,15.3,1.6,Cloudy,0,0,1,0,25,615.0,416.0,430.0,457.14285714285717,441.92857142857144,417.73333333333335,655.0,422
2024-12-16,2024,12,16,0,Monday,51,4,0,0,15.1,0.2,Partly Cloudy,0,0,0,0,25,410.0,371.0,533.0,448.57142857142856,440.42857142857144,411.6333333333333,581.0,350
2024-12-17,2024,12,17,1,Tuesday,51,4,0,0,22.2,0.9,Cloudy,0,0,0,1,20,440.0,274.0,564.0,435.85714285714283,445.92857142857144,404.53333333333336,387.0,351
2024-12-18,2024,12,18,2,Wednesday,51,4,0,1,25.6,1.1,Cloudy,0,0,0,1,20,356.0,394.0,209.0,444.42857142857144,447.5,411.43333333333334,628.0,416
2024-12-19,2024,12,19,3,Thursday,51,4,0,1,16.3,0.1,Sunny,0,0,0,0,25,467.0,408.0,198.0,447.85714285714283,453.42857142857144,421.2,514.0,491
2024-12-20,2024,12,20,4,Friday,51,4,0,1,21.8,0.6,Cloudy,0,0,0,0,25,574.0,437.0,325.0,436.0,457.2857142857143,426.73333333333335,479.0,491
2024-12-21,2024,12,21,5,Saturday,51,4,0,1,9.1,6.2,Rainy,0,0,0,0,25,531.0,488.0,633.0,409.57142857142856,447.14285714285717,417.1666666666667,384.0,346
2024-12-22,2024,12,22,6,Sunday,51,4,0,1,16.6,6.1,Rainy,0,0,0,0,25,422.0,615.0,347.0,416.42857142857144,436.7857142857143,421.26666666666665,565.0,470
2024-12-23,2024,12,23,0,Monday,52,4,0,1,19.3,0.9,Cloudy,0,0,0,0,25,350.0,410.0,726.0,424.42857142857144,436.5,410.6,788.0,406
2024-12-24,2024,12,24,1,Tuesday,52,4,0,1,15.0,0.1,Sunny,0,0,0,1,20,351.0,440.0,420.0,460.7142857142857,448.2857142857143,416.76666666666665,758.0,605
2024-12-25,2024,12,25,2,Wednesday,52,4,1,1,14.8,0.4,Sunny,0,0,1,0,25,416.0,356.0,293.0,546.8571428571429,495.64285714285717,440.96666666666664,783.0,1019
2024-12-26,2024,12,26,3,Thursday,52,4,1,1,16.2,1.0,Cloudy,0,0,1,1,20,491.0,467.0,216.0,595.2857142857143,521.5714285714286,461.43333333333334,591.0,830
2024-12-27,2024,12,27,4,Friday,52,4,0,1,21.0,5.9,Rainy,0,0,1,0,25,491.0,574.0,279.0,589.8571428571429,512.9285714285714,467.23333333333335,407.0,453
2024-12-28,2024,12,28,5,Saturday,52,4,0,1,18.6,0.3,Sunny,0,0,0,0,25,346.0,531.0,197.0,658.0,533.7857142857143,488.1,613.0,823
2024-12-29,2024,12,29,6,Sunday,52,4,0,1,8.3,2.9,Cloudy,0,0,1,0,25,470.0,422.0,330.0,655.1428571428571,535.7857142857143,492.1,756.0,450
2024-12-30,2024,12,30,0,Monday,1,4,0,1,8.9,0.2,Partly Cloudy,0,0,0,0,25,406.0,350.0,659.0,638.5714285714286,531.5,479.8,445.0,290
2024-12-31,2024,12,31,1,Tuesday,1,4,0,1,16.5,8.0,Rainy,0,0,0,0,25,605.0,351.0,416.0,596.8571428571429,528.7857142857143,476.3666666666667,474.0,313
2025-01-01,2025,1,1,2,Wednesday,1,1,1,0,22.8,1.0,Cloudy,0,0,0,0,25,1019.0,416.0,371.0,576.0,561.4285714285714,493.1,299.0,873
2025-01-02,2025,1,2,3,Thursday,1,1,0,0,6.8,3.0,Cloudy,0,0,0,0,25,830.0,491.0,274.0,507.14285714285717,551.2142857142857,495.56666666666666,279.0,348
2025-01-03,2025,1,3,4,Friday,1,1,0,0,18.0,0.8,Cloudy,0,0,0,1,20,453.0,491.0,394.0,504.7142857142857,547.2857142857143,496.96666666666664,325.0,436
2025-01-04,2025,1,4,5,Saturday,1,1,0,0,17.9,2.0,Cloudy,0,0,0,0,25,823.0,346.0,408.0,460.0,559.0,500.3666666666667,340.0,510
2025-01-05,2025,1,5,6,Sunday,1,1,0,0,27.4,0.4,Sunny,0,0,0,0,25,450.0,470.0,437.0,474.2857142857143,564.7142857142857,504.1333333333333,601.0,550
2025-01-06,2025,1,6,0,Monday,2,1,0,0,18.6,0.3,Partly Cloudy,0,0,0,0,25,290.0,406.0,488.0,485.42857142857144,562.0,500.1333333333333,419.0,368
2025-01-07,2025,1,7,1,Tuesday,2,1,0,0,22.4,5.6,Rainy,0,0,0,1,20,313.0,605.0,615.0,493.57142857142856,545.2142857142857,491.96666666666664,395.0,370
2025-01-08,2025,1,8,2,Wednesday,2,1,0,0,21.2,5.0,Rainy,0,0,1,0,25,873.0,1019.0,410.0,401.42857142857144,488.7142857142857,485.9,279.0,228
2025-01-09,2025,1,9,3,Thursday,2,1,0,0,9.8,4.4,Cloudy,0,0,0,0,25,348.0,830.0,440.0,393.57142857142856,450.35714285714283,481.0,363.0,293
2025-01-10,2025,1,10,4,Friday,2,1,0,0,24.3,2.0,Cloudy,0,0,1,0,25,436.0,453.0,356.0,405.0,454.85714285714283,486.3333333333333,329.0,516
2025-01-11,2025,1,11,5,Saturday,2,1,0,0,21.6,3.3,Cloudy,0,0,0,1,20,510.0,823.0,467.0,426.7142857142857,443.35714285714283,492.8333333333333,330.0,662
2025-01-12,2025,1,12,6,Sunday,2,1,0,0,23.0,0.1,Sunny,0,0,0,0,25,550.0,450.0,574.0,459.14285714285717,466.7142857142857,499.6,601.0,777
2025-01-13,2025,1,13,0,Monday,3,1,0,0,40.1,0.8,Cloudy,0,0,0,0,25,368.0,290.0,531.0,444.7142857142857,465.07142857142856,490.8,527.0,267
2025-01-14,2025,1,14,1,Tuesday,3,1,0,0,10.1,0.8,Cloudy,0,0,1,0,25,370.0,313.0,422.0,441.57142857142856,467.57142857142856,488.3333333333333,451.0,348
2025-01-15,2025,1,15,2,Wednesday,3,1,0,0,29.1,2.0,Cloudy,0,0,1,0,25,228.0,873.0,350.0,460.85714285714283,431.14285714285717,488.76666666666665,418.0,363
2025-01-16,2025,1,16,3,Thursday,3,1,0,0,19.1,0.9,Cloudy,0,0,0,0,25,293.0,348.0,351.0,453.42857142857144,423.5,485.1,472.0,241
2025-01-17,2025,1,17,4,Friday,3,1,0,0,21.9,0.3,Sunny,0,0,0,0,25,516.0,436.0,416.0,443.42857142857144,424.2142857142857,486.1,376.0,446
2025-01-18,2025,1,18,5,Saturday,3,1,0,0,20.3,1.8,Cloudy,0,0,0,0,25,662.0,510.0,491.0,415.14285714285717,420.92857142857144,485.2,560.0,464
2025-01-19,2025,1,19,6,Sunday,3,1,0,0,18.4,3.4,Cloudy,0,0,0,0,25,777.0,550.0,491.0,374.2857142857143,416.7142857142857,485.2,591.0,491
2025-01-20,2025,1,20,0,Monday,4,1,0,0,17.7,1.0,Cloudy,0,0,0,0,25,267.0,368.0,346.0,386.85714285714283,415.7857142857143,485.5,640.0,355
2025-01-21,2025,1,21,1,Tuesday,4,1,0,0,22.1,0.3,Partly Cloudy,0,0,0,1,20,348.0,370.0,470.0,405.85714285714283,423.7142857142857,485.8666666666667,304.0,481
2025-01-22,2025,1,22,2,Wednesday,4,1,0,0,12.9,0.4,Sunny,0,0,0,0,25,363.0,228.0,406.0,416.42857142857144,438.64285714285717,486.9,554.0,437
2025-01-23,2025,1,23,3,Thursday,4,1,0,0,24.3,0.5,Cloudy,0,0,0,0,25,241.0,293.0,605.0,428.0,440.7142857142857,477.46666666666664,397.0,322
2025-01-24,2025,1,24,4,Friday,4,1,0,0,18.4,0.7,Cloudy,0,0,0,0,25,446.0,516.0,1019.0,422.7142857142857,433.07142857142856,457.1333333333333,269.0,409
2025-01-25,2025,1,25,5,Saturday,4,1,0,0,14.8,2.1,Cloudy,0,0,1,0,25,464.0,662.0,830.0,432.85714285714283,424.0,447.3,606.0,535
2025-01-26,2025,1,26,6,Sunday,4,1,0,0,18.2,1.8,Cloudy,0,0,0,0,25,491.0,777.0,453.0,427.0,400.64285714285717,447.2,793.0,450
2025-01-27,2025,1,27,0,Monday,5,1,1,0,26.8,2.4,Cloudy,0,0,0,0,25,355.0,267.0,823.0,443.0,414.92857142857144,435.3333333333333,569.0,467
2025-01-28,2025,1,28,1,Tuesday,5,1,0,0,17.8,0.9,Cloudy,0,0,0,0,25,481.0,348.0,450.0,421.2857142857143,413.57142857142856,431.3,435.0,329
2025-01-29,2025,1,29,2,Wednesday,5,1,0,0,22.3,3.5,Cloudy,0,0,0,0,25,437.0,363.0,290.0,408.0,412.2142857142857,433.1,317.0,344
2025-01-30,2025,1,30,3,Thursday,5,1,0,0,16.8,0.5,Cloudy,0,0,1,0,25,322.0,241.0,313.0,422.42857142857144,425.2142857142857,436.76666666666665,343.0,423
2025-01-31,2025,1,31,4,Friday,5,1,0,0,24.3,1.3,Cloudy,0,0,0,0,25,409.0,446.0,873.0,408.14285714285717,415.42857142857144,417.96666666666664,443.0,309
2025-02-01,2025,2,1,5,Saturday,5,1,0,0,23.9,3.2,Cloudy,1,0,0,0,25,535.0,464.0,348.0,411.7142857142857,422.2857142857143,425.03333333333336,487.0,560
2025-02-02,2025,2,2,6,Sunday,5,1,0,0,29.7,0.4,Sunny,1,0,0,0,25,450.0,491.0,436.0,452.7142857142857,439.85714285714283,435.06666666666666,735.0,737
2025-02-03,2025,2,3,0,Monday,6,1,0,0,19.6,0.2,Sunny,1,0,0,1,20,467.0,355.0,510.0,469.14285714285717,456.07142857142856,437.46666666666664,803.0,582
2025-02-04,2025,2,4,1,Tuesday,6,1,0,0,23.8,4.3,Cloudy,1,0,1,0,25,329.0,481.0,550.0,487.7142857142857,454.5,434.43333333333334,338.0,459
2025-02-05,2025,2,5,2,Wednesday,6,1,0,0,21.0,0.8,Cloudy,1,0,0,0,25,344.0,437.0,368.0,507.57142857142856,457.7857142857143,438.26666666666665,481.0,483
2025-02-06,2025,2,6,3,Thursday,6,1,0,0,27.0,2.3,Cloudy,1,0,1,0,25,423.0,322.0,370.0,507.57142857142856,465.0,440.03333333333336,426.0,423
2025-02-07,2025,2,7,4,Friday,6,1,0,0,16.9,0.1,Sunny,1,0,0,0,25,309.0,409.0,228.0,539.4285714285714,473.7857142857143,450.1666666666667,500.0,532
2025-02-08,2025,2,8,5,Saturday,6,1,0,0,24.2,2.3,Cloudy,1,0,0,1,20,560.0,535.0,293.0,571.7142857142857,491.7142857142857,466.6,328.0,786
2025-02-09,2025,2,9,6,Sunday,6,1,0,0,19.5,0.8,Cloudy,1,0,0,0,25,737.0,450.0,516.0,557.7142857142857,505.2142857142857,470.7,428.0,639
2025-02-10,2025,2,10,0,Monday,7,1,0,0,20.2,0.1,Sunny,1,0,0,0,25,582.0,467.0,662.0,570.4285714285714,519.7857142857143,471.0,493.0,671
2025-02-11,2025,2,11,1,Tuesday,7,1,0,0,21.0,1.9,Cloudy,1,0,0,0,25,459.0,329.0,777.0,563.1428571428571,525.4285714285714,458.7,315.0,408
2025-02-12,2025,2,12,2,Wednesday,7,1,0,0,21.8,0.6,Cloudy,1,0,0,0,25,483.0,344.0,267.0,565.7142857142857,536.6428571428571,466.5,360.0,501
2025-02-13,2025,2,13,3,Thursday,7,1,0,0,19.9,1.0,Cloudy,1,0,0,1,20,423.0,423.0,348.0,565.5714285714286,536.5714285714286,468.96666666666664,615.0,422
2025-02-14,2025,2,14,4,Friday,7,1,0,0,21.6,0.2,Sunny,1,0,0,0,25,532.0,309.0,363.0,569.4285714285714,554.4285714285714,475.5,322.0,559
2025-02-15,2025,2,15,5,Saturday,7,1,0,0,28.4,0.3,Sunny,1,0,0,1,20,786.0,560.0,241.0,544.4285714285714,558.0714285714286,487.8333333333333,586.0,611
2025-02-16,2025,2,16,6,Sunday,7,1,0,0,25.4,0.7,Cloudy,1,0,0,0,25,639.0,737.0,446.0,545.7142857142857,551.7142857142857,494.56666666666666,662.0,648
2025-02-17,2025,2,17,0,Monday,8,1,0,0,24.8,0.2,Sunny,1,0,0,0,25,671.0,582.0,464.0,512.7142857142857,541.5714285714286,493.76666666666665,765.0,440
2025-02-18,2025,2,18,1,Tuesday,8,1,0,0,18.2,4.8,Cloudy,1,0,0,0,25,408.0,459.0,491.0,506.14285714285717,534.6428571428571,489.46666666666664,334.0,362
2025-02-19,2025,2,19,2,Wednesday,8,1,0,0,16.1,0.0,Partly Cloudy,1,0,1,0,25,501.0,483.0,355.0,496.0,530.8571428571429,491.96666666666664,636.0,430
2025-02-20,2025,2,20,3,Thursday,8,1,0,0,25.3,1.3,Cloudy,1,0,0,0,25,422.0,423.0,481.0,497.2857142857143,531.4285714285714,490.3,306.0,431
2025-02-21,2025,2,21,4,Friday,8,1,0,0,24.9,0.3,Sunny,1,0,1,0,25,559.0,532.0,437.0,503.0,536.2142857142857,495.7,426.0,599
2025-02-22,2025,2,22,5,Saturday,8,1,0,0,27.9,0.7,Cloudy,1,0,0,0,25,611.0,786.0,322.0,483.42857142857144,513.9285714285714,500.76666666666665,668.0,474
2025-02-23,2025,2,23,6,Sunday,8,1,0,0,17.5,5.2,Rainy,1,0,0,1,20,648.0,639.0,409.0,462.7142857142857,504.2142857142857,503.9,535.0,503
2025-02-24,2025,2,24,0,Monday,9,1,0,0,19.4,0.4,Partly Cloudy,1,0,0,0,25,440.0,671.0,535.0,450.7142857142857,481.7142857142857,497.93333333333334,599.0,356
2025-02-25,2025,2,25,1,Tuesday,9,1,0,0,12.3,6.8,Rainy,1,0,0,0,25,362.0,408.0,450.0,433.85714285714283,470.0,491.06666666666666,408.0,244
2025-02-26,2025,2,26,2,Wednesday,9,1,0,0,18.5,0.5,Cloudy,1,0,0,0,25,430.0,501.0,467.0,413.0,454.5,484.96666666666664,233.0,284
2025-02-27,2025,2,27,3,Thursday,9,1,0,0,25.5,2.7,Cloudy,1,0,0,0,25,431.0,422.0,329.0,398.57142857142856,447.92857142857144,485.0,382.0,330
2025-02-28,2025,2,28,4,Friday,9,1,0,0,18.2,1.6,Cloudy,1,0,0,0,25,599.0,559.0,344.0,376.14285714285717,439.57142857142856,488.26666666666665,372.0,442
2025-03-01,2025,3,1,5,Saturday,9,1,0,0,21.1,4.3,Cloudy,1,0,0,0,25,474.0,611.0,423.0,368.57142857142856,426.0,488.2,457.0,421
2025-03-02,2025,3,2,6,Sunday,9,1,0,0,17.7,1.6,Cloudy,1,0,0,0,25,503.0,648.0,309.0,350.85714285714283,406.7857142857143,490.53333333333336,507.0,379
2025-03-03,2025,3,3,0,Monday,10,1,0,0,19.8,1.5,Cloudy,1,0,0,0,25,356.0,440.0,560.0,347.42857142857144,399.07142857142856,482.93333333333334,412.0,332
2025-03-04,2025,3,4,1,Tuesday,10,1,0,0,13.9,0.4,Sunny,1,0,0,0,25,244.0,362.0,737.0,365.42857142857144,399.64285714285717,470.7,302.0,370
2025-03-05,2025,3,5,2,Wednesday,10,1,0,0,18.8,0.4,Sunny,1,0,0,0,25,284.0,430.0,582.0,397.42857142857144,405.2142857142857,468.23333333333335,306.0,508
2025-03-06,2025,3,6,3,Thursday,10,1,0,0,6.5,5.0,Rainy,1,0,0,0,25,330.0,431.0,459.0,387.2857142857143,392.92857142857144,461.56666666666666,198.0,259
2025-03-07,2025,3,7,4,Friday,10,1,0,0,17.8,0.8,Cloudy,1,0,0,1,20,442.0,599.0,483.0,380.7142857142857,378.42857142857144,458.6666666666667,466.0,396
2025-03-08,2025,3,8,5,Saturday,10,1,0,0,12.0,0.9,Cloudy,1,0,1,0,25,421.0,474.0,423.0,404.57142857142856,386.57142857142856,464.1666666666667,498.0,588
2025-03-09,2025,3,9,6,Sunday,10,1,0,0,23.3,2.9,Cloudy,1,0,0,0,25,379.0,503.0,532.0,433.0,391.92857142857144,465.7,470.0,578
2025-03-10,2025,3,10,0,Monday,11,1,1,0,21.6,0.8,Cloudy,1,0,0,0,25,332.0,356.0,786.0,461.42857142857144,404.42857142857144,457.2,425.0,531
2025-03-11,2025,3,11,1,Tuesday,11,1,0,0,20.4,6.1,Rainy,1,0,0,0,25,370.0,244.0,639.0,439.7142857142857,402.57142857142856,443.1666666666667,408.0,218
2025-03-12,2025,3,12,2,Wednesday,11,1,0,0,24.6,2.7,Cloudy,1,0,0,0,25,508.0,284.0,671.0,413.42857142857144,405.42857142857144,431.6,297.0,324
2025-03-13,2025,3,13,3,Thursday,11,1,0,0,14.7,1.8,Cloudy,1,0,0,0,25,259.0,330.0,408.0,423.85714285714283,405.57142857142856,429.06666666666666,336.0,332
2025-03-14,2025,3,14,4,Friday,11,1,0,0,25.5,4.3,Cloudy,1,0,0,0,25,396.0,442.0,501.0,417.2857142857143,399.0,424.03333333333336,238.0,350
2025-03-15,2025,3,15,5,Saturday,11,1,0,0,22.2,0.1,Partly Cloudy,1,0,0,0,25,588.0,421.0,422.0,425.0,414.7857142857143,431.3666666666667,346.0,642
2025-03-16,2025,3,16,6,Sunday,11,1,0,0,17.6,0.6,Cloudy,1,0,1,0,25,578.0,379.0,559.0,411.42857142857144,422.2142857142857,428.8333333333333,416.0,483
2025-03-17,2025,3,17,0,Monday,12,1,0,0,23.0,1.3,Cloudy,1,1,0,0,25,531.0,332.0,611.0,401.42857142857144,431.42857142857144,423.8333333333333,420.0,461
2025-03-18,2025,3,18,1,Tuesday,12,1,0,0,14.1,0.5,Cloudy,1,1,0,0,25,218.0,370.0,648.0,433.85714285714283,436.7857142857143,417.06666666666666,549.0,445
2025-03-19,2025,3,19,2,Wednesday,12,1,0,0,15.2,2.7,Cloudy,1,1,0,0,25,324.0,508.0,440.0,455.57142857142856,434.5,418.26666666666665,419.0,476
2025-03-20,2025,3,20,3,Thursday,12,1,0,0,16.1,5.0,Rainy,1,1,1,0,25,332.0,259.0,362.0,457.57142857142856,440.7142857142857,417.73333333333335,441.0,346
2025-03-21,2025,3,21,4,Friday,12,1,0,0,16.4,1.1,Cloudy,1,1,0,0,25,350.0,396.0,430.0,489.57142857142856,453.42857142857144,422.53333333333336,442.0,574
2025-03-22,2025,3,22,5,Saturday,12,1,0,0,14.3,0.8,Cloudy,1,1,0,1,20,642.0,588.0,431.0,488.57142857142856,456.7857142857143,429.3333333333333,583.0,635
2025-03-23,2025,3,23,6,Sunday,12,1,0,0,23.4,6.5,Rainy,1,1,0,0,25,483.0,578.0,599.0,492.2857142857143,451.85714285714283,426.3333333333333,464.0,509
2025-03-24,2025,3,24,0,Monday,13,1,0,0,17.5,1.2,Cloudy,1,0,0,0,25,461.0,531.0,474.0,472.42857142857144,436.92857142857144,421.26666666666665,615.0,322
2025-03-25,2025,3,25,1,Tuesday,13,1,0,0,19.9,1.3,Cloudy,1,0,0,0,25,445.0,218.0,503.0,450.2857142857143,442.07142857142856,414.1666666666667,476.0,290
2025-03-26,2025,3,26,2,Wednesday,13,1,0,0,16.2,0.9,Cloudy,1,0,0,0,25,476.0,324.0,356.0,425.57142857142856,440.57142857142856,412.4,341.0,303
2025-03-27,2025,3,27,3,Thursday,13,1,0,0,11.2,4.8,Cloudy,1,0,1,0,25,346.0,332.0,244.0,444.42857142857144,451.0,420.2,280.0,478
2025-03-28,2025,3,28,4,Friday,13,1,0,0,19.6,1.7,Cloudy,1,0,0,0,25,574.0,350.0,284.0,409.85714285714283,449.7142857142857,421.8,319.0,332
2025-03-29,2025,3,29,5,Saturday,13,1,0,0,10.9,2.9,Cloudy,1,0,0,0,25,635.0,642.0,330.0,407.85714285714283,448.2142857142857,431.5,665.0,621
2025-03-30,2025,3,30,6,Sunday,13,1,0,0,18.2,3.3,Cloudy,1,0,0,0,25,509.0,483.0,442.0,404.57142857142856,448.42857142857144,432.96666666666664,754.0,486
2025-03-31,2025,3,31,0,Monday,14,1,0,0,13.0,0.8,Cloudy,1,0,0,0,25,322.0,461.0,421.0,406.57142857142856,439.5,430.1333333333333,975.0,336
2025-04-01,2025,4,1,1,Tuesday,14,2,0,1,23.4,1.1,Cloudy,1,0,0,0,25,290.0,445.0,379.0,429.85714285714283,440.07142857142856,432.6,409.0,453
2025-04-02,2025,4,2,2,Wednesday,14,2,0,1,19.1,3.8,Cloudy,1,0,0,0,25,303.0,476.0,332.0,458.42857142857144,442.0,438.3,318.0,503
2025-04-03,2025,4,3,3,Thursday,14,2,0,1,15.9,0.9,Cloudy,1,0,1,0,25,478.0,346.0,370.0,448.57142857142856,446.5,439.6,274.0,409
2025-04-04,2025,4,4,4,Friday,14,2,0,1,20.6,3.2,Cloudy,1,0,0,0,25,332.0,574.0,508.0,463.57142857142856,436.7142857142857,437.23333333333335,405.0,437
2025-04-05,2025,4,5,5,Saturday,14,2,0,1,12.1,5.7,Rainy,1,0,0,0,25,621.0,635.0,259.0,429.42857142857144,418.64285714285717,441.3333333333333,335.0,382
2025-04-06,2025,4,6,6,Sunday,14,2,0,1,17.7,2.0,Cloudy,1,0,0,0,25,486.0,509.0,396.0,438.57142857142856,421.57142857142856,446.46666666666664,366.0,550
2025-04-07,2025,4,7,0,Monday,15,2,0,1,16.3,2.7,Cloudy,1,0,0,0,25,336.0,322.0,588.0,435.2857142857143,420.92857142857144,437.3,444.0,313
2025-04-08,2025,4,8,1,Tuesday,15,2,0,1,16.6,3.3,Cloudy,1,0,1,0,25,453.0,290.0,578.0,432.0,430.92857142857144,432.3666666666667,354.0,430
2025-04-09,2025,4,9,2,Wednesday,15,2,0,1,20.6,3.7,Cloudy,1,0,0,0,25,503.0,303.0,531.0,436.42857142857144,447.42857142857144,432.46666666666664,292.0,534
2025-04-10,2025,4,10,3,Thursday,15,2,0,1,18.4,1.0,Cloudy,1,0,0,0,25,409.0,478.0,218.0,436.7142857142857,442.64285714285717,438.9,196.0,411
2025-04-11,2025,4,11,4,Friday,15,2,0,1,16.7,0.1,Sunny,1,0,0,0,25,437.0,332.0,324.0,450.7142857142857,457.14285714285717,445.93333333333334,348.0,535
2025-04-12,2025,4,12,5,Saturday,15,2,0,1,8.9,1.0,Cloudy,1,0,0,1,20,382.0,621.0,332.0,473.14285714285717,451.2857142857143,452.8333333333333,639.0,539
2025-04-13,2025,4,13,6,Sunday,15,2,0,1,11.7,2.2,Cloudy,1,0,0,0,25,550.0,486.0,350.0,481.42857142857144,460.0,461.43333333333334,387.0,608
2025-04-14,2025,4,14,0,Monday,16,2,0,1,15.0,1.2,Cloudy,1,0,0,0,25,313.0,336.0,642.0,487.57142857142856,461.42857142857144,451.9,444.0,356
2025-04-15,2025,4,15,1,Tuesday,16,2,0,1,15.9,2.8,Cloudy,1,0,0,1,20,430.0,453.0,483.0,504.2857142857143,468.14285714285717,454.03333333333336,342.0,547
2025-04-16,2025,4,16,2,Wednesday,16,2,0,1,11.0,0.9,Cloudy,0,0,0,0,25,534.0,503.0,461.0,482.42857142857144,459.42857142857144,451.3666666666667,436.0,381
2025-04-17,2025,4,17,3,Thursday,16,2,0,1,25.1,2.0,Cloudy,0,0,0,0,25,411.0,409.0,445.0,471.2857142857143,454.0,447.6333333333333,296.0,333
2025-04-18,2025,4,18,4,Friday,16,2,1,1,21.6,0.4,Partly Cloudy,0,0,0,0,25,535.0,437.0,476.0,490.42857142857144,470.57142857142856,454.06666666666666,299.0,669
2025-04-19,2025,4,19,5,Saturday,16,2,1,0,17.9,2.8,Cloudy,0,0,0,1,20,539.0,382.0,346.0,515.0,494.07142857142856,466.23333333333335,345.0,711
2025-04-20,2025,4,20,6,Sunday,16,2,1,0,15.8,1.6,Cloudy,0,0,0,0,25,608.0,550.0,574.0,510.0,495.7142857142857,466.2,290.0,573
2025-04-21,2025,4,21,0,Monday,17,2,1,0,14.7,0.5,Cloudy,0,0,0,0,25,356.0,313.0,635.0,506.2857142857143,496.92857142857144,456.03333333333336,395.0,330
2025-04-22,2025,4,22,1,Tuesday,17,2,0,0,11.7,0.7,Cloudy,0,0,0,0,25,547.0,430.0,509.0,458.85714285714283,481.57142857142856,446.23333333333335,236.0,215
2025-04-23,2025,4,23,2,Wednesday,17,2,0,0,15.8,2.8,Cloudy,0,0,0,0,25,381.0,534.0,322.0,433.0,457.7142857142857,442.1666666666667,250.0,200
2025-04-24,2025,4,24,3,Thursday,17,2,0,0,16.5,1.3,Cloudy,0,0,0,0,25,333.0,411.0,290.0,422.7142857142857,447.0,441.2,223.0,261
2025-04-25,2025,4,25,4,Friday,17,2,1,0,10.5,0.5,Cloudy,0,0,0,0,25,669.0,535.0,303.0,389.7142857142857,440.07142857142856,445.7,459.0,438
2025-04-26,2025,4,26,5,Saturday,17,2,0,0,16.8,6.8,Rainy,0,0,1,1,20,711.0,539.0,478.0,331.0,423.0,439.76666666666665,277.0,300
2025-04-27,2025,4,27,6,Sunday,17,2,0,0,14.9,2.5,Cloudy,0,0,0,0,25,573.0,608.0,332.0,294.85714285714283,402.42857142857144,439.3666666666667,333.0,320
2025-04-28,2025,4,28,0,Monday,18,2,0,0,7.9,6.3,Rainy,0,0,0,0,25,330.0,356.0,621.0,266.0,386.14285714285717,422.93333333333334,383.0,128
2025-04-29,2025,4,29,1,Tuesday,18,2,0,0,12.1,1.1,Cloudy,0,0,0,0,25,215.0,547.0,486.0,264.57142857142856,361.7142857142857,413.56666666666666,279.0,205
2025-04-30,2025,4,30,2,Wednesday,18,2,0,0,13.8,1.3,Cloudy,0,0,0,0,25,200.0,381.0,336.0,272.2857142857143,352.64285714285717,410.8333333333333,246.0,254
2025-05-01,2025,5,1,3,Thursday,18,2,0,0,17.7,4.6,Cloudy,0,0,0,1,20,261.0,333.0,453.0,268.42857142857144,345.57142857142856,403.53333333333336,263.0,234
2025-05-02,2025,5,2,4,Friday,18,2,0,0,13.7,1.5,Cloudy,0,0,0,0,25,438.0,669.0,503.0,237.85714285714286,313.7857142857143,394.23333333333335,314.0,224
2025-05-03,2025,5,3,5,Saturday,18,2,0,0,8.0,2.5,Cloudy,0,0,1,0,25,300.0,711.0,409.0,228.85714285714286,279.92857142857144,388.5,210.0,237
2025-05-04,2025,5,4,6,Sunday,18,2,0,0,13.5,0.6,Cloudy,0,0,0,0,25,320.0,573.0,437.0,225.57142857142858,260.2142857142857,383.8333333333333,334.0,297
2025-05-05,2025,5,5,0,Monday,19,2,0,0,7.4,1.2,Cloudy,0,0,0,1,20,128.0,330.0,382.0,237.57142857142858,251.78571428571428,378.1666666666667,358.0,212
2025-05-06,2025,5,6,1,Tuesday,19,2,0,0,15.2,0.3,Sunny,0,0,0,0,25,205.0,215.0,550.0,240.71428571428572,252.64285714285714,367.4,324.0,227
2025-05-07,2025,5,7,2,Wednesday,19,2,0,0,10.6,0.5,Cloudy,0,0,0,0,25,254.0,200.0,313.0,233.0,252.64285714285714,363.6333333333333,137.0,200
2025-05-08,2025,5,8,3,Thursday,19,2,0,0,11.7,0.0,Sunny,0,0,0,0,25,234.0,261.0,430.0,239.0,253.71428571428572,358.5,276.0,276
2025-05-09,2025,5,9,4,Friday,19,2,0,0,16.0,0.1,Sunny,0,0,0,0,25,224.0,438.0,534.0,244.85714285714286,241.35714285714286,349.53333333333336,443.0,265
2025-05-10,2025,5,10,5,Saturday,19,2,0,0,8.1,7.6,Rainy,0,0,0,1,20,237.0,300.0,411.0,237.71428571428572,233.28571428571428,342.06666666666666,236.0,187
2025-05-11,2025,5,11,6,Sunday,19,2,0,0,7.8,0.6,Cloudy,0,0,0,0,25,297.0,320.0,535.0,238.14285714285714,231.85714285714286,334.23333333333335,348.0,300
2025-05-12,2025,5,12,0,Monday,20,2,0,0,10.2,2.2,Cloudy,0,0,0,0,25,212.0,128.0,539.0,235.42857142857142,236.5,322.7,385.0,193
2025-05-13,2025,5,13,1,Tuesday,20,2,0,0,15.1,3.7,Cloudy,0,0,0,0,25,227.0,205.0,608.0,230.85714285714286,235.78571428571428,308.93333333333334,280.0,195
2025-05-14,2025,5,14,2,Wednesday,20,2,0,0,7.4,1.6,Cloudy,0,0,0,0,25,200.0,254.0,356.0,230.14285714285714,231.57142857142858,303.56666666666666,247.0,195
2025-05-15,2025,5,15,3,Thursday,20,2,0,0,3.5,0.3,Sunny,0,0,0,0,25,276.0,234.0,547.0,237.42857142857142,238.21428571428572,296.23333333333335,237.0,327
2025-05-16,2025,5,16,4,Friday,20,2,0,0,10.6,2.6,Cloudy,0,0,0,0,25,265.0,224.0,381.0,227.85714285714286,236.35714285714286,290.1333333333333,257.0,198
2025-05-17,2025,5,17,5,Saturday,20,2,0,0,13.7,1.8,Cloudy,0,0,0,0,25,187.0,237.0,333.0,246.57142857142858,242.14285714285714,289.6333333333333,355.0,318
2025-05-18,2025,5,18,6,Sunday,20,2,0,0,15.6,2.6,Cloudy,0,0,0,0,25,300.0,297.0,669.0,241.71428571428572,239.92857142857142,276.2,379.0,266
2025-05-19,2025,5,19,0,Monday,21,2,0,0,10.6,2.9,Cloudy,0,0,0,0,25,193.0,212.0,711.0,242.14285714285714,238.78571428571428,259.03333333333336,235.0,196
2025-05-20,2025,5,20,1,Tuesday,21,2,0,0,10.8,7.4,Rainy,0,0,0,0,25,195.0,227.0,573.0,233.28571428571428,232.07142857142858,244.36666666666667,267.0,133
2025-05-21,2025,5,21,2,Wednesday,21,2,0,0,15.5,1.7,Cloudy,0,0,0,0,25,195.0,200.0,330.0,230.71428571428572,230.42857142857142,239.26666666666668,325.0,177
2025-05-22,2025,5,22,3,Thursday,21,2,0,0,6.4,0.8,Cloudy,0,0,0,0,25,327.0,276.0,215.0,209.85714285714286,223.64285714285714,238.13333333333333,341.0,181
2025-05-23,2025,5,23,4,Friday,21,2,0,0,10.8,2.1,Cloudy,0,0,0,0,25,198.0,265.0,200.0,208.85714285714286,218.35714285714286,237.83333333333334,201.0,191
2025-05-24,2025,5,24,5,Saturday,21,2,0,0,12.6,0.1,Partly Cloudy,0,0,0,0,25,318.0,187.0,261.0,216.57142857142858,231.57142857142858,241.53333333333333,262.0,372
2025-05-25,2025,5,25,6,Sunday,21,2,0,0,13.3,4.6,Cloudy,0,0,1,0,25,266.0,300.0,438.0,226.57142857142858,234.14285714285714,238.13333333333333,470.0,336
2025-05-26,2025,5,26,0,Monday,22,2,0,0,10.5,0.3,Sunny,0,0,0,0,25,196.0,193.0,300.0,238.28571428571428,240.21428571428572,237.4,323.0,278
2025-05-27,2025,5,27,1,Tuesday,22,2,0,0,12.1,0.8,Cloudy,0,0,0,0,25,133.0,195.0,320.0,246.0,239.64285714285714,232.96666666666667,237.0,187
2025-05-28,2025,5,28,2,Wednesday,22,2,0,0,4.5,3.4,Cloudy,0,0,0,1,20,177.0,195.0,128.0,249.28571428571428,240.0,235.36666666666667,178.0,200
2025-05-29,2025,5,29,3,Thursday,22,2,0,0,10.0,1.8,Cloudy,0,0,0,0,25,181.0,327.0,205.0,255.0,232.42857142857142,235.9,282.0,221
2025-05-30,2025,5,30,4,Friday,22,2,0,0,13.4,1.0,Cloudy,0,0,1,0,25,191.0,198.0,254.0,260.57142857142856,234.71428571428572,235.1,110.0,230
2025-05-31,2025,5,31,5,Saturday,22,2,0,0,9.1,1.3,Cloudy,0,0,0,0,25,372.0,318.0,234.0,242.57142857142858,229.57142857142858,235.5,222.0,246
2025-06-01,2025,6,1,6,Sunday,22,2,0,0,10.2,3.9,Cloudy,1,0,0,0,25,336.0,266.0,224.0,236.0,231.28571428571428,237.7,318.0,290
2025-06-02,2025,6,2,0,Monday,23,2,0,0,11.3,0.8,Cloudy,1,0,0,0,25,278.0,196.0,237.0,226.0,232.14285714285714,236.73333333333332,268.0,208
2025-06-03,2025,6,3,1,Tuesday,23,2,0,0,9.0,4.1,Cloudy,1,0,0,0,25,187.0,133.0,297.0,219.14285714285714,232.57142857142858,231.46666666666667,215.0,139
2025-06-04,2025,6,4,2,Wednesday,23,2,0,0,10.5,0.2,Partly Cloudy,1,0,1,0,25,200.0,177.0,212.0,238.57142857142858,243.92857142857142,235.6,127.0,336
2025-06-05,2025,6,5,3,Thursday,23,2,0,0,7.1,3.0,Cloudy,1,0,1,0,25,221.0,181.0,227.0,237.42857142857142,246.21428571428572,235.13333333333333,169.0,213
2025-06-06,2025,6,6,4,Friday,23,2,0,0,9.4,3.8,Cloudy,1,0,0,0,25,230.0,191.0,200.0,240.28571428571428,250.42857142857142,236.8,205.0,250
2025-06-07,2025,6,7,5,Saturday,23,2,0,0,11.8,0.4,Partly Cloudy,1,0,0,0,25,246.0,372.0,276.0,265.0,253.78571428571428,241.56666666666666,330.0,419
2025-06-08,2025,6,8,6,Sunday,23,2,0,0,10.5,1.1,Cloudy,1,0,0,0,25,290.0,336.0,265.0,262.57142857142856,249.28571428571428,241.83333333333334,324.0,273
2025-06-09,2025,6,9,0,Monday,24,2,1,0,8.2,0.4,Sunny,1,0,0,0,25,208.0,278.0,187.0,279.42857142857144,252.71428571428572,246.46666666666667,302.0,326
2025-06-10,2025,6,10,1,Tuesday,24,2,0,0,10.7,2.5,Cloudy,1,0,0,0,25,139.0,187.0,300.0,300.57142857142856,259.85714285714283,246.03333333333333,424.0,287
2025-06-11,2025,6,11,2,Wednesday,24,2,0,0,12.1,1.5,Cloudy,1,0,0,0,25,336.0,200.0,193.0,291.85714285714283,265.2142857142857,248.76666666666668,164.0,275
2025-06-12,2025,6,12,3,Thursday,24,2,0,0,3.9,2.0,Cloudy,1,0,0,0,25,213.0,221.0,195.0,290.2857142857143,263.85714285714283,249.0,213.0,202
2025-06-13,2025,6,13,4,Friday,24,2,0,0,13.5,0.4,Sunny,1,0,0,1,20,250.0,230.0,195.0,312.2857142857143,276.2857142857143,255.96666666666667,205.0,404
2025-06-14,2025,6,14,5,Saturday,24,2,0,0,9.0,0.5,Cloudy,1,0,0,0,25,419.0,246.0,327.0,290.14285714285717,277.57142857142856,253.86666666666667,265.0,264
2025-06-15,2025,6,15,6,Sunday,24,2,0,0,11.3,0.1,Partly Cloudy,1,0,0,0,25,273.0,290.0,198.0,304.85714285714283,283.7142857142857,259.8,369.0,376
2025-06-16,2025,6,16,0,Monday,25,2,0,0,13.6,0.8,Cloudy,1,0,0,0,25,326.0,208.0,318.0,288.7142857142857,284.07142857142856,256.3,389.0,213
2025-06-17,2025,6,17,1,Tuesday,25,2,0,0,5.9,1.6,Cloudy,1,0,0,0,25,287.0,139.0,266.0,267.85714285714283,284.2142857142857,252.13333333333333,363.0,141
2025-06-18,2025,6,18,2,Wednesday,25,2,0,0,7.9,3.9,Cloudy,1,0,0,0,25,275.0,336.0,196.0,251.85714285714286,271.85714285714283,251.03333333333333,205.0,163
2025-06-19,2025,6,19,3,Thursday,25,2,0,0,9.1,2.2,Cloudy,1,0,0,0,25,202.0,213.0,133.0,252.0,271.14285714285717,253.36666666666667,275.0,203
2025-06-20,2025,6,20,4,Friday,25,2,0,0,7.6,1.1,Cloudy,1,0,1,1,20,404.0,250.0,177.0,231.71428571428572,272.0,256.2,225.0,262
2025-06-21,2025,6,21,5,Saturday,25,2,0,0,15.2,6.1,Rainy,1,0,0,0,25,264.0,419.0,181.0,229.14285714285714,259.64285714285717,258.3666666666667,339.0,246
2025-06-22,2025,6,22,6,Sunday,25,2,0,0,7.4,2.5,Cloudy,1,0,0,0,25,376.0,273.0,191.0,209.71428571428572,257.2857142857143,260.0,348.0,240
2025-06-23,2025,6,23,0,Monday,26,2,0,0,8.3,5.3,Rainy,1,0,0,0,25,213.0,326.0,372.0,198.14285714285714,243.42857142857142,252.0,332.0,132
2025-06-24,2025,6,24,1,Tuesday,26,2,0,1,10.6,1.5,Cloudy,1,0,0,0,25,141.0,287.0,336.0,223.0,245.42857142857142,251.3,337.0,315
2025-06-25,2025,6,25,2,Wednesday,26,2,0,1,6.4,0.6,Cloudy,1,0,1,0,25,163.0,275.0,278.0,242.28571428571428,247.07142857142858,251.96666666666667,264.0,298
2025-06-26,2025,6,26,3,Thursday,26,2,0,1,8.8,0.1,Partly Cloudy,1,0,0,0,25,203.0,202.0,187.0,254.85714285714286,253.42857142857142,255.43333333333334,294.0,291
2025-06-27,2025,6,27,4,Friday,26,2,0,1,11.0,2.6,Cloudy,1,0,1,0,25,262.0,404.0,200.0,278.57142857142856,255.14285714285714,263.03333333333336,346.0,428
2025-06-28,2025,6,28,5,Saturday,26,2,0,1,9.0,0.3,Sunny,1,0,0,0,25,246.0,264.0,221.0,314.42857142857144,271.7857142857143,272.23333333333335,320.0,497
2025-06-29,2025,6,29,6,Sunday,26,2,0,1,9.7,0.7,Cloudy,1,0,0,0,25,240.0,376.0,230.0,340.14285714285717,274.92857142857144,278.56666666666666,363.0,420
2025-06-30,2025,6,30,0,Monday,27,2,0,1,8.4,1.5,Cloudy,1,0,0,0,25,132.0,213.0,246.0,356.0,277.07142857142856,278.46666666666664,743.0,243
2025-07-01,2025,7,1,1,Tuesday,27,3,0,1,5.0,1.7,Cloudy,1,0,0,0,25,315.0,141.0,290.0,375.14285714285717,299.07142857142856,283.76666666666665,259.0,449
2025-07-02,2025,7,2,2,Wednesday,27,3,0,1,10.5,1.8,Cloudy,1,0,0,0,25,298.0,163.0,208.0,366.14285714285717,304.2142857142857,284.6666666666667,264.0,235
2025-07-03,2025,7,3,3,Thursday,27,3,0,1,14.8,0.4,Sunny,1,0,0,0,25,291.0,203.0,139.0,374.2857142857143,314.57142857142856,291.6333333333333,367.0,348
2025-07-04,2025,7,4,4,Friday,27,3,0,1,9.6,1.0,Cloudy,1,0,0,0,25,428.0,262.0,336.0,356.0,317.2857142857143,290.43333333333334,359.0,300
2025-07-05,2025,7,5,5,Saturday,27,3,0,1,10.2,1.9,Cloudy,1,0,1,0,25,497.0,246.0,213.0,363.0,338.7142857142857,301.53333333333336,268.0,546
2025-07-06,2025,7,6,6,Sunday,27,3,0,1,11.6,7.0,Rainy,1,0,0,0,25,420.0,240.0,250.0,349.42857142857144,344.7857142857143,304.03333333333336,409.0,325
2025-07-07,2025,7,7,0,Monday,28,3,0,1,5.7,2.6,Cloudy,1,0,0,0,25,243.0,132.0,419.0,341.85714285714283,348.92857142857144,296.4,379.0,190
2025-07-08,2025,7,8,1,Tuesday,28,3,0,1,14.6,5.1,Rainy,1,0,0,0,25,449.0,315.0,273.0,309.7142857142857,342.42857142857144,294.76666666666665,226.0,224
2025-07-09,2025,7,9,2,Wednesday,28,3,0,1,10.1,2.9,Cloudy,1,0,0,0,25,235.0,298.0,326.0,307.14285714285717,336.64285714285717,291.1333333333333,261.0,217
2025-07-10,2025,7,10,3,Thursday,28,3,0,1,14.4,1.8,Cloudy,1,0,0,0,25,348.0,291.0,287.0,303.42857142857144,338.85714285714283,292.3,279.0,322
2025-07-11,2025,7,11,4,Friday,28,3,0,0,7.3,0.4,Sunny,1,0,0,0,25,300.0,428.0,275.0,296.2857142857143,326.14285714285717,291.46666666666664,156.0,250
2025-07-12,2025,7,12,5,Saturday,28,3,0,0,15.0,2.2,Cloudy,1,0,0,0,25,546.0,497.0,202.0,267.2857142857143,315.14285714285717,296.1666666666667,238.0,343
2025-07-13,2025,7,13,6,Sunday,28,3,0,0,11.8,2.0,Cloudy,1,0,0,0,25,325.0,420.0,404.0,257.2857142857143,303.35714285714283,291.2,309.0,255
2025-07-14,2025,7,14,0,Monday,29,3,0,0,11.2,1.8,Cloudy,1,0,0,0,25,190.0,243.0,264.0,265.85714285714283,303.85714285714283,290.73333333333335,413.0,250
2025-07-15,2025,7,15,1,Tuesday,29,3,0,0,10.2,1.3,Cloudy,1,0,0,0,25,224.0,449.0,376.0,258.14285714285717,283.92857142857144,283.8666666666667,331.0,170
2025-07-16,2025,7,16,2,Wednesday,29,3,0,0,8.8,1.5,Cloudy,1,0,0,0,25,217.0,235.0,213.0,251.0,279.07142857142856,282.3333333333333,132.0,167
2025-07-17,2025,7,17,3,Thursday,29,3,0,0,13.1,0.8,Cloudy,1,0,0,0,25,322.0,348.0,141.0,233.14285714285714,268.2857142857143,284.2,209.0,197
2025-07-18,2025,7,18,4,Friday,29,3,0,0,9.9,1.5,Cloudy,1,0,0,0,25,250.0,300.0,163.0,220.71428571428572,258.5,284.2,211.0,163
2025-07-19,2025,7,19,5,Saturday,29,3,0,0,3.6,0.4,Sunny,1,0,0,0,25,343.0,546.0,203.0,220.85714285714286,244.07142857142858,288.9,242.0,344
2025-07-20,2025,7,20,6,Sunday,29,3,0,0,6.1,3.3,Cloudy,1,0,1,1,20,255.0,325.0,262.0,246.42857142857142,251.85714285714286,294.6333333333333,464.0,434
2025-07-21,2025,7,21,0,Monday,30,3,0,0,8.9,0.4,Sunny,1,0,0,0,25,250.0,190.0,246.0,255.0,260.42857142857144,296.76666666666665,292.0,310
2025-07-22,2025,7,22,1,Tuesday,30,3,0,0,10.4,0.2,Partly Cloudy,1,0,0,0,25,170.0,224.0,240.0,263.7142857142857,260.92857142857144,296.46666666666664,165.0,231
2025-07-23,2025,7,23,2,Wednesday,30,3,0,0,9.3,1.1,Cloudy,1,0,0,0,25,167.0,217.0,132.0,269.42857142857144,260.2142857142857,298.96666666666664,145.0,207
2025-07-24,2025,7,24,3,Thursday,30,3,0,0,13.2,2.1,Cloudy,1,0,0,0,25,197.0,322.0,315.0,307.14285714285717,270.14285714285717,303.8333333333333,165.0,461
2025-07-25,2025,7,25,4,Friday,30,3,0,0,3.6,1.2,Cloudy,1,0,0,0,25,163.0,250.0,298.0,315.14285714285717,267.92857142857144,301.2,478.0,219
2025-07-26,2025,7,26,5,Saturday,30,3,0,0,9.9,0.6,Cloudy,1,0,0,1,20,344.0,343.0,291.0,310.2857142857143,265.57142857142856,301.8333333333333,213.0,310
2025-07-27,2025,7,27,6,Sunday,30,3,0,0,4.0,1.6,Cloudy,1,0,1,0,25,434.0,255.0,428.0,291.85714285714283,269.14285714285717,297.73333333333335,314.0,305
2025-07-28,2025,7,28,0,Monday,31,3,0,0,11.8,0.9,Cloudy,1,0,0,0,25,310.0,250.0,497.0,280.85714285714283,267.92857142857144,288.93333333333334,249.0,233
2025-07-29,2025,7,29,1,Tuesday,31,3,0,0,9.2,5.4,Rainy,1,0,0,0,25,231.0,170.0,420.0,265.14285714285717,264.42857142857144,278.96666666666664,245.0,121
2025-07-30,2025,7,30,2,Wednesday,31,3,0,0,10.8,5.1,Rainy,1,0,0,0,25,207.0,167.0,243.0,257.85714285714283,263.64285714285717,276.06666666666666,189.0,156
2025-07-31,2025,7,31,3,Thursday,31,3,0,0,6.9,1.4,Cloudy,1,0,0,0,25,461.0,197.0,449.0,219.0,263.07142857142856,267.4,222.0,189
2025-08-01,2025,8,1,4,Friday,31,3,0,0,14.8,0.8,Cloudy,1,0,0,0,25,219.0,163.0,235.0,231.14285714285714,273.14285714285717,269.7,216.0,304
2025-08-02,2025,8,2,5,Saturday,31,3,0,0,14.1,2.7,Cloudy,1,0,0,0,25,310.0,344.0,348.0,231.57142857142858,270.92857142857144,268.53333333333336,144.0,313
2025-08-03,2025,8,3,6,Sunday,31,3,0,0,12.8,0.1,Sunny,1,0,0,0,25,305.0,434.0,300.0,249.85714285714286,270.85714285714283,272.96666666666664,288.0,433
2025-08-04,2025,8,4,0,Monday,32,3,0,0,10.6,1.3,Cloudy,1,0,1,0,25,233.0,310.0,546.0,266.7142857142857,273.7857142857143,266.46666666666664,256.0,351
2025-08-05,2025,8,5,1,Tuesday,32,3,0,0,12.7,0.8,Cloudy,1,0,0,0,25,121.0,231.0,325.0,287.7142857142857,276.42857142857144,264.56666666666666,174.0,268
2025-08-06,2025,8,6,2,Wednesday,32,3,0,0,8.9,5.1,Rainy,1,0,0,0,25,156.0,207.0,190.0,290.7142857142857,274.2857142857143,264.1333333333333,182.0,177
2025-08-07,2025,8,7,3,Thursday,32,3,0,0,13.6,0.0,Sunny,1,0,0,0,25,189.0,461.0,224.0,309.7142857142857,264.35714285714283,267.4,203.0,322
2025-08-08,2025,8,8,4,Friday,32,3,0,0,15.9,1.6,Cloudy,1,0,0,0,25,304.0,219.0,217.0,307.2857142857143,269.2142857142857,269.73333333333335,252.0,287
2025-08-09,2025,8,9,5,Saturday,32,3,0,0,14.2,2.7,Cloudy,1,0,0,0,25,313.0,310.0,322.0,320.0,275.7857142857143,272.4,219.0,402
2025-08-10,2025,8,10,6,Sunday,32,3,0,0,8.8,1.3,Cloudy,1,0,0,0,25,433.0,305.0,250.0,308.0,278.92857142857144,275.7,443.0,349
2025-08-11,2025,8,11,0,Monday,33,3,0,0,12.1,0.2,Sunny,1,0,0,0,25,351.0,233.0,343.0,292.2857142857143,279.5,272.3,292.0,241
2025-08-12,2025,8,12,1,Tuesday,33,3,0,0,7.1,7.2,Rainy,1,0,0,0,25,268.0,121.0,255.0,271.7142857142857,279.7142857142857,267.93333333333334,192.0,124
2025-08-13,2025,8,13,2,Wednesday,33,3,0,0,12.7,1.5,Cloudy,1,0,0,1,20,177.0,156.0,250.0,294.7142857142857,292.7142857142857,270.8666666666667,205.0,338
2025-08-14,2025,8,14,3,Thursday,33,3,0,0,12.4,1.9,Cloudy,1,0,0,1,20,322.0,189.0,170.0,290.85714285714283,300.2857142857143,275.03333333333336,242.0,295
2025-08-15,2025,8,15,4,Friday,33,3,0,0,5.4,0.5,Cloudy,1,0,0,0,25,287.0,304.0,167.0,280.7142857142857,294.0,276.6666666666667,138.0,216
2025-08-16,2025,8,16,5,Saturday,33,3,0,0,7.5,1.3,Cloudy,1,0,0,0,25,402.0,313.0,197.0,260.42857142857144,290.2142857142857,278.76666666666665,208.0,260
2025-08-17,2025,8,17,6,Sunday,33,3,0,0,10.2,1.1,Cloudy,1,0,0,0,25,349.0,433.0,163.0,291.7142857142857,299.85714285714283,292.26666666666665,228.0,568
2025-08-18,2025,8,18,0,Monday,34,3,0,0,10.1,0.2,Sunny,1,0,1,0,25,241.0,351.0,344.0,300.2857142857143,296.2857142857143,290.8333333333333,233.0,301
2025-08-19,2025,8,19,1,Tuesday,34,3,0,0,7.4,0.2,Sunny,1,0,0,0,25,124.0,268.0,434.0,327.7142857142857,299.7142857142857,286.9,201.0,316
2025-08-20,2025,8,20,2,Wednesday,34,3,0,0,12.2,3.6,Cloudy,1,0,0,0,25,338.0,177.0,310.0,314.14285714285717,304.42857142857144,284.6666666666667,153.0,243
2025-08-21,2025,8,21,3,Thursday,34,3,0,0,11.8,0.5,Cloudy,1,0,0,0,25,295.0,322.0,231.0,308.14285714285717,299.5,285.4,173.0,253
2025-08-22,2025,8,22,4,Friday,34,3,0,0,10.4,0.4,Sunny,1,0,0,0,25,216.0,287.0,207.0,330.7142857142857,305.7142857142857,290.96666666666664,109.0,374
2025-08-23,2025,8,23,5,Saturday,34,3,0,0,8.7,1.4,Cloudy,1,0,0,0,25,260.0,402.0,461.0,342.2857142857143,301.35714285714283,286.96666666666664,190.0,341
2025-08-24,2025,8,24,6,Sunday,34,3,0,0,14.1,2.9,Cloudy,1,0,1,0,25,568.0,349.0,219.0,324.42857142857144,308.07142857142856,294.43333333333334,413.0,443
2025-08-25,2025,8,25,0,Monday,35,3,0,0,16.0,0.1,Sunny,1,0,0,0,25,301.0,241.0,310.0,332.14285714285717,316.2142857142857,295.93333333333334,286.0,355
2025-08-26,2025,8,26,1,Tuesday,35,3,0,0,9.5,1.7,Cloudy,1,0,0,0,25,316.0,124.0,305.0,313.42857142857144,320.57142857142856,291.93333333333334,172.0,185
2025-08-27,2025,8,27,2,Wednesday,35,3,0,0,9.2,0.3,Sunny,1,0,0,0,25,243.0,338.0,233.0,314.7142857142857,314.42857142857144,292.56666666666666,148.0,252
2025-08-28,2025,8,28,3,Thursday,35,3,0,0,12.5,0.1,Sunny,1,0,0,0,25,253.0,295.0,121.0,328.7142857142857,318.42857142857144,300.23333333333335,187.0,351
2025-08-29,2025,8,29,4,Friday,35,3,0,0,9.9,0.1,Partly Cloudy,1,0,0,0,25,374.0,216.0,156.0,310.14285714285717,320.42857142857144,303.1666666666667,160.0,244
2025-08-30,2025,8,30,5,Saturday,35,3,0,0,10.6,3.6,Cloudy,1,0,0,1,20,341.0,260.0,189.0,323.14285714285717,332.7142857142857,311.26666666666665,195.0,432
2025-08-31,2025,8,31,6,Sunday,35,3,0,0,13.2,0.3,Sunny,1,0,0,0,25,443.0,568.0,304.0,325.2857142857143,324.85714285714283,316.4,253.0,458
2025-09-01,2025,9,1,0,Monday,36,3,0,0,6.8,0.1,Sunny,0,0,0,0,25,355.0,301.0,313.0,314.0,323.07142857142856,315.1666666666667,474.0,276
2025-09-02,2025,9,2,1,Tuesday,36,3,0,0,16.5,1.2,Cloudy,0,0,0,0,25,185.0,316.0,433.0,312.42857142857144,312.92857142857144,306.53333333333336,328.0,174
2025-09-03,2025,9,3,2,Wednesday,36,3,0,0,12.7,3.7,Cloudy,0,0,0,0,25,252.0,243.0,351.0,312.0,313.35714285714283,303.1333333333333,249.0,249
2025-09-04,2025,9,4,3,Thursday,36,3,0,0,11.3,0.6,Cloudy,0,0,0,0,25,351.0,253.0,268.0,295.14285714285717,311.92857142857144,301.96666666666664,264.0,233
2025-09-05,2025,9,5,4,Friday,36,3,0,0,12.2,1.1,Cloudy,0,0,1,0,25,244.0,374.0,177.0,306.7142857142857,308.42857142857144,306.9,457.0,325
2025-09-06,2025,9,6,5,Saturday,36,3,0,0,12.4,0.1,Sunny,0,0,0,1,20,432.0,341.0,322.0,325.2857142857143,324.2142857142857,314.9,274.0,562
2025-09-07,2025,9,7,6,Sunday,36,3,0,0,7.3,1.2,Cloudy,0,0,0,0,25,458.0,443.0,287.0,307.14285714285717,316.2142857142857,316.3666666666667,629.0,331
2025-09-08,2025,9,8,0,Monday,37,3,0,0,17.0,1.7,Cloudy,0,0,0,0,25,276.0,355.0,402.0,306.7142857142857,310.35714285714283,312.06666666666666,354.0,273
2025-09-09,2025,9,9,1,Tuesday,37,3,0,0,12.6,1.7,Cloudy,0,0,0,0,25,174.0,185.0,349.0,318.7142857142857,315.57142857142856,309.03333333333336,261.0,258
2025-09-10,2025,9,10,2,Wednesday,37,3,0,0,13.8,0.8,Cloudy,0,0,0,0,25,249.0,252.0,241.0,321.57142857142856,316.7857142857143,309.96666666666664,236.0,269
2025-09-11,2025,9,11,3,Thursday,37,3,0,0,15.4,0.8,Cloudy,0,0,0,0,25,233.0,351.0,124.0,323.7142857142857,309.42857142857144,314.1,337.0,248
2025-09-12,2025,9,12,4,Friday,37,3,0,0,9.4,0.2,Partly Cloudy,0,0,0,0,25,325.0,244.0,338.0,312.42857142857144,309.57142857142856,311.03333333333336,309.0,246
2025-09-13,2025,9,13,5,Saturday,37,3,0,0,13.9,0.9,Cloudy,0,0,0,0,25,562.0,432.0,295.0,285.7142857142857,305.5,313.7,300.0,375
2025-09-14,2025,9,14,6,Sunday,37,3,0,0,11.7,0.2,Sunny,0,0,0,0,25,331.0,458.0,216.0,302.42857142857144,304.7857142857143,321.43333333333334,513.0,448
2025-09-15,2025,9,15,0,Monday,38,3,0,0,15.0,2.9,Cloudy,0,0,0,0,25,273.0,276.0,260.0,295.7142857142857,301.2142857142857,320.3,297.0,226
2025-09-16,2025,9,16,1,Tuesday,38,3,0,1,6.1,6.8,Rainy,0,0,0,0,25,258.0,174.0,568.0,285.85714285714283,302.2857142857143,307.6666666666667,437.0,189
2025-09-17,2025,9,17,2,Wednesday,38,3,0,1,12.2,7.0,Rainy,0,0,0,1,20,269.0,249.0,301.0,285.0,303.2857142857143,306.4,506.0,263
2025-09-18,2025,9,18,3,Thursday,38,3,0,1,10.7,4.0,Cloudy,0,0,0,0,25,248.0,233.0,316.0,289.57142857142856,306.64285714285717,305.2,415.0,280
2025-09-19,2025,9,19,4,Friday,38,3,0,1,13.8,1.8,Cloudy,0,0,0,0,25,246.0,325.0,243.0,310.42857142857144,311.42857142857144,310.1666666666667,496.0,392
2025-09-20,2025,9,20,5,Saturday,38,3,0,1,13.9,2.4,Cloudy,0,0,1,0,25,375.0,562.0,253.0,329.85714285714283,307.7857142857143,318.76666666666665,383.0,511
2025-09-21,2025,9,21,6,Sunday,38,3,0,1,10.4,0.7,Cloudy,0,0,1,0,25,448.0,331.0,374.0,352.7142857142857,327.57142857142856,326.56666666666666,650.0,608
2025-09-22,2025,9,22,0,Monday,39,3,0,1,10.4,2.0,Cloudy,0,0,0,0,25,226.0,273.0,341.0,355.57142857142856,325.64285714285717,323.4,369.0,246
2025-09-23,2025,9,23,1,Tuesday,39,3,0,1,12.2,1.2,Cloudy,0,0,0,0,25,189.0,258.0,443.0,367.0,326.42857142857144,317.6,427.0,269
2025-09-24,2025,9,24,2,Wednesday,39,3,0,1,9.8,1.3,Cloudy,0,0,1,0,25,263.0,269.0,355.0,371.2857142857143,328.14285714285717,315.53333333333336,344.0,293
2025-09-25,2025,9,25,3,Thursday,39,3,0,1,15.0,2.8,Cloudy,0,0,0,0,25,280.0,248.0,185.0,382.0,335.7857142857143,321.2,374.0,355
2025-09-26,2025,9,26,4,Friday,39,3,0,1,11.4,0.7,Cloudy,0,0,1,0,25,392.0,246.0,252.0,384.42857142857144,347.42857142857144,326.43333333333334,498.0,409
2025-09-27,2025,9,27,5,Saturday,39,3,0,1,3.8,0.8,Cloudy,0,0,0,0,25,511.0,375.0,351.0,367.0,348.42857142857144,327.7,322.0,389
2025-09-28,2025,9,28,6,Sunday,39,3,0,1,11.4,5.2,Rainy,0,0,0,1,20,608.0,448.0,244.0,326.57142857142856,339.64285714285717,330.4,744.0,325
2025-09-29,2025,9,29,0,Monday,40,3,0,1,9.4,0.1,Sunny,0,0,0,0,25,246.0,226.0,432.0,331.85714285714283,343.7142857142857,325.43333333333334,346.0,283
2025-09-30,2025,9,30,1,Tuesday,40,3,0,1,7.6,1.3,Cloudy,0,0,0,0,25,269.0,189.0,458.0,329.85714285714283,348.42857142857144,318.6666666666667,338.0,255
2025-10-01,2025,10,1,2,Wednesday,40,4,0,1,10.1,4.9,Cloudy,1,0,1,0,25,293.0,263.0,276.0,344.42857142857144,357.85714285714283,322.6333333333333,252.0,395
2025-10-02,2025,10,2,3,Thursday,40,4,0,1,15.4,1.9,Cloudy,1,1,0,1,20,355.0,280.0,174.0,390.2857142857143,386.14285714285717,339.3666666666667,338.0,676
2025-10-03,2025,10,3,4,Friday,40,4,0,0,20.3,1.6,Cloudy,1,1,0,0,25,409.0,392.0,249.0,419.42857142857144,401.92857142857144,351.5,321.0,613
2025-10-04,2025,10,4,5,Saturday,40,4,0,0,16.3,0.6,Cloudy,1,1,0,0,25,389.0,511.0,233.0,446.2857142857143,406.64285714285717,362.96666666666664,509.0,577
2025-10-05,2025,10,5,6,Sunday,40,4,0,0,12.6,0.8,Cloudy,1,1,0,0,25,325.0,608.0,325.0,507.0,416.7857142857143,377.1333333333333,686.0,750
2025-10-06,2025,10,6,0,Monday,41,4,0,0,16.8,3.8,Cloudy,1,1,0,0,25,283.0,246.0,562.0,540.8571428571429,436.35714285714283,375.73333333333335,626.0,520
2025-10-07,2025,10,7,1,Tuesday,41,4,0,0,13.2,1.6,Cloudy,1,1,0,0,25,255.0,269.0,331.0,554.0,441.92857142857144,376.26666666666665,290.0,347
2025-10-08,2025,10,8,2,Wednesday,41,4,0,0,12.2,1.4,Cloudy,1,1,0,0,25,395.0,293.0,273.0,553.7142857142857,449.07142857142856,380.26666666666665,432.0,393
2025-10-09,2025,10,9,3,Thursday,41,4,0,0,10.4,0.2,Partly Cloudy,1,1,0,0,25,676.0,355.0,258.0,510.2857142857143,450.2857142857143,384.06666666666666,549.0,372
2025-10-10,2025,10,10,4,Friday,41,4,0,0,8.0,0.0,Sunny,1,1,0,0,25,613.0,409.0,269.0,492.7142857142857,456.07142857142856,391.43333333333334,498.0,490
2025-10-11,2025,10,11,5,Saturday,41,4,0,0,13.4,6.6,Rainy,1,1,1,0,25,577.0,389.0,248.0,496.85714285714283,471.57142857142856,403.3666666666667,532.0,606
2025-10-12,2025,10,12,6,Sunday,41,4,0,0,15.6,0.9,Cloudy,1,1,0,0,25,750.0,325.0,246.0,475.14285714285717,491.07142857142856,415.1,702.0,598
2025-10-13,2025,10,13,0,Monday,42,4,0,0,14.6,1.8,Cloudy,1,1,0,0,25,520.0,283.0,375.0,469.14285714285717,505.0,418.53333333333336,543.0,478
2025-10-14,2025,10,14,1,Tuesday,42,4,0,0,13.3,0.2,Sunny,1,1,0,0,25,347.0,255.0,448.0,482.7142857142857,518.3571428571429,418.3333333333333,465.0,442
2025-10-15,2025,10,15,2,Wednesday,42,4,0,0,11.2,2.3,Cloudy,1,1,0,0,25,393.0,395.0,226.0,496.0,524.8571428571429,427.0,329.0,486
2025-10-16,2025,10,16,3,Thursday,42,4,0,0,17.4,5.4,Rainy,1,1,0,0,25,372.0,676.0,189.0,488.42857142857144,499.35714285714283,431.3333333333333,412.0,319
2025-10-17,2025,10,17,4,Friday,42,4,0,0,9.7,1.7,Cloudy,1,1,0,0,25,490.0,613.0,263.0,479.7142857142857,486.2142857142857,436.8666666666667,463.0,429
2025-10-18,2025,10,18,5,Saturday,42,4,0,0,18.1,0.3,Sunny,1,1,1,0,25,606.0,577.0,280.0,527.5714285714286,512.2142857142857,458.9,1200.0,941
2025-10-19,2025,10,19,6,Sunday,42,4,0,0,11.0,1.7,Cloudy,1,1,0,0,25,598.0,750.0,392.0,518.4285714285714,496.7857142857143,463.6333333333333,630.0,534
2025-10-20,2025,10,20,0,Monday,43,4,0,0,12.0,2.9,Cloudy,1,0,1,0,25,478.0,520.0,511.0,496.0,482.57142857142856,457.3,610.0,321
2025-10-21,2025,10,21,1,Tuesday,43,4,0,0,9.1,1.0,Cloudy,1,0,0,0,25,442.0,347.0,608.0,474.2857142857143,478.5,446.7,319.0,290
2025-10-22,2025,10,22,2,Wednesday,43,4,0,0,13.0,4.2,Cloudy,1,0,0,0,25,486.0,393.0,246.0,452.2857142857143,474.14285714285717,449.56666666666666,464.0,332
2025-10-23,2025,10,23,3,Thursday,43,4,0,0,18.9,2.1,Cloudy,1,0,0,0,25,319.0,372.0,269.0,460.0,474.2142857142857,453.03333333333336,344.0,373
2025-10-24,2025,10,24,4,Friday,43,4,0,0,17.1,4.6,Cloudy,1,0,0,1,20,429.0,490.0,293.0,462.85714285714283,471.2857142857143,458.23333333333335,291.0,449
2025-10-25,2025,10,25,5,Saturday,43,4,0,0,18.9,2.0,Cloudy,1,0,0,0,25,941.0,606.0,355.0,396.42857142857144,462.0,462.26666666666665,367.0,476
2025-10-26,2025,10,26,6,Sunday,43,4,0,0,17.1,0.3,Sunny,1,0,0,1,20,534.0,598.0,409.0,397.42857142857144,457.92857142857144,466.6666666666667,478.0,541
2025-10-27,2025,10,27,0,Monday,44,4,0,0,10.6,0.7,Cloudy,1,0,0,0,25,321.0,478.0,389.0,396.42857142857144,446.2142857142857,464.1666666666667,399.0,314
2025-10-28,2025,10,28,1,Tuesday,44,4,0,0,13.7,0.5,Cloudy,1,0,0,0,25,290.0,442.0,325.0,398.57142857142856,436.42857142857144,463.5,305.0,305
2025-10-29,2025,10,29,2,Wednesday,44,4,0,0,11.9,4.8,Cloudy,1,0,0,0,25,332.0,486.0,283.0,407.0,429.64285714285717,467.1,266.0,391
2025-10-30,2025,10,30,3,Thursday,44,4,0,0,20.3,2.9,Cloudy,1,0,1,0,25,373.0,319.0,255.0,421.57142857142856,440.7857142857143,474.43333333333334,326.0,475
2025-10-31,2025,10,31,4,Friday,44,4,0,0,10.2,2.3,Cloudy,1,0,0,1,20,449.0,429.0,395.0,430.57142857142856,446.7142857142857,478.3333333333333,279.0,512
2025-11-01,2025,11,1,5,Saturday,44,4,0,0,20.6,0.7,Cloudy,1,0,1,0,25,476.0,941.0,676.0,466.0,431.2142857142857,479.93333333333334,538.0,724
2025-11-02,2025,11,2,6,Sunday,44,4,0,0,20.6,0.4,Sunny,1,0,0,0,25,541.0,534.0,613.0,482.0,439.7142857142857,481.26666666666665,413.0,653
2025-11-03,2025,11,3,0,Monday,45,4,0,0,24.3,2.8,Cloudy,1,0,0,0,25,314.0,321.0,577.0,488.42857142857144,442.42857142857144,474.0,519.0,359
2025-11-04,2025,11,4,1,Tuesday,45,4,1,0,15.4,1.3,Cloudy,1,0,0,0,25,305.0,290.0,750.0,518.5714285714286,458.57142857142856,466.2,355.0,516
2025-11-05,2025,11,5,2,Wednesday,45,4,0,0,19.8,0.5,Cloudy,1,0,1,0,25,391.0,332.0,520.0,513.1428571428571,460.07142857142856,460.6333333333333,637.0,353
2025-11-06,2025,11,6,3,Thursday,45,4,0,0,26.1,1.9,Cloudy,1,0,0,0,25,475.0,373.0,347.0,494.57142857142856,458.07142857142856,460.56666666666666,329.0,345
2025-11-07,2025,11,7,4,Friday,45,4,0,0,14.5,0.1,Partly Cloudy,1,0,0,0,25,512.0,449.0,393.0,482.0,456.2857142857143,461.6,429.0,424
2025-11-08,2025,11,8,5,Saturday,45,4,0,0,10.9,0.8,Cloudy,1,0,0,1,20,724.0,476.0,372.0,483.14285714285717,474.57142857142856,473.6,364.0,732
2025-11-09,2025,11,9,6,Sunday,45,4,0,0,9.5,1.3,Cloudy,1,0,0,0,25,653.0,541.0,490.0,434.7142857142857,458.35714285714283,467.73333333333335,610.0,314
2025-11-10,2025,11,10,0,Monday,46,4,0,0,19.9,0.3,Sunny,1,0,0,0,25,359.0,314.0,606.0,456.57142857142856,472.5,464.6,409.0,512
2025-11-11,2025,11,11,1,Tuesday,46,4,0,0,9.5,8.4,Rainy,1,0,0,0,25,516.0,305.0,598.0,409.42857142857144,464.0,450.8666666666667,414.0,186
2025-11-12,2025,11,12,2,Wednesday,46,4,0,0,15.5,0.5,Cloudy,1,0,0,0,25,353.0,391.0,478.0,400.2857142857143,456.7142857142857,444.56666666666666,410.0,289
2025-11-13,2025,11,13,3,Thursday,46,4,0,0,18.7,0.3,Partly Cloudy,1,0,0,0,25,345.0,475.0,442.0,416.2857142857143,455.42857142857144,445.06666666666666,394.0,457
2025-11-14,2025,11,14,4,Friday,46,4,0,0,17.7,0.5,Cloudy,1,0,0,0,25,424.0,512.0,486.0,416.85714285714283,449.42857142857144,443.1333333333333,427.0,428
2025-11-15,2025,11,15,5,Saturday,46,4,0,0,18.7,2.9,Cloudy,1,0,0,1,20,732.0,724.0,319.0,413.14285714285717,448.14285714285717,456.03333333333336,430.0,706
2025-11-16,2025,11,16,6,Sunday,46,4,0,0,17.9,1.1,Cloudy,1,0,0,0,25,314.0,653.0,429.0,445.2857142857143,440.0,459.7,533.0,539
2025-11-17,2025,11,17,0,Monday,47,4,0,0,22.1,1.7,Cloudy,1,0,1,0,25,512.0,359.0,941.0,455.57142857142856,456.07142857142856,447.8,564.0,584
2025-11-18,2025,11,18,1,Tuesday,47,4,0,0,13.2,0.0,Sunny,1,0,0,0,25,186.0,516.0,534.0,493.42857142857144,451.42857142857144,445.03333333333336,209.0,451
2025-11-19,2025,11,19,2,Wednesday,47,4,0,0,14.3,0.1,Partly Cloudy,1,0,1,0,25,289.0,353.0,321.0,513.8571428571429,457.07142857142856,448.73333333333335,198.0,432
2025-11-20,2025,11,20,3,Thursday,47,4,0,0,13.9,1.2,Cloudy,1,0,0,0,25,457.0,345.0,290.0,502.42857142857144,459.35714285714283,451.6333333333333,325.0,377
2025-11-21,2025,11,21,4,Friday,47,4,0,0,20.3,3.4,Cloudy,1,0,0,0,25,428.0,424.0,332.0,515.5714285714286,466.2142857142857,457.9,633.0,520
2025-11-22,2025,11,22,5,Saturday,47,4,0,0,20.6,4.3,Cloudy,1,0,0,0,25,706.0,732.0,373.0,491.0,452.07142857142856,463.26666666666665,347.0,534
2025-11-23,2025,11,23,6,Sunday,47,4,0,0,18.8,0.2,Sunny,1,0,1,1,20,539.0,314.0,449.0,527.0,486.14285714285717,474.6666666666667,726.0,791
2025-11-24,2025,11,24,0,Monday,48,4,0,0,21.7,1.5,Cloudy,1,0,0,0,25,584.0,512.0,476.0,499.7142857142857,477.64285714285717,471.9,420.0,393
2025-11-25,2025,11,25,1,Tuesday,48,4,0,0,12.3,4.9,Cloudy,1,0,1,0,25,451.0,186.0,541.0,476.42857142857144,484.92857142857144,463.46666666666664,293.0,288
2025-11-26,2025,11,26,2,Wednesday,48,4,0,0,23.7,1.0,Cloudy,1,0,1,0,25,432.0,289.0,314.0,481.2857142857143,497.57142857142856,468.53333333333336,216.0,466
2025-11-27,2025,11,27,3,Thursday,48,4,0,0,23.1,3.5,Cloudy,1,0,0,0,25,377.0,457.0,305.0,473.57142857142856,488.0,469.1333333333333,279.0,323
2025-11-28,2025,11,28,4,Friday,48,4,0,0,19.9,0.3,Sunny,1,0,0,0,25,520.0,428.0,391.0,470.85714285714283,493.2142857142857,472.8,197.0,501
2025-11-29,2025,11,29,5,Saturday,48,4,0,0,24.1,5.5,Rainy,1,0,0,0,25,534.0,706.0,475.0,454.14285714285717,472.57142857142856,470.8666666666667,330.0,417
2025-11-30,2025,11,30,6,Sunday,48,4,0,0,10.4,2.8,Cloudy,1,0,0,0,25,791.0,539.0,512.0,407.42857142857144,467.2142857142857,469.26666666666665,659.0,464
2025-12-01,2025,12,1,0,Monday,49,4,0,0,16.9,5.7,Rainy,1,0,0,0,25,393.0,584.0,724.0,405.42857142857144,452.57142857142856,457.76666666666665,416.0,379
2025-12-02,2025,12,2,1,Tuesday,49,4,0,0,15.8,2.3,Cloudy,1,0,1,0,25,288.0,451.0,653.0,419.14285714285717,447.7857142857143,448.8,371.0,384
2025-12-03,2025,12,3,2,Wednesday,49,4,0,0,23.1,0.9,Cloudy,1,0,0,0,25,466.0,432.0,359.0,431.2857142857143,456.2857142857143,455.2,274.0,551
2025-12-04,2025,12,4,3,Thursday,49,4,0,0,14.2,5.6,Rainy,1,0,0,0,25,323.0,377.0,516.0,435.0,454.2857142857143,449.6333333333333,394.0,349
2025-12-05,2025,12,5,4,Friday,49,4,0,0,23.3,0.6,Cloudy,1,0,0,0,25,501.0,520.0,353.0,425.57142857142856,448.2142857142857,452.3666666666667,408.0,435
2025-12-06,2025,12,6,5,Saturday,49,4,0,0,26.4,0.8,Cloudy,1,0,0,0,25,417.0,534.0,345.0,483.2857142857143,468.7142857142857,468.23333333333335,437.0,821
2025-12-07,2025,12,7,6,Sunday,49,4,0,0,23.0,2.4,Cloudy,1,0,0,0,25,464.0,791.0,424.0,514.1428571428571,460.7857142857143,476.76666666666665,488.0,680
2025-12-08,2025,12,8,0,Monday,50,4,0,0,20.9,2.9,Cloudy,1,0,0,0,25,379.0,393.0,732.0,523.0,464.2142857142857,467.06666666666666,615.0,441
2025-12-09,2025,12,9,1,Tuesday,50,4,0,0,14.6,5.3,Rainy,1,0,0,0,25,384.0,288.0,314.0,503.57142857142856,461.35714285714283,464.8666666666667,410.0,248
2025-12-10,2025,12,10,2,Wednesday,50,4,0,0,15.3,0.5,Cloudy,1,0,0,0,25,551.0,466.0,512.0,483.14285714285717,457.2142857142857,461.4,440.0,408
2025-12-11,2025,12,11,3,Thursday,50,4,0,0,25.7,3.2,Cloudy,1,0,0,0,25,349.0,323.0,186.0,495.0,465.0,469.6,356.0,432
2025-12-12,2025,12,12,4,Friday,50,4,0,0,23.4,2.7,Cloudy,1,0,0,0,25,435.0,501.0,289.0,512.1428571428571,468.85714285714283,478.46666666666664,467.0,555
2025-12-13,2025,12,13,5,Saturday,50,4,0,0,19.3,0.1,Sunny,1,0,0,0,25,821.0,417.0,457.0,502.7142857142857,493.0,488.4,574.0,755
2025-12-14,2025,12,14,6,Sunday,50,4,0,0,17.4,1.0,Cloudy,1,0,0,0,25,680.0,464.0,428.0,497.14285714285717,505.64285714285717,495.5,531.0,641
2025-12-15,2025,12,15,0,Monday,51,4,0,0,9.4,0.7,Cloudy,1,0,0,0,25,441.0,379.0,706.0,483.85714285714283,503.42857142857144,483.56666666666666,422.0,348
2025-12-16,2025,12,16,1,Tuesday,51,4,0,0,14.1,0.7,Cloudy,1,0,1,0,25,248.0,384.0,539.0,499.57142857142856,501.57142857142856,477.53333333333336,350.0,358
2025-12-17,2025,12,17,2,Wednesday,51,4,0,0,29.1,8.1,Rainy,1,0,0,0,25,408.0,551.0,584.0,484.7142857142857,483.92857142857144,468.2,351.0,304
2025-12-18,2025,12,18,3,Thursday,51,4,0,1,13.1,2.1,Cloudy,1,0,1,0,25,432.0,349.0,451.0,490.14285714285717,492.57142857142856,468.8333333333333,416.0,470
2025-12-19,2025,12,19,4,Friday,51,4,0,1,20.4,2.5,Cloudy,1,0,0,0,25,555.0,435.0,432.0,517.1428571428571,514.6428571428571,479.23333333333335,491.0,744
2025-12-20,2025,12,20,5,Saturday,51,4,0,1,24.5,7.5,Rainy,1,0,0,0,25,755.0,821.0,377.0,484.14285714285717,493.42857142857144,484.1333333333333,491.0,524
2025-12-21,2025,12,21,6,Sunday,51,4,0,1,13.2,0.9,Cloudy,0,0,0,0,25,641.0,680.0,520.0,482.85714285714283,490.0,487.8666666666667,346.0,632
2025-12-22,2025,12,22,0,Monday,52,4,0,1,20.4,3.2,Cloudy,0,0,0,0,25,348.0,441.0,534.0,518.1428571428571,501.0,489.9,470.0,595
2025-12-23,2025,12,23,1,Tuesday,52,4,0,1,24.2,1.1,Cloudy,0,0,0,0,25,358.0,248.0,791.0,520.4285714285714,510.0,476.0,406.0,374
2025-12-24,2025,12,24,2,Wednesday,52,4,0,1,19.6,4.1,Cloudy,0,0,0,0,25,304.0,408.0,393.0,547.2857142857143,516.0,479.3,605.0,492
2025-12-25,2025,12,25,3,Thursday,52,4,1,1,33.8,0.4,Partly Cloudy,0,0,1,0,25,470.0,432.0,288.0,586.2857142857143,538.2142857142857,494.46666666666664,1019.0,743
2025-12-26,2025,12,26,4,Friday,52,4,1,1,11.2,5.9,Rainy,0,0,1,0,25,744.0,555.0,466.0,589.1428571428571,553.1428571428571,504.4,830.0,764
2025-12-27,2025,12,27,5,Saturday,52,4,0,1,24.8,0.5,Cloudy,0,0,0,0,25,524.0,755.0,323.0,602.4285714285714,543.2857142857143,514.2,453.0,617
2025-12-28,2025,12,28,6,Sunday,52,4,0,1,18.6,0.8,Cloudy,0,0,0,0,25,632.0,641.0,501.0,591.8571428571429,537.3571428571429,516.1,823.0,558
2025-12-29,2025,12,29,0,Monday,1,4,0,1,23.4,2.8,Cloudy,0,0,0,0,25,595.0,348.0,417.0,586.2857142857143,552.2142857142857,520.7333333333333,450.0,556
2025-12-30,2025,12,30,1,Tuesday,1,4,0,1,21.7,1.0,Cloudy,0,0,0,0,25,374.0,358.0,464.0,598.5714285714286,559.5,520.6,290.0,460
2025-12-31,2025,12,31,2,Wednesday,1,4,0,1,15.8,1.9,Cloudy,0,0,0,1,20,492.0,304.0,379.0,595.7142857142857,571.5,523.7,313.0,472
